 order_id ,date,Product,qty,unit_price,TOTAL ,customer_name
ORD49881,03-Aug-24,Gadget Y,7,"5,49",38.43,Maria Patel
ORD53937,06/07/2024,Gadget Y,10,5.49,54.90,Zain Garcia
ORD54761,22/11/2024,Widget B,3, 19.99 ,62.97,Maria Hussain
ORD92182,2024-10-08,Service Plan,5,$49.99,$249.95,Noor Garcia
ORD50165,19-Sep-24,Gadget X,4,7,$22.40,Zain Khan
ORD19285,16/08/2024,Widget B,4,$21.99,$87.96,Ali Chen
ORD45975,2024-09-24,Widget B,2,19,39.98,Fatima Garcia
ORD52882,23-Jul-24,Widget B,9,$17.99,$153.82,Omar Iqbal
ORD61531,28-Oct-24,Service Plan,3,$44.99, 134.97 ,Maria Chen
ORD73034,10-20-2024,Widget A,10,$12.50,118.75,Maria Khan
ORD46832,"Dec 18, 2024",Gadget Y,1,$5.49,5,Omar Hussain  
ORD34030,11/08/2024,Widget B,1,$19.99,"18,99",Maria Lee
ORD56840,06-04-2024,Service Plan,5,44,224,Fatima Iqbal
ORD22581,2024-12-13,Gadget Y,10,$6.04,$60.39,Omar Khan
ORD57852,04-Nov-24,Widget B,9,"19,99",$170.91,Maria Khan
ORD71572,06/08/2024,Widget B,2, 19.99 , 39.98 ,Sara Chen
ORD98040,10-14-2024,Widget A,3,12.50,$37.50,Hassan Hussain
ORD78934,"Jun 26, 2024",Service Plan,1,44,44,Omar Reyes
ORD18262,2024-10-13,Gadget X,2,6, 15.12 ,John Khan
ORD91964,10-30-2024,Service Plan,7, 54.99 ,"384,92",Omar Khan
ORD49956,"Dec 28, 2024",Widget A,2,$13.75,27.50,Hassan Ahmed
ORD82479,2024-11-15,Gadget Y,2,5.49,10,Sara Reyes
ORD17955,12-Sep-24,Widget A,2,"12,50", 26.25 ,John Lee
ORD10117,2024-06-02,Gadget X,4,7.00,"28,00",Omar Iqbal
ORD89903,13-Oct-24,Gadget Y,8,"4,94",$39.53,Ali Patel
ORD16558,11/12/2024,Service Plan,8,49,"399,92",Hassan Khan
ORD10284,10-Aug-24,Service Plan,4,44.99, 143.97 ,Ayesha Iqbal
ORD28842,30/08/2024,Service Plan,9,54.99,494,Omar Lee
ORD12866,11-06-2024,Gadget Y,3,"5,49",16,Ali Patel
ORD64154,18/11/2024,Service Plan,10,49.99, 599.88 ,Sara Hussain
ORD88348,"Jul 22, 2024",Gadget X,10,7.00, 56.00 ,Ayesha Iqbal
ORD50646,23/08/2024,Widget B,7,$19.99,139,Ayesha Reyes
ORD49348,09/10/2024,Gadget Y,7, 5.49 , 38.43 ,Sara Reyes
ORD91337,"Nov 01, 2024",Gadget X,1,7.00,7.00,Sara Iqbal
ORD72698,"Oct 16, 2024",Service Plan,4,"49,99",199.96,Sara Patel
ORD74589,06-15-2024,Widget B,3,19,59.97,Sara Smith  
ORD19420,20-Aug-24,Service Plan,5,"54,99",274,Fatima Hussain
ORD89835,"Sep 27, 2024",Gadget Y,5,"5,49","26,08",Ayesha Lee
ORD58730,15-Jun-24,Gadget X,3,7, 21.00 ,Maria Patel
ORD47720,2024-11-02,Widget A,1,$11.25,11,Maria Khan
ORD13180,2024-12-25,Widget B,3,19.99, 59.97 ,Fatima Hussain
ORD39619,13-Sep-24,Gadget X,1, 7.00 , 7.00 ,Zain Garcia
ORD99582,"Nov 22, 2024",Service Plan,8,"49,99","419,92",Fatima Lee
ORD87118,"Nov 09, 2024",Service Plan,7,"49,99",$349.93,Fatima Khan
ORD47748,"Jun 02, 2024",Gadget X,4, 7.00 ,$29.40,Omar Garcia
ORD35075,21/09/2024,Gadget Y,4, 5.49 ,21,Maria Hussain
ORD55357,10-14-2024,Service Plan,5,49, 249.95 ,Fatima Lee
ORD53533,12-14-2024,Service Plan,3,49.99,$142.47,Ayesha Hussain  
ORD81774,2024-10-13,Widget B,7,"19,99",$139.93,Maria Reyes
ORD84038,"Dec 13, 2024",Gadget Y,9,"6,04", 54.35 ,John Chen
ORD64608,"Dec 29, 2024",Widget A,2, 12.50 ,$25.00,Hassan Hussain
ORD50745,03/06/2024,Gadget X,10,"7,00",$70.00,Zain Reyes
ORD73155,17-Sep-24,WIDGET A,3,$13.75,41.25,Omar Garcia
ORD70924,11-20-2024,Widget A,2,12.50,25,Ayesha Smith
ORD59984,2024-07-25,Gadget Y,3,"5,49",16,Zain Smith
ORD73531,2024-08-21,Service Plan,9, 54.99 ,494.90,Maria Iqbal
ORD86802,02/10/2024,Gadget X,8,"7,00",56,Ali Lee
ORD46108,12-09-2024,Widget B,1, 17.99 ,17,Ayesha Patel
ORD34290,09-08-2024,Gadget Y,5,5,27.45,Ayesha Iqbal
ORD47493,10-11-2024,Gadget X,4, 7.00 ,28,Sara Smith  
ORD85394,13/10/2024,Gadget X,9,$7.00,"63,00",Noor Lee
ORD15515,18-Sep-24,Widget A,9,12,"112,50",John Iqbal
ORD76799,2024-07-14,Widget B,2, 19.99 , 39.98 ,Ali Khan
ORD26117,2024-12-10,GADGET X,10,6,63,Zain Iqbal
ORD85612,"Nov 06, 2024",Service Plan,4,49.99,199,Noor Ahmed
ORD33104,2024-12-23,Widget A,5,12,$62.50,Noor Hussain
ORD45906,10-22-2024,Gadget Y,6, 5.49 ,"32,94",Noor Chen
ORD69335,24/09/2024,Widget B,2,19.99,$39.98,Zain Smith
ORD98671,06-22-2024,WIDGET B,5,"19,99",119,Hassan Chen
ORD85314,11-13-2024,Gadget X,7,$7.70,"53,90",Ayesha Ahmed
ORD47065,2024-09-25,Service Plan,6,$49.99,284.94,Ali Chen
ORD46209,"Nov 10, 2024",Gadget X,1,$7.70,7,Omar Hussain
ORD76288,2024-11-12,Service Plan,5, 54.99 ,274,Ayesha Hussain
ORD53877,2024-07-07,Service Plan,10,$49.99,499.90,Ali Hussain
ORD61300,08/08/2024,Widget A,3,"13,75", 41.25 ,Ali Lee
ORD31375,10-25-2024,Widget B,10,19,199.90,Ali Reyes
ORD87870,2024-12-27,Widget A,6,12, 75.00 ,Noor Iqbal
ORD91949,08-22-2024,WIDGET B,7,$19.99,146.93,Ayesha Ahmed
ORD19495,26/11/2024,Gadget Y,3, 5.49 ,16,Noor Garcia
ORD63291,2024-12-26,Gadget X,3,$7.00,21,Ayesha Reyes
ORD62232,10-07-2024,Widget B,8,$19.99,159.92,Zain Smith
ORD14673,08/11/2024,Service Plan,2,"49,99",99.98,Zain Reyes
ORD64540,2024-08-05,Widget A,2,$11.25, 22.50 ,Ayesha Hussain
ORD39863,2024-08-11,Gadget Y,3,5.49, 16.47 ,Hassan Smith
ORD65240,08/08/2024,Service Plan,8,54.99,$439.91,Hassan Hussain
ORD52991,"Aug 20, 2024",Gadget Y,2, 6.04 ,12,Fatima Patel
ORD46825,25/06/2024,Widget A,6,"11,25",67.50,Hassan Smith
ORD13870,2024-08-25,Service Plan,10,"49,99",499,Noor Smith
ORD48724,"Dec 24, 2024",Service Plan,4,49,$199.96,Maria Iqbal
ORD19756,09-07-2024,WIDGET B,8,"19,99","151,92",John Chen
ORD14511,06-27-2024,Widget A, 5 ,11,$56.25,Maria Iqbal
ORD52430,2024-07-05,Gadget X,2,7,14.00,Zain Lee
ORD15060,02/06/2024,Gadget Y,5,5.49,27,Noor Ahmed
ORD26009,29/08/2024,Service Plan,6, 44.99 , 269.95 ,Maria Chen
ORD55434,"Oct 26, 2024",Gadget Y,1,5.49,5,Maria Khan
ORD25012,2024-12-23,GADGET X,3,6, 15.12 ,Ali Patel
ORD96359,2024-12-10,Service Plan,6,49.99,299,Maria Garcia
ORD28107,10-05-2024,GADGET X,1,7, 7.00 ,Omar Patel
ORD55467,"Sep 08, 2024",Gadget X,3,7,21,Noor Hussain
ORD61904,"Dec 25, 2024",Widget A,2,$13.75,$22.00,Fatima Lee
ORD84233,02-Jun-24,Widget B,7,21,146,Hassan Chen
ORD64255,21-Sep-24,Widget A,9, 12.50 ,112,Fatima Iqbal
ORD93016,14/11/2024,Gadget Y,3,5,16.47,Sara Iqbal
ORD54342,14-Jun-24,WIDGET A,4,12.50,50.00,Maria Lee
ORD51706,26-Oct-24,Gadget Y,1,"5,49",5,Omar Khan
ORD38980,"Jul 29, 2024",Gadget X,1,7,"7,70",Ali Iqbal
ORD54965,2024-10-14,Service Plan,3,44.99, 134.97 ,Zain Chen
ORD86596,06-20-2024,GADGET Y,7,5.49,"38,43",Fatima Reyes
ORD47927,02-Jun-24,Gadget X,8,7,$56.00,Fatima Garcia
ORD68547,"Sep 15, 2024",Service Plan,1,49.99, 49.99 ,Ayesha Hussain
ORD73886,2024-09-01,Widget A,4,11.25,45.00,Ayesha Khan  
ORD16713,23/12/2024,Service Plan,7,44.99,251.95,Fatima Chen
ORD55533,2024-06-06,Gadget Y,10,5,54,John Ahmed
ORD87903,"Jul 26, 2024",Widget A,7, 13.75 ,96,Fatima Khan
ORD65915,16-Jul-24,Service Plan,6,$54.99,329,Ayesha Garcia
ORD97938,2024-10-26,Widget B,3, 21.99 ,"65,97",Maria Garcia
ORD13322,08/12/2024,Gadget X,5, 7.70 ,38,Zain Chen
ORD77546,12-13-2024,Gadget X, 8 ,"7,70",61.60,Maria Iqbal
ORD86059,09/09/2024,Gadget Y,1,4,4,John Smith
ORD69318,14/12/2024,Widget A,3,11,33,Fatima Lee
ORD48425,09-04-2024,Service Plan,1, 49.99 ,"49,99",Fatima Iqbal
ORD11956,29-Oct-24,Gadget Y,10,$5.49, 52.16 ,Noor Reyes
ORD67937,2024-11-23,WIDGET A,1,11,11.25,Noor Garcia
ORD86582,"Jun 11, 2024",Gadget X,3, 7.00 ,"21,00",Ayesha Reyes
ORD82425,2024-09-17,Widget B,2,"19,99",39,Omar Chen
ORD42684,31-Jul-24,Service Plan,1,"49,99","49,99",Sara Ahmed
ORD16938,16/09/2024,Gadget Y,6, 5.49 , 34.59 ,Fatima Khan
ORD60728,06-09-2024,Widget A,4,$12.50, 50.00 ,Fatima Hussain
ORD42674,"Nov 29, 2024",Gadget Y,4,4,18.78,Ali Smith  
ORD45747,11-03-2024,Gadget Y,7,4,34,Maria Lee
ORD82965,09-27-2024,Gadget X,3,"7,00","21,00",Fatima Ahmed
ORD28819,08/10/2024,Service Plan,3, 49.99 ,157.47,Omar Iqbal
ORD18211,28-Jun-24,WIDGET A,4,11,47.25,Omar Chen
ORD87169,"Jun 23, 2024",Gadget X,2,"7,00",11,Hassan Iqbal
ORD33619,06-Aug-24,Gadget X,9,"7,70", 69.30 ,Hassan Reyes
ORD43291,"Aug 18, 2024",Widget A,1,12.50,12.50,Omar Garcia
ORD21828,"Dec 29, 2024",Gadget X,2,$7.70,$15.40,Noor Smith
ORD13982,11-17-2024,Gadget X,7,$7.00, 58.80 ,Hassan Lee
ORD52651,01-Jun-24,Gadget Y,2, 5.49 ,10.98,Omar Iqbal
ORD21534,2024-09-25,Widget A,1, 13.75 ,13,Fatima Smith
ORD51816,07-Jun-24,Service Plan,10, 49.99 , 499.90 ,Zain Lee
ORD84697,07/07/2024,Gadget Y,4,"5,49", 21.96 ,Noor Reyes
ORD50933,05-Jul-24,Service Plan,6,44.99,215,Fatima Patel
ORD80643,11-06-2024,Widget B, 9 ,$19.99,$179.91,Hassan Chen
ORD43303,27/11/2024,Service Plan,4, 54.99 ,219,Maria Iqbal
ORD93856,06-Jun-24,Widget B,3,"19,99",59,Hassan Chen
ORD56935,2024-06-27,Gadget X,2,7.00,$14.00,Omar Smith
ORD81189,2024-12-03,Service Plan,2,49.99,99,Noor Iqbal
ORD19394,08-28-2024,Widget B,7,"17,99",125,Ali Ahmed
ORD10234,11-05-2024,Widget B,6,19, 119.94 ,Ayesha Chen
ORD15428,12-06-2024,Gadget Y,1,$4.94, 4.94 ,Ayesha Hussain
ORD51552,"Jun 05, 2024",Gadget Y,10, 5.49 ,54.90,Ayesha Garcia
ORD29201,16/09/2024,Gadget X,3, 7.00 ,"21,00",John Garcia
ORD72312,21/08/2024,Widget A,9,12,112.50,Noor Reyes
ORD29047,2024-12-29,Gadget X,3, 7.70 ,"23,10",Sara Hussain
ORD80167,11-10-2024,Widget B,9,"19,99",$179.91,Ali Iqbal
ORD17938,30/09/2024,WIDGET B,9,"21,99",$207.80,Zain Hussain
ORD96960,11-30-2024,Service Plan,5,49,"199,96",John Lee
ORD64102,10-Jun-24,Widget A,6, 12.50 ,75.00,Noor Lee
ORD93801,2024-12-20,Gadget Y,4,5.49, 21.96 ,John Khan
ORD78755,10-Oct-24,Widget B,6, 19.99 ,119,Omar Lee
ORD93608,06/07/2024,Gadget Y,9,5,49.41,Ayesha Khan
ORD57806,"Sep 16, 2024",Gadget X,10,7.70,"77,00",Sara Hussain
ORD27569,"Dec 20, 2024",Widget B,1,"19,99",15.99,Noor Ahmed
ORD65680,2024-09-20,Widget B,2,19,$39.98,John Lee
ORD33365,26/12/2024,Service Plan,7,"44,99",$314.94,Omar Iqbal
ORD17275,12-19-2024,Gadget X,9, 7.00 ,"63,00",Ayesha Garcia
ORD12211,2024-09-22,WIDGET A,4,12.50,$52.50,Ayesha Smith
ORD76617,11-23-2024,Gadget Y,9, 5.49 ,49.41,Maria Reyes
ORD90657,09-30-2024,Gadget Y,1,5,4,Omar Iqbal
ORD46292,22-Dec-24,Widget B,6, 19.99 ,$119.94,Sara Chen
ORD45214,"Jun 28, 2024",Gadget Y,9,5.49,49,Omar Ahmed
ORD10752,04-Jul-24,WIDGET B,2,17.99,"35,98",John Reyes
ORD31388,"Oct 17, 2024",Gadget X,9,"7,70",69.30,Hassan Chen
ORD50801,07-24-2024,Gadget Y,8,5.49,43.92,Ali Hussain
ORD95715,30/09/2024,Widget B,10,19,199,Hassan Lee
ORD71667,26-Nov-24,Gadget X,2,7,$14.00,Noor Chen  
ORD94903,15-Jun-24,Service Plan,3,"54,99",164,Hassan Iqbal
ORD70628,06-11-2024,Service Plan,6,54,395.92,Fatima Reyes
ORD57525,"Jul 17, 2024",Gadget X,2,"6,30","12,60",Sara Chen
ORD38102,11-15-2024,Gadget X,3,"7,00",$21.00,Hassan Garcia
ORD72560,19-Jun-24,SERVICE PLAN,7, 49.99 ,349.93,Noor Ahmed  
ORD67259,28/12/2024,Widget A,8,12,$100.00,John Khan
ORD96215,08-17-2024,Widget B,2,"21,99",$43.98,Hassan Ahmed
ORD76535,05-Jul-24,SERVICE PLAN,3,$49.99,179,Noor Hussain
ORD50621,"Jul 29, 2024",Gadget Y,6, 5.49 ,32,Zain Reyes
ORD65108,2024-06-20,Widget B,3,19.99, 62.97 ,Sara Iqbal
ORD20130,01-Nov-24,Gadget Y,2,$4.94,$9.88,Noor Chen
ORD39834,2024-11-08,Widget B,4,"19,99",79.96,John Reyes
ORD67190,"Dec 13, 2024",Service Plan,4,$49.99, 209.96 ,Omar Garcia
ORD43218,2024-10-23,Widget A,9,12,$112.50,Ayesha Ahmed
ORD76032,12-02-2024,Gadget Y,4,$4.94,15,Noor Smith
ORD72334,18-Oct-24,GADGET Y,5,4.94,$23.47,Ali Iqbal  
ORD63367,"Nov 09, 2024",Gadget X,10, 7.00 ,$70.00,Omar Lee
ORD90108,"Sep 23, 2024",Service Plan,1,$44.99,44,Ali Chen  
ORD43487,08-30-2024,Service Plan,10,44,"449,91",John Patel
ORD79255,"Jul 20, 2024",Gadget X,1,7,7.00,Hassan Khan
ORD36345,18/08/2024,GADGET Y,9,5.49, 59.29 ,Maria Reyes
ORD20520,06-19-2024,Widget A,7,12.50,"87,50",Maria Iqbal
ORD76347,22/06/2024,Gadget Y,4,$6.04,24,Sara Patel
ORD74543,2024-11-03,Service Plan,2,49,"99,98",Zain Patel
ORD26173,21-Sep-24,Gadget X,9,$7.00,"63,00",Omar Iqbal
ORD74319,"Dec 01, 2024",Widget A,3, 13.75 ,41.25,Noor Ahmed
ORD71575,22-Sep-24,Service Plan,7,49.99,$349.93,Maria Reyes
ORD86854,"Oct 03, 2024",Widget B,6,17.99,107,Hassan Garcia
ORD69259,2024-10-29,Widget B,9,19,$179.91,Sara Ahmed
ORD10481,09-08-2024,Gadget Y,1, 4.94 ,4.94,Sara Garcia
ORD85831,"Jul 07, 2024",Gadget Y,4,5,$21.96,Ayesha Ahmed
ORD46835,2024-06-28,Service Plan,1,49,49.99,Hassan Patel
ORD90940,04/09/2024,Gadget X,4,"7,00",$28.00,Sara Lee
ORD44970,2024-08-24,Widget A,10,12,$125.00,Noor Iqbal
ORD24311,2024-11-01,Widget A,6,12.50,75.00,Zain Reyes
ORD17759,24/12/2024,Widget B,10,$17.99,179,Omar Patel
ORD44875,06-Sep-24,Widget A,6,"12,50", 78.75 ,Noor Garcia
ORD56233,07-11-2024,Gadget Y,10,"5,49","57,65",Sara Smith
ORD16166,26/09/2024,Widget A,7,12.50,87.50,Zain Garcia
ORD30631,02/11/2024,Gadget X,3,$7.00,$21.00,Hassan Reyes
ORD79243,18-Sep-24,GADGET X,6,6,$39.69,Omar Khan
ORD23830,"Jul 24, 2024",Service Plan,10, 49.99 , 499.90 ,Ayesha Iqbal
ORD54854,"Nov 15, 2024",Gadget Y,5,4,24,Hassan Garcia
ORD39429,07-Nov-24,Gadget X,7,7,53.90,Ali Lee
ORD71081,21/11/2024,Widget A,3,$12.50,37,Omar Ahmed
ORD76530,06-18-2024,Gadget X,8, 7.00 , 56.00 ,John Lee
ORD80111,24/10/2024,Widget A,9,"12,50","112,50",Zain Smith
ORD79192,2024-11-13,GADGET Y,9,$5.49,"46,94",Hassan Patel
ORD54585,25/11/2024,SERVICE PLAN,4, 44.99 ,"188,96",Omar Iqbal
ORD22056,"Nov 04, 2024",Gadget X,8, 7.00 ,"56,00",Sara Lee
ORD85860,2024-11-24,Service Plan,5,49.99, 249.95 ,Fatima Reyes
ORD17290,2024-06-07,GADGET Y,5,$5.49,21.96,Maria Hussain  
ORD94235,14/12/2024,Gadget Y,6,6,"36,23",Zain Garcia
ORD54042,18/08/2024,Service Plan,9, 44.99 ,$404.92,Hassan Garcia
ORD82158,09-Aug-24,Widget A,6,"12,50",$75.00,Maria Reyes
ORD61056,"Sep 15, 2024",Widget A,7,11, 78.75 ,Hassan Chen
ORD11631,2024-08-21,Widget A,5,"13,75", 68.75 ,Omar Hussain
ORD74719,2024-09-06,Gadget Y,1,4.94,4.69,Fatima Lee
ORD94988,10-27-2024,Gadget Y,5,$5.49,28,Maria Chen
ORD13491,07-24-2024,Widget B,3,21, 65.97 ,John Patel  
ORD50552,08/08/2024,Widget A,4, 12.50 , 50.00 ,Fatima Reyes
ORD74078,2024-06-07,Service Plan,6, 49.99 ,"239,95",Noor Hussain
ORD91536,04/09/2024,Service Plan, 9 ,$49.99, 449.91 ,Zain Iqbal
ORD63971,10-10-2024,Gadget Y, 10 ,"5,49",65,Maria Khan
ORD36269,03/10/2024,Gadget X,2,7.00,$14.00,Fatima Ahmed
ORD61393,"Oct 13, 2024",GADGET X,1, 7.00 ,7,John Patel
ORD63895,05/06/2024,Widget B,2,"21,99",43,Fatima Lee
ORD29202,03-Aug-24,Widget B,6,"19,99","119,94",Maria Patel
ORD31696,"Jun 19, 2024",Service Plan,10,$49.99,499.90,Fatima Smith
ORD90802,04-Nov-24,GADGET X,10,7,70.00,Noor Lee
ORD33434,25-Nov-24,Service Plan,1,44,"44,99",Noor Patel  
ORD12764,2024-10-05,Gadget X,10, 7.00 ,"70,00",John Lee
ORD31472,2024-08-01,Gadget X,6, 6.30 ,$45.36,Hassan Chen
ORD24426,"Oct 17, 2024",Gadget Y,2,$5.49, 10.98 ,Maria Ahmed
ORD21339,18-Jul-24,Gadget Y,10,4,49,Fatima Iqbal
ORD35621,12-26-2024,Gadget Y,10,5.49, 54.90 ,Sara Iqbal
ORD79106,07-01-2024,Gadget Y,4,$5.49,21.96,Zain Reyes
ORD89600,19-Jul-24,Service Plan,2,49.99,$99.98,Fatima Patel  
ORD48585,2024-10-06,Gadget Y,3, 4.94 ,14,Maria Iqbal
ORD99640,"Nov 03, 2024",Gadget X,8,$7.00,56,Hassan Garcia
ORD52684,10-29-2024,Widget A,5,"12,50",62.50,Hassan Lee
ORD88818,2024-12-29,Gadget Y,10,"5,49",43,Zain Reyes
ORD20638,"Dec 16, 2024",Gadget X,10,"6,30",$63.00,Sara Ahmed
ORD57058,31-Jul-24,Widget A,10,12.50,"125,00",Ali Khan
ORD23852,"Dec 28, 2024",Widget B,1, 19.99 ,"19,99",Ali Lee
ORD35646,"Sep 11, 2024",Gadget X,6,"7,00",$42.00,Maria Ahmed
ORD68374,23-Sep-24,Gadget Y,7,"5,49",38.43,Maria Chen
ORD82519,2024-11-27,Service Plan,9,"49,99","449,91",Sara Ahmed
ORD14877,11-22-2024,Gadget Y,8,"5,49", 43.92 ,Fatima Lee
ORD21812,07/08/2024,Gadget Y,1,5,5.49,Ayesha Khan
ORD71909,11/08/2024,Widget A,5,12.50,$62.50,Omar Hussain
ORD54127,2024-09-28,Gadget X,7, 7.00 ,$49.00,Fatima Reyes
ORD30453,08-18-2024,Widget B,9,19,179.91,Omar Khan
ORD22449,07-23-2024,Widget A,9,12.50,$112.50,Fatima Chen
ORD23918,08-Nov-24,Gadget Y,1,5,$5.49,Zain Reyes
ORD17082,28/09/2024,Gadget X,8,7, 56.00 ,Omar Reyes
ORD73613,28/07/2024,Widget B,7,21.99,$153.92,Fatima Reyes
ORD58238,16/10/2024,GADGET X,2,$7.00,14.00,Fatima Ahmed
ORD59608,2024-09-29,Gadget X,9,7,"63,00",Fatima Iqbal
ORD70026,05/08/2024,Service Plan,10,49, 474.91 ,Omar Chen
ORD89084,"Oct 29, 2024",Gadget Y,7,"5,49",$38.43,Maria Iqbal
ORD89959,2024-11-18,Widget A,1,"12,50","10,00",Ali Iqbal
ORD43475,25-Aug-24,Service Plan,3,"54,99","164,97",Fatima Smith
ORD33868,29/09/2024,Gadget X,9,"7,00",63.00,Omar Lee
ORD95147,"Dec 30, 2024",Widget B,5,$19.99,99.95,Ali Hussain
ORD29433,2024-10-22,WIDGET B,8,19,159,Noor Garcia  
ORD21487,"Nov 14, 2024",Gadget Y,6,$5.49,"32,94",Hassan Chen
ORD36127,27/12/2024,Widget B,7,"17,99", 125.94 ,John Reyes
ORD36742,2024-08-19,Service Plan,9,49,449.91,John Khan
ORD92935,06-09-2024,Gadget Y,10,$5.49,$54.90,John Ahmed
ORD62676,01-Dec-24,Widget A,6,$12.50,"75,00",Ali Iqbal
ORD16895,23-Jul-24,Widget B,5,"21,99",109.95,Zain Lee
ORD51291,2024-07-05,Gadget Y,8,4.94,39,Ali Smith
ORD52385,2024-10-16,Service Plan,3,$44.99,134,John Patel
ORD17903,21/10/2024,Widget B,2,19,"39,98",Hassan Hussain
ORD65257,10-05-2024,Widget B,4,"17,99",71.96,Maria Chen
ORD21453,12-03-2024,GADGET Y,7,"5,49","38,43",Noor Ahmed
ORD76933,"Sep 20, 2024",Widget B,2,19,$37.98,Zain Smith
ORD70687,"Dec 25, 2024",Widget B,3,$19.99,$59.97,Ali Ahmed
ORD66902,13-Jun-24,WIDGET B,3,19,$56.97,Fatima Smith
ORD49029,21/11/2024,Gadget Y,6,4.94,29.65,Ali Reyes
ORD82036,04-Jun-24,Widget A,3,$12.50,"37,50",Sara Ahmed
ORD71195,21/09/2024,WIDGET A,2, 12.50 ,$25.00,Fatima Smith
ORD50256,24-Dec-24,Service Plan,3,49, 149.97 ,Maria Ahmed
ORD67987,02/07/2024,Service Plan,2,"54,99", 109.98 ,Noor Ahmed
ORD51979,11-10-2024,SERVICE PLAN,1,"49,99", 49.99 ,Zain Smith
ORD86062,16-Jun-24,Gadget Y,9, 5.49 ,"49,41",Ayesha Garcia
ORD54473,"Jun 19, 2024",Gadget X,9,$7.00,$63.00,Hassan Reyes
ORD43474,2024-09-21,Gadget Y,9,$6.04,54.35,Omar Patel
ORD96756,28-Nov-24,Widget A,10,12.50,$125.00,Omar Garcia
ORD33277,"Oct 22, 2024",Widget A,8,"11,25",$90.00,John Chen
ORD91359,"Dec 24, 2024",Widget B,10,"19,99","199,90",John Smith
ORD94234,15/09/2024,Service Plan,3,49.99, 179.96 ,Ali Iqbal
ORD60048,11-25-2024,Widget B,3,19,59,Fatima Khan
ORD93214,28/10/2024,Gadget Y,6,"4,94",29,Fatima Smith
ORD42465,29-Dec-24,Widget A,10,13.75,137.50,John Patel
ORD77719,"Aug 22, 2024",Gadget X,1, 7.00 , 7.00 ,Zain Lee
ORD94927,31-Jul-24,Gadget Y,6,"5,49","32,94",Zain Iqbal
ORD74506,18/12/2024,Gadget X,4,"7,00", 28.00 ,Maria Reyes
ORD13389,10/08/2024,Gadget X,3,7,21,Noor Garcia
ORD75613,"Nov 05, 2024",Gadget X,5,7,"35,00",Hassan Hussain
ORD45708,08-31-2024,Gadget X,2, 7.00 , 14.00 ,Zain Smith
ORD63618,06-25-2024,Widget A,7, 12.50 , 87.50 ,Omar Lee
ORD34553,09-06-2024,Widget A,10, 13.75 ,137,Maria Reyes
ORD40882,29/06/2024,Widget B,4,19,"79,96",Noor Garcia
ORD99966,2024-08-18,Service Plan,3,"49,99",149,Ayesha Patel
ORD32809,"Dec 30, 2024",Service Plan,6, 49.99 ,"299,94",Maria Chen
ORD58893,"Sep 28, 2024",Gadget Y,10,5.49, 65.88 ,Maria Patel
ORD54882,"Jun 07, 2024",Widget B,1,19.99,19,Noor Khan
ORD86726,08-25-2024,Gadget X,2,7,14,Fatima Smith
ORD14994,13-Jul-24,Widget B,7,19,139.93,Sara Iqbal
ORD46112,07-22-2024,Gadget Y,7,5.49,"38,43",John Iqbal
ORD65604,09-10-2024,Service Plan,8,44,$359.93,Omar Khan  
ORD35861,12-11-2024,Gadget Y,3,5.49,$16.47,Maria Hussain
ORD39489,"Jun 28, 2024",Service Plan,3,54,"164,97",Hassan Chen
ORD13177,10-04-2024,Service Plan,5,"49,99",249.95,Maria Iqbal
ORD99383,12-24-2024,Widget A,6,11,67.50,Sara Reyes
ORD39197,30-Sep-24,Widget A,4,"12,50","50,00",Hassan Khan
ORD60788,2024-07-03,Service Plan,3, 44.99 , 134.97 ,Maria Chen
ORD41430,2024-11-04,Gadget Y,5,5, 27.45 ,Hassan Reyes
ORD84969,01/12/2024,Gadget Y,3,5.49, 16.47 ,Ayesha Reyes
ORD49868,09-05-2024,Widget B,4,"19,99",79.96,Noor Smith
ORD72012,31-Jul-24,Widget A,8,$12.50,"100,00",Noor Reyes
ORD32793,2024-10-06,Widget B,9,$17.99,161,Maria Patel
ORD67353,08-28-2024,Service Plan,6,"49,99","299,94",Omar Ahmed
ORD82475,28-Aug-24,Gadget X,2,"7,00",14,Ali Iqbal
ORD31129,"Sep 25, 2024",Gadget X, 1 , 7.00 , 7.00 ,Fatima Garcia
ORD69720,06-02-2024,Gadget Y,9,5.49,"49,41",Omar Patel
ORD86210,06-23-2024,Widget A,6,$12.50,75.00,John Reyes
ORD94556,2024-07-01,Gadget X,8, 7.00 ,56,Noor Garcia
ORD99309,08-21-2024,Gadget X, 8 ,$7.00,56,Noor Smith
ORD32940,2024-12-10,Gadget Y,7, 6.04 ,$42.27,Zain Khan
ORD63960,"Jun 26, 2024",Widget B,6,17.99,107,Noor Patel
ORD31726,11-27-2024,Widget B,6,$17.99,107,Noor Iqbal
ORD78986,12-03-2024,Gadget X,2,7,"14,00",Hassan Khan
ORD80642,08-Aug-24,Gadget Y,9, 4.94 ,44,Sara Lee
ORD15763,08/10/2024,Widget A, 9 ,"12,50", 112.50 ,Zain Reyes
ORD33089,16-Aug-24,GADGET X,4, 7.00 ,$22.40,Fatima Iqbal
ORD56655,15-Oct-24,Widget A,6,"13,75","82,50",Ayesha Chen
ORD84604,2024-08-16,Gadget X,8,7.70,"61,60",Fatima Patel
ORD38878,25/08/2024,Widget A, 2 , 12.50 ,25,Zain Iqbal
ORD86475,2024-07-15,Service Plan,5,$54.99,"274,95",Omar Ahmed
ORD63800,10-01-2024,Widget B,7,"21,99",184.71,Ali Hussain
ORD21130,2024-12-03,Widget A,5,$11.25,"56,25",Omar Khan
ORD93623,10-29-2024,Gadget X,1,$7.00,"7,35",Maria Khan
ORD14642,05/11/2024,Gadget Y,8,5,43,Noor Patel
ORD70015,"Aug 23, 2024",Widget B,1,19,$19.99,Fatima Garcia
ORD22395,18-Jul-24,Gadget X,4,7,$28.00,Sara Smith
ORD94208,2024-08-23,Gadget Y, 5 ,5.49,27.45,Hassan Chen
ORD48771,08/06/2024,Service Plan,3,44,134.97,Ayesha Lee
ORD73134,2024-12-31,Gadget Y,7,4.94,"41,50",Ali Reyes
ORD42803,09-27-2024,Widget A,7,13.75,96,Hassan Smith
ORD73331,"Sep 15, 2024",Widget B,8,19,"127,94",Zain Chen
ORD27140,2024-06-10,Widget A,2, 13.75 ,$27.50,Noor Hussain
ORD23846,2024-12-01,Widget B,1,19,$15.99,Ayesha Ahmed  
ORD96804,11-04-2024,Gadget Y,2, 4.94 ,9.88,Zain Ahmed
ORD64174,2024-12-14,Gadget X,7,"6,30","44,10",Maria Smith
ORD10478,"Sep 19, 2024",Service Plan,4,54.99,$208.96,Noor Ahmed
ORD30222,30-Dec-24,Service Plan,6,"49,99","239,95",Sara Khan
ORD84604,04-Dec-24,Gadget X,3,7,21.00,Fatima Chen
ORD93008,"Jun 17, 2024",Gadget X,9,7,$63.00,Noor Ahmed
ORD52442,05-Nov-24,WIDGET B,1,"19,99",19.99,Noor Iqbal
ORD82653,08-31-2024,Service Plan,2,$54.99, 109.98 ,Ayesha Patel  
ORD32322,25-Jun-24,Widget A, 7 , 11.25 ,78.75,Noor Khan
ORD96254,"Jun 30, 2024",GADGET X,1,7,7.00,Ali Iqbal
ORD32940,2024-09-20,Gadget Y,8, 6.04 ,"57,97",Ali Khan
ORD92811,11-07-2024,Widget B,4,$19.99,"79,96",John Chen
ORD80999,09-25-2024,Gadget Y,2,"6,04",12.08,Maria Chen
ORD85435,2024-12-25,Widget B,6, 17.99 ,107,Hassan Reyes
ORD34461,"Jul 08, 2024",Gadget X,8,7.70,61.60,Ali Patel
ORD57264,2024-06-15,Gadget Y,8,$5.49,$43.92,Sara Patel
ORD35451,07-18-2024,Gadget Y,10,"5,49",54,Fatima Smith
ORD69267,09-18-2024,Gadget Y,7,6,"33,82",Fatima Iqbal
ORD61589,07-07-2024,Gadget X,6,$6.30,"45,36",Hassan Iqbal
ORD51410,2024-07-09,Widget A,6, 12.50 , 75.00 ,Ayesha Iqbal
ORD80189,10-21-2024,Widget A,3,$13.75,41,Maria Lee
ORD38267,10-24-2024,WIDGET A, 6 ,13, 82.50 ,Omar Ahmed
ORD88102,12-Jul-24,Widget A,3,13,41,Noor Lee
ORD20356,12-04-2024,Widget B,6,19.99,119.94,Fatima Garcia
ORD70862,08/06/2024,Gadget Y,4, 5.49 , 20.86 ,John Patel
ORD87975,08-08-2024,Service Plan,1,49, 47.49 ,Sara Reyes
ORD16970,04/10/2024,Gadget Y,2,4.94,9,Maria Lee
ORD74566,09-Jul-24,Gadget Y,7,5,38.43,Sara Iqbal
ORD11696,25-Jul-24,Widget B,1, 17.99 ,17,Zain Ahmed
ORD72220,19/10/2024,Service Plan, 3 ,49.99,"149,97",John Iqbal
ORD24523,06/07/2024,Gadget Y,4,5, 21.96 ,John Khan
ORD96064,2024-12-09,Gadget Y,6, 4.94 , 35.58 ,Omar Hussain
ORD28402,13-Sep-24,Gadget X,7,$7.70,"53,90",Omar Khan
ORD80055,07/11/2024,Gadget Y,4, 4.94 ,$19.76,Maria Lee
ORD94495,11-27-2024,Gadget Y,10,6,60.39,Maria Hussain
ORD62539,11-05-2024,Widget A,4, 13.75 ,55.00,Ali Reyes
ORD73135,05-Sep-24,Service Plan,3,44.99,"134,97",Noor Reyes
ORD62270,12-11-2024,Gadget Y,7,$5.49,"38,43",Ali Garcia
ORD86049,15-Sep-24,Service Plan,8,49, 399.92 ,Ayesha Lee
ORD73641,26/08/2024,Gadget Y,3,4.94,14,Omar Patel
ORD97025,07-10-2024,Gadget X,7,7.70,"53,90",Ayesha Iqbal
ORD52820,05/12/2024,Gadget Y,1,"6,04", 6.04 ,Ali Hussain
ORD64872,30/06/2024,Widget A,4,"12,50","50,00",Maria Garcia
ORD17700,06-22-2024,Widget B,2,21,$43.98,Maria Khan
ORD42358,25-Oct-24,Widget A,4,13, 55.00 ,Zain Reyes
ORD32311,"Oct 19, 2024",WIDGET B,3,19,$59.97,Noor Garcia
ORD44426,2024-11-11,Widget B,3,$17.99,"53,97",Omar Lee
ORD35450,09-13-2024,Widget B,7, 17.99 ,"125,94",John Khan
ORD73319,2024-10-24,Gadget X,10,7,$70.00,Ali Garcia
ORD34841,2024-08-19,SERVICE PLAN,8,49.99,"479,90",Sara Smith
ORD93626,2024-11-01,Gadget X,7,7.00,49.00,Fatima Khan
ORD14160,14/07/2024,Widget B,6, 19.99 ,119,Hassan Khan
ORD23252,2024-10-21,Gadget Y,4,$5.49, 21.96 ,John Chen
ORD13643,03-Jul-24,Widget A,10,12.50,125,Ali Ahmed
ORD87158,11-22-2024,Widget B,6,$21.99,"131,93",Omar Ahmed  
ORD24345,2024-11-19,Gadget Y,4,5, 20.86 ,Fatima Hussain
ORD33289,"Jul 21, 2024",Widget A,4,11.25,$45.00,John Hussain
ORD52791,2024-10-19,GADGET Y, 3 ,$5.49,$16.47,John Garcia
ORD63182,12/08/2024,Gadget Y,9, 4.94 ,53.36,Maria Hussain
ORD21308,04-Aug-24,Gadget Y,6,"5,49", 32.94 ,Ayesha Patel
ORD89586,09-Nov-24,Widget A,9,"13,75",123.75,Noor Lee
ORD38634,06-14-2024,Gadget Y,2,$6.04,12,Omar Garcia
ORD84275,12/08/2024,Service Plan,5,$49.99,249.95,Ayesha Lee
ORD43189,"Jul 16, 2024",Gadget Y,6,5.49,$32.94,Maria Reyes
ORD37953,2024-12-04,Widget B,6, 19.99 ,"119,94",John Garcia
ORD43697,14-Jul-24,Widget B,2,19,"39,98",Ali Ahmed
ORD91082,"Jun 21, 2024",Gadget X,10,$6.30,"63,00",Ali Khan
ORD14320,18/08/2024,Gadget X,3,"7,00",21.00,Maria Chen
ORD72319,23/06/2024,WIDGET B,6,17,107.95,John Ahmed
ORD21499,2024-09-25,Gadget X,3,"7,00","21,00",Maria Ahmed
ORD10993,24-Dec-24,Widget B,6,$19.99,119,Hassan Chen
ORD16195,"Sep 14, 2024",Gadget Y,3,5, 16.47 ,Fatima Ahmed
ORD34538,15-Nov-24,Service Plan,10,49,499.90,Ayesha Patel
ORD53604,"Sep 30, 2024",Service Plan,2,"49,99",$99.98,Ayesha Patel
ORD97810,08-Sep-24,Service Plan,7,49.99, 419.92 ,Noor Smith
ORD31853,13-Sep-24,Gadget Y,8,$5.49,"43,92",Noor Chen
ORD33763,02-Aug-24,Gadget Y,8,"4,94","39,53",Ayesha Lee
ORD26386,2024-07-19,Widget B, 1 , 19.99 ,"23,99",Fatima Lee
ORD13774,10/12/2024,Widget B,8, 19.99 ,$159.92,Zain Patel
ORD51892,2024-06-23,Service Plan,5,49, 249.95 ,Ayesha Chen
ORD23192,09-20-2024,Widget A,7, 13.75 , 96.25 ,Hassan Hussain
ORD44331,2024-11-27,WIDGET A,5,$11.25, 56.25 ,Maria Lee
ORD84369,"Sep 10, 2024",Gadget X,6,$7.00,"42,00",Omar Khan
ORD18710,08-Sep-24,Gadget Y,6,"5,49","32,94",Fatima Patel
ORD87951,07-27-2024,Gadget X,3, 7.00 ,$21.00,Sara Garcia
ORD38690,"Nov 12, 2024",Service Plan,7,49,349.93,Ayesha Chen
ORD26193,23-Oct-24,Gadget Y,1,5.49,$5.49,Noor Reyes
ORD18301,"Aug 06, 2024",Widget A,10,12.50,100,Ali Lee
ORD73907,31-Oct-24,Widget A,5, 11.25 ,56.25,Ayesha Khan
ORD67141,2024-10-02,Gadget Y,8,4.94,39.53,Ayesha Chen
ORD87241,02/08/2024,Widget A,7,12,91,Ali Chen
ORD91274,"Sep 20, 2024",Widget A,4,$12.50,"50,00",Noor Khan
ORD55617,11-30-2024,Service Plan,9,49,449,Zain Patel
ORD82961,09-01-2024,Gadget X,10, 6.30 ,"63,00",Omar Lee
ORD97172,2024-08-07,Service Plan,6,49,299,John Ahmed
ORD17632,04-Dec-24,Service Plan,2, 49.99 ,$99.98,Sara Iqbal
ORD64841,2024-06-30,Gadget X,9,6.30,"56,70",Ayesha Khan
ORD68708,2024-11-24,Widget B,8,$19.99,$159.92,Omar Lee
ORD68745,11-10-2024,Widget B,5,19,"99,95",Omar Reyes
ORD95567,2024-12-04,GADGET X,10,$7.00,66.50,Maria Ahmed
ORD95262,23-Nov-24,Service Plan,4,$44.99,$179.96,Fatima Lee
ORD34777,21-Jun-24,Gadget Y,9, 5.49 ,$49.41,Maria Chen
ORD57068,19/08/2024,Gadget X,9,7,"75,60",Fatima Garcia
ORD61812,27-Aug-24,Gadget Y,9,$5.49,"49,41",John Lee
ORD57978,2024-10-13,SERVICE PLAN,1,49.99, 49.99 ,Omar Lee
ORD19719,12-07-2024,Widget B,5,$21.99,$109.95,John Patel
ORD25897,2024-06-27,Gadget Y,2,$5.49,10,Sara Iqbal  
ORD61473,10-Dec-24,Widget A,8,$13.75,"110,00",Maria Patel
ORD91256,12-05-2024,Service Plan,4,"44,99",179.96,Omar Lee
ORD34190,06-Aug-24,Gadget Y,7,"5,49", 38.43 ,Sara Reyes
ORD36677,11-05-2024,Gadget Y,7,$5.49, 46.12 ,Ali Ahmed
ORD65276,"Nov 28, 2024",Widget A,2,12.50,"25,00",Sara Iqbal
ORD55860,"Nov 23, 2024",Service Plan,6, 49.99 ,299,Zain Reyes
ORD10743,07/12/2024,Gadget Y,8,$5.49,43.92,Sara Hussain
ORD50760,10-Aug-24,Widget A,4,$12.50,$47.50,Maria Patel
ORD75226,2024-06-23,Gadget X,7,7.70,53,Ali Chen
ORD92510,10-Jun-24,Service Plan,6,"54,99","313,44",Fatima Khan  
ORD53433,06-21-2024,Gadget X,7,7.00,49.00,Maria Chen
ORD16725,11-10-2024,WIDGET A,2, 12.50 ,$25.00,John Ahmed
ORD84103,"Jul 07, 2024",Service Plan,3, 44.99 ,"107,98",Fatima Hussain
ORD63085,07/06/2024,Widget B, 5 ,$19.99,$99.95,John Reyes
ORD27162,2024-07-12,Gadget Y,4,$5.49, 21.96 ,Noor Reyes
ORD70954,07/12/2024,SERVICE PLAN,1,"49,99",59,Ali Hussain
ORD67635,05/09/2024,Widget A,2, 12.50 ,"25,00",Noor Reyes
ORD72717,2024-06-10,Widget B,6,"19,99",119,Zain Patel
ORD73438,12-16-2024,Gadget Y,7, 4.94 ,"34,59",Ali Lee
ORD45258,"Sep 27, 2024",Widget A,4,"12,50",$50.00,Zain Iqbal
ORD66121,21/08/2024,Widget B,5,$19.99, 99.95 ,Sara Hussain
ORD34447,07-05-2024,Widget B,7,19.99, 139.93 ,Fatima Chen
ORD98531,09-11-2024,Widget A,10, 12.50 ,"125,00",Maria Lee
ORD68158,08-20-2024,Service Plan,3, 54.99 , 164.97 ,Sara Chen
ORD23799,09-04-2024,Service Plan,3,49.99,"149,97",Ali Garcia
ORD55200,10-03-2024,Widget B,9,19,179,Hassan Chen
ORD80360,31-Oct-24,WIDGET A,6,$12.50, 75.00 ,Hassan Hussain  
ORD57885,"Jul 05, 2024",Gadget Y,7, 6.04 ,50.73,Maria Khan
ORD83246,22/11/2024,Service Plan,9, 49.99 ,"449,91",Noor Patel
ORD59605,11-21-2024,Gadget X, 8 ,7,"56,00",Hassan Patel
ORD33915,"Jun 10, 2024",Widget A,3,$12.50,37,Ali Garcia
ORD46725,2024-12-06,SERVICE PLAN,1,"54,99",54.99,Maria Ahmed
ORD42062,13/06/2024,Service Plan,1,$49.99, 49.99 ,Sara Chen
ORD99245,17-Oct-24,Widget B,6,21.99,"131,93",Ali Chen
ORD97536,22-Jul-24,Widget B,5,21,$109.95,John Khan
ORD60852,"Aug 20, 2024",Gadget Y, 5 ,5,27,John Reyes
ORD44047,05-Aug-24,Service Plan,1,49, 49.99 ,Maria Hussain
ORD70029,"Oct 13, 2024",Widget A,3,"12,50",37.50,Ali Reyes
ORD88612,19/08/2024,Gadget X,8,7.00,53.20,Zain Hussain  
ORD83983,09/09/2024,Service Plan,9,49,539,Omar Reyes
ORD97719,10-05-2024,Gadget Y,4,5, 17.57 ,Maria Khan
ORD66923,27/07/2024,Widget B,5,"19,99",$99.95,Zain Smith
ORD37086,03-Oct-24,Widget A,5,$12.50,62,Zain Patel
ORD44684,2024-08-26,Widget A,2, 12.50 ,25,Ali Ahmed
ORD92883,2024-06-07,WIDGET A,1,11,"11,81",Sara Lee
ORD53810,24-Sep-24,Gadget X,1,6, 6.30 ,Ali Khan
ORD21084,07/07/2024,Gadget Y,2, 5.49 ,"10,98",Hassan Ahmed
ORD69665,12/12/2024,Widget B,5,19.99,99.95,Fatima Garcia
ORD15612,10-Nov-24,Widget A,7,12.50,$87.50,Ayesha Patel
ORD14657,"Nov 17, 2024",Widget A,6,"12,50",75,Omar Smith
ORD15758,23-Dec-24,Gadget X,1,"7,00", 7.00 ,Hassan Khan  
ORD81129,11-11-2024,Widget B,5, 17.99 ,$89.95,Maria Chen
ORD59977,09-16-2024,Gadget Y,6,"5,49",32,John Reyes  
ORD69519,2024-10-27,Gadget X,1,"7,00", 7.00 ,Hassan Hussain
ORD99907,"Oct 29, 2024",Widget A,4,"11,25",45.00,Omar Hussain
ORD79771,2024-06-01,Service Plan,6, 44.99 ,"283,44",Fatima Lee
ORD20029,2024-10-12,WIDGET A,2,11, 22.50 ,Maria Smith
ORD97405,"Sep 27, 2024",Widget B,3, 17.99 ,$53.97,Hassan Garcia
ORD58272,27-Nov-24,Service Plan,4,"44,99",179.96,Noor Ahmed
ORD59844,2024-08-06,Widget B,7,"17,99",$125.94,Noor Chen
ORD86866,18-Dec-24,Widget A,5,12.50,"62,50",John Hussain
ORD64256,08-24-2024,Service Plan, 5 ,49.99,"249,95",John Khan
ORD65555,14-Dec-24,Gadget Y,5,5.49,27,Ali Smith
ORD61603,"Jul 07, 2024",Widget B,6,$17.99, 107.95 ,Fatima Ahmed
ORD36079,"Aug 09, 2024",Gadget X,2,6,12,Fatima Patel
ORD17816,05/06/2024,Widget B,6,19, 119.94 ,Fatima Patel
ORD50354,24-Oct-24,WIDGET B,5,21,109,Ali Khan
ORD81236,2024-06-28,Gadget X,6,7,46,Omar Patel
ORD88401,08-31-2024,Gadget Y,9,5.49,"49,41",Noor Ahmed
ORD52195,2024-07-21,Service Plan,9, 49.99 ,"449,91",Sara Iqbal
ORD57592,"Oct 16, 2024",SERVICE PLAN,4,54,$219.96,Maria Lee
ORD92952,2024-07-31,WIDGET A,2,12.50, 25.00 ,Sara Khan
ORD99222,2024-07-07,Gadget X,9,$7.00,$63.00,Zain Smith
ORD27659,2024-07-29,Gadget Y,9,"6,04","54,35",Maria Hussain
ORD92748,07-Nov-24,Gadget X,9, 6.30 ,"56,70",Omar Chen
ORD66908,"Dec 20, 2024",Service Plan,1,"44,99",47.24,Ali Ahmed
ORD81720,"Jul 14, 2024",Widget B,3,$17.99,53,John Lee
ORD52380,28-Jun-24,Widget B,3,"19,99",71,Ayesha Garcia
ORD47433,"Jul 13, 2024",Widget A,4,13.75,$55.00,Omar Iqbal
ORD93930,10-Jun-24,Service Plan,7,44.99,"314,94",Fatima Khan
ORD41646,"Nov 03, 2024",Widget A,4,"12,50","47,50",Ayesha Patel
ORD43287,10/09/2024,Gadget Y,8,$4.94,39,John Ahmed
ORD34557,01-Sep-24,GADGET X, 4 ,6, 25.20 ,Zain Ahmed
ORD89891,04-Jul-24,Service Plan,8,"49,99",319.94,Fatima Smith
ORD73629,11-24-2024,Widget A,10,"12,50","125,00",Ayesha Smith
ORD82774,10-05-2024,Widget B,10,17, 179.91 ,Hassan Garcia
ORD18161,07-Dec-24,Gadget Y,1,$5.49, 5.49 ,Sara Smith
ORD51105,"Jul 06, 2024",Gadget Y,4, 6.04 , 25.36 ,Maria Patel
ORD45456,2024-11-18,Widget A,9,"12,50", 135.00 ,John Patel
ORD39862,12-13-2024,Gadget Y,1,5,$5.49,Zain Patel  
ORD93522,"Oct 22, 2024",Gadget Y,7,5,38,Ali Lee
ORD55708,"Nov 29, 2024",Gadget X,3,7,21,Omar Ahmed
ORD30089,12-10-2024,Widget B,4,$19.99,"75,96",Zain Lee
ORD25648,22-Aug-24,Service Plan,10,"49,99",$499.90,John Patel
ORD57214,2024-10-09,Gadget X,1,$7.00,7.00,Omar Ahmed
ORD65700,08-31-2024,Gadget Y,9,5.49,$49.41,Zain Hussain
ORD69741,02/09/2024,Service Plan,6,"49,99",$299.94,Omar Khan
ORD51348,"Jul 06, 2024",Widget B,7,19,$111.94,Maria Garcia  
ORD41217,"Jul 02, 2024",Service Plan,1, 49.99 , 49.99 ,Maria Reyes
ORD74416,26/12/2024,Service Plan,2,"49,99",99.98,Maria Iqbal
ORD47453,12-03-2024,Widget B,10,"19,99",$209.89,Sara Khan
ORD47599,03/09/2024,Gadget Y,4,"5,49",21.96,Zain Iqbal
ORD26562,"Jun 20, 2024",Widget B,1,$17.99,17.99,John Patel  
ORD95001,"Oct 18, 2024",Service Plan,8,44,359,Ali Patel
ORD25730,13/09/2024,Service Plan,2,44, 89.98 ,Noor Hussain
ORD91966,18-Aug-24,Service Plan,10,54,$522.40,Fatima Smith
ORD82816,08-14-2024,Gadget X,9,"7,70", 72.77 ,Zain Iqbal
ORD65891,09-25-2024,Gadget Y,9, 6.04 ,"54,35",Maria Reyes
ORD56988,2024-08-25,Service Plan,2,$49.99,"119,98",Ayesha Chen
ORD15083,"Jun 10, 2024",GADGET X,5,$7.00,35,John Iqbal
ORD61979,28/11/2024,Gadget Y,4,"5,49", 17.57 ,Omar Iqbal
ORD17158,20/11/2024,Widget A,5,$13.75, 68.75 ,Sara Ahmed
ORD65676,02/12/2024,Widget B,5, 19.99 ,99,Maria Chen
ORD43547,29-Jul-24,Gadget Y,4,6.04,24.16,Sara Khan
ORD53920,"Dec 01, 2024",Service Plan,5,44,224,Hassan Patel  
ORD81991,2024-08-26,Service Plan,8, 44.99 ,359.93,Maria Garcia
ORD28672,12-11-2024,Service Plan,4, 49.99 , 199.96 ,John Reyes
ORD74034,10-24-2024,Service Plan,9,"49,99","449,91",Omar Chen
ORD60204,2024-10-16,Widget B,9,"19,99",$143.93,John Reyes
ORD79443,23/10/2024,Widget A,2,$13.75,"27,50",Ali Iqbal
ORD38530,"Dec 26, 2024",Widget B,6,17.99,$107.95,Omar Lee
ORD88257,10/10/2024,Gadget X, 10 ,7.00,"70,00",Ali Reyes
ORD32095,2024-06-05,Gadget Y,8,"5,49","43,92",Hassan Patel
ORD95692,"Sep 30, 2024",Gadget Y,9,"5,49",$49.41,John Iqbal
ORD69843,20-Nov-24,Gadget Y, 1 , 5.49 , 5.49 ,Ayesha Iqbal
ORD83758,07-05-2024,Widget A,10,13,137,John Hussain  
ORD36496,"Aug 02, 2024",Gadget X,6,$7.70,"46,20",Fatima Garcia
ORD15145,06-14-2024,WIDGET B,3,19, 59.97 ,Maria Khan
ORD14844,25-Jul-24,Widget B,5,19.99,$99.95,Maria Iqbal
ORD66650,02/06/2024,Widget A,4,12,50.00,Omar Khan
ORD16407,2024-07-08,Gadget X,2,"7,00", 14.00 ,Sara Ahmed
ORD60575,"Jun 02, 2024",Service Plan,2,$49.99,99.98,Sara Iqbal
ORD71007,03/08/2024,Service Plan,3,49.99,"149,97",Hassan Chen
ORD53614,09/11/2024,SERVICE PLAN,5,49,249.95,Fatima Iqbal
ORD93092,19/09/2024,Gadget X,9,7.00,50.40,Hassan Lee
ORD33193,24-Jul-24,Gadget X,7,$7.00, 58.80 ,Sara Chen
ORD88157,"Nov 07, 2024",Widget B,4,19.99,"79,96",Ayesha Reyes
ORD71234,07-03-2024,Widget A,1,$12.50, 12.50 ,John Chen
ORD32499,06/06/2024,Widget B,10, 19.99 ,$199.90,John Chen
ORD48600,23-Dec-24,Widget A,7,"12,50",87,Ali Khan
ORD40894,29/12/2024,Gadget Y, 4 ,5.49,$21.96,Maria Reyes
ORD73545,"Dec 08, 2024",Gadget X,3,$7.00,$21.00,Omar Lee
ORD28196,"Jul 12, 2024",Widget B,5,17, 89.95 ,Maria Chen
ORD96147,02/09/2024,GADGET Y,3,5,$17.29,John Chen
ORD29916,02-Jul-24,Widget A, 1 ,12, 13.12 ,Hassan Khan
ORD31882,07/06/2024,Service Plan,2,"54,99",109.98,Zain Smith
ORD76590,2024-09-04,Gadget Y,4,6.04,24,Zain Smith
ORD30354,21/11/2024,Widget A,2,12,20.00,Fatima Garcia
ORD35744,03/06/2024,Service Plan,9,49,"449,91",Fatima Lee
ORD23910,19-Sep-24,Gadget Y,7,5.49, 46.12 ,Omar Iqbal
ORD53335,12/11/2024,Widget B,2,"19,99",39.98,Noor Lee
ORD74173,11-Oct-24,Gadget X,10,7, 77.00 ,Fatima Chen
ORD69083,08-Oct-24,Widget A,8,11,90,Ayesha Patel
ORD66545,10-Nov-24,Gadget Y,1, 4.94 ,$4.94,Noor Garcia
ORD79644,2024-06-24,Gadget Y,3,$5.49,$16.47,Noor Ahmed
ORD19522,2024-08-17,Widget B,8, 19.99 ,$159.92,Omar Reyes  
ORD98234,11-Dec-24,Widget A,5,12, 59.38 ,Ayesha Patel
ORD18778,"Nov 27, 2024",Gadget X,5,7.70,38,Maria Smith
ORD90852,2024-10-08,Gadget X,2,7,"14,00",Ayesha Iqbal
ORD62362,25/07/2024,Service Plan,4,49.99, 199.96 ,Maria Hussain
ORD21285,09-Dec-24,Widget A,5,13,$68.75,Ayesha Reyes
ORD43776,07-Jul-24,Widget B,9, 19.99 ,179,Zain Lee
ORD34946,03-Aug-24,Widget B,6,$17.99,"129,54",Ayesha Lee
ORD97973,2024-06-01,Widget B,9,"21,99","197,90",Hassan Chen
ORD46636,2024-06-14,Gadget X, 4 ,$7.00,$28.00,Zain Garcia
ORD72699,02-Dec-24,Service Plan,5,"54,99",274,Ayesha Reyes
ORD92629,08-24-2024,Widget B,6,"19,99",$119.94,Ali Chen
ORD19716,12-24-2024,Gadget Y,5,5.49,27,John Chen
ORD46575,11-01-2024,Widget A,4,"12,50","50,00",Sara Hussain
ORD47791,27/07/2024,Gadget Y,10,$5.49,54.90,Sara Ahmed
ORD71118,10-02-2024,Gadget X,8,7,56,Hassan Lee
ORD86344,"Oct 09, 2024",Gadget Y,7,5.49,38.43,Fatima Khan
ORD19716,12-03-2024,Gadget X,7, 7.00 ,49.00,Zain Smith
ORD39563,2024-11-02,GADGET Y,10, 5.49 ,$54.90,Sara Lee
ORD54969,22/07/2024,Widget A,2,"13,75",26.13,Fatima Hussain
ORD61176,15-Jun-24,Gadget X,6, 6.30 ,37.80,Hassan Chen
ORD88994,2024-06-28,Service Plan,6,$44.99,$269.95,John Chen
ORD11199,21/07/2024,Widget A,6,"12,50",75,Maria Khan
ORD53931,22-Oct-24,Gadget X,5,"6,30", 31.50 ,Omar Chen
ORD76651,"Nov 08, 2024",Widget A,8,"12,50",100,Omar Iqbal
ORD39143,10/11/2024,Widget A,2, 12.50 ,25.00,Hassan Hussain
ORD84462,"Jul 20, 2024",Service Plan,9,49.99,449.91,John Smith
ORD94294,21/08/2024,Gadget X,10,7.00,"70,00",Maria Hussain
ORD75364,13-Nov-24,Gadget X,8,"6,30",$50.40,Ali Reyes
ORD12078,"Sep 10, 2024",Gadget Y,3, 5.49 ,16.47,Maria Garcia
ORD75635,12-16-2024,Gadget X,9,7.70, 72.77 ,Ali Ahmed
ORD98586,15-Dec-24,Widget B,10,"17,99",179,Zain Reyes
ORD17031,12-24-2024,Widget A,8,$12.50,"100,00",Omar Ahmed
ORD79397,19-Jun-24,Widget A,8,$13.75,"110,00",Hassan Iqbal
ORD37817,"Sep 11, 2024",Gadget X,5,$7.70,36,Fatima Lee
ORD57648,"Jun 29, 2024",GADGET Y,7,$5.49,"38,43",Sara Hussain
ORD48437,15/11/2024,Gadget Y,1,$5.49,5,Sara Hussain
ORD95453,"Nov 20, 2024",Widget A,7,12,87.50,Omar Smith
ORD50751,"Oct 05, 2024",Gadget X,3,$7.00,"21,00",Noor Iqbal
ORD34995,"Oct 19, 2024",Widget B,1,"21,99",$23.09,Fatima Smith
ORD91633,01-Dec-24,Service Plan,3, 49.99 ,$149.97,Zain Reyes
ORD54209,"Oct 25, 2024",WIDGET A,1,12.50,$11.88,Omar Smith
ORD74452,2024-09-28,Widget A,1,12.50,$12.50,John Patel
ORD12667,09-Nov-24,Gadget Y,10,"5,49","54,90",Hassan Iqbal
ORD35741,"Oct 21, 2024",Gadget Y,7,$5.49,38.43,Omar Chen
ORD65867,2024-08-26,Gadget Y,8,$4.94, 47.43 ,Sara Khan
ORD12558,12-03-2024,GADGET Y,10,4.94,$49.41,Ayesha Hussain
ORD21340,2024-06-09,Gadget Y,4,5.49,"26,35",Omar Hussain
ORD49005,10-06-2024,WIDGET A,2,$13.75, 27.50 ,Ali Hussain
ORD54959,2024-11-24,Gadget Y,1,$6.04, 7.25 ,Sara Hussain
ORD13802,2024-08-20,GADGET X,8,7.70,$61.60,Ayesha Patel  
ORD69084,2024-11-29,Gadget X,8, 7.00 ,"56,00",Hassan Garcia
ORD34058,30-Jun-24,Service Plan,3,"44,99",134.97,John Iqbal  
ORD14359,2024-07-19,Widget B,2,$19.99,$37.98,John Iqbal
ORD79528,2024-10-08,Widget A,6,12.50,75.00,Omar Patel
ORD63839,08-Oct-24,Service Plan,2,$49.99,99,Sara Khan
ORD43681,26/06/2024,Service Plan,7,$54.99,384.92,Zain Iqbal
ORD87730,12-02-2024,Service Plan, 7 ,49.99,"349,93",Ali Lee  
ORD78783,15-Jul-24,Service Plan,2,$49.99,"99,98",John Ahmed
ORD54573,31-Dec-24,Gadget X,7,"7,00","49,00",Hassan Smith
ORD94237,12-20-2024,Widget B,2, 19.99 , 39.98 ,Ali Ahmed
ORD76061,06/08/2024,Widget B,8,$21.99,$211.09,Ali Lee
ORD41279,2024-07-24,Widget A,9,$11.25, 81.00 ,Fatima Lee
ORD18424,06-09-2024,Gadget Y,5,5.49, 27.45 ,Ayesha Iqbal
ORD62662,08-26-2024,Widget B,7,$19.99,$139.93,Ali Ahmed
ORD43157,"Nov 03, 2024",Gadget X,1,7.70,"7,70",Zain Patel
ORD20624,2024-08-12,Service Plan,5,$49.99,"249,95",Ali Reyes
ORD22340,2024-12-18,SERVICE PLAN,3,49.99, 149.97 ,Fatima Ahmed
ORD71350,01/09/2024,GADGET X,7,$7.00,49,Sara Chen
ORD28095,17-Jun-24,Widget A,10,$13.75,137.50,Hassan Khan
ORD13385,2024-09-30,Gadget Y,5, 5.49 ,"27,45",Fatima Hussain
ORD81606,2024-10-30,Service Plan,4,44,"179,96",Ayesha Reyes
ORD46066,07-12-2024,Service Plan,8, 49.99 , 399.92 ,Hassan Smith
ORD25076,30/07/2024,Widget B,5,"19,99","99,95",Maria Iqbal
ORD15263,05/10/2024,Widget B,3,21,52,Fatima Garcia
ORD14668,2024-12-30,Gadget X,5,7,"33,25",Ayesha Ahmed
ORD79506,09-Nov-24,Gadget X,6, 7.70 ,46,John Iqbal
ORD89827,08/09/2024,WIDGET B,8,19.99,$191.90,Ayesha Reyes
ORD50233,05-Aug-24,Gadget Y,7,"5,49",38.43,Maria Garcia
ORD79996,06-22-2024,Widget B,8, 19.99 ,$159.92,Zain Hussain
ORD58275,2024-06-08,Gadget X,8,7,"56,00",Zain Lee
ORD82648,08-12-2024,Gadget X,4, 7.00 , 28.00 ,Noor Hussain
ORD70892,09/08/2024,Service Plan, 1 ,49.99,59,Maria Khan  
ORD76350,29-Jul-24,Gadget X,8,$7.70,61.60,John Smith
ORD52853,11-23-2024,Gadget Y,10, 5.49 ,$54.90,Noor Reyes
ORD66807,12-29-2024,Gadget Y,9,$4.94,$53.36,Maria Chen
ORD27099,"Sep 27, 2024",GADGET X,5,6.30,$31.50,Hassan Chen
ORD49233,17/07/2024,Widget A,4,12, 50.00 ,Fatima Patel
ORD31900,27-Jul-24,Widget A,8,12.50,80.00,Fatima Ahmed
ORD76464,04/08/2024,Widget B,5,17.99,$89.95,Sara Smith
ORD30660,"Nov 28, 2024",Gadget Y,9,$4.94,44,Ayesha Hussain
ORD20931,18-Dec-24,Service Plan,7, 54.99 ,$384.92,Noor Garcia
ORD39930,06/11/2024,Gadget X,1,"7,70",$7.70,Omar Garcia
ORD47820,10-21-2024,Service Plan,4,$49.99, 199.96 ,Ayesha Chen
ORD50999,16/12/2024,Widget B,5, 19.99 , 99.95 ,Omar Garcia
ORD86593,03/07/2024,Gadget Y,8,4.94,$39.53,Fatima Ahmed
ORD54614,"Jul 09, 2024",Widget B, 1 , 19.99 ,$19.99,Omar Hussain
ORD27723,03-Sep-24,Gadget Y,4,5,21.96,Omar Ahmed
ORD71551,21/10/2024,Gadget Y,2,4.94, 9.88 ,Zain Lee
ORD27144,"Oct 21, 2024",Gadget Y,10,4,$49.41,Ali Iqbal
ORD10527,28/10/2024,Gadget Y,5,4.94,24.71,Ali Patel
ORD30754,18/12/2024,Service Plan,2,49,"119,98",Hassan Lee
ORD68596,20/12/2024,Gadget Y,5,$6.04,$24.16,Ali Chen
ORD51789,"Jul 02, 2024",Widget A,9,$12.50,$112.50,Maria Patel
ORD51602,08-24-2024,GADGET X,5,7,"35,00",Maria Reyes
ORD94263,"Jun 03, 2024",Gadget X,3,7,"21,00",Fatima Reyes
ORD92980,09-22-2024,Service Plan,3,44.99,"134,97",Sara Hussain
ORD41961,2024-11-19,Gadget X,10,"7,70",$77.00,Noor Patel
ORD22551,"Oct 11, 2024",Widget B,10,19.99,$199.90,Sara Garcia
ORD52106,30-Nov-24,Service Plan,10,"49,99","499,90",Sara Patel
ORD59995,31-Aug-24,Widget A,1,$11.25,"13,50",Ayesha Lee
ORD32766,2024-09-22,Service Plan, 9 ,44.99, 425.16 ,Ayesha Khan
ORD28033,17/08/2024,Widget B,6, 17.99 ,$107.95,Hassan Patel
ORD55226,"Sep 30, 2024",Gadget X,9,6,$56.70,Ayesha Iqbal
ORD13255,12-10-2024,Widget B,9,17.99, 161.92 ,Maria Patel
ORD90322,"Jul 08, 2024",Gadget Y,5,5.49,27.45,John Hussain
ORD89323,2024-08-31,Widget A,5, 13.75 ,"68,75",Sara Chen
ORD13186,14/11/2024,SERVICE PLAN,1, 49.99 ,49.99,John Ahmed
ORD99399,2024-08-13,Service Plan,7,$49.99,349.93,Omar Lee
ORD63056,06/11/2024,Widget B,7,21.99,$153.92,Omar Lee
ORD61649,25-Oct-24,Service Plan,2,44.99, 89.98 ,Ayesha Garcia
ORD61726,2024-09-21,Gadget X,1,7.70,7,Hassan Iqbal
ORD34056,08-28-2024,Gadget X,10,7.00,"70,00",Hassan Patel
ORD76846,06/10/2024,Widget B,6,19,"95,95",Zain Ahmed
ORD43183,"Jul 27, 2024",Widget A,9,12, 112.50 ,Ayesha Patel
ORD84089,07-11-2024,Service Plan,8,"54,99",527,Noor Lee
ORD25910,27/10/2024,Gadget Y,8, 5.49 ,43,Maria Khan
ORD60238,19-Sep-24,GADGET Y,10,"4,94",49,Maria Hussain
ORD53705,08-Sep-24,Widget A,1, 12.50 , 12.50 ,Ali Patel
ORD75984,29/09/2024,Gadget Y,6, 5.49 ,32.94,Maria Hussain
ORD36604,12-Jul-24,Service Plan,4,$44.99,"179,96",Hassan Hussain
ORD30001,"Jul 29, 2024",Gadget Y,8,5,52.70,Ali Garcia
ORD28070,25/11/2024,Gadget X,1,"7,00",7,Fatima Smith
ORD92383,20/08/2024,Gadget X,8,7.00,56.00,John Khan
ORD16817,"Oct 28, 2024",Gadget X,8,7.70,61.60,Omar Patel
ORD19037,17-Jun-24,WIDGET B,7,"19,99",$139.93,Zain Garcia
ORD67985,"Jul 14, 2024",Widget A,8, 13.75 ,115.50,Noor Garcia
ORD26500,2024-06-06,Widget B,10, 19.99 ,159.92,Noor Iqbal
ORD27209,2024-08-01,Service Plan,9,49.99,"449,91",Omar Patel
ORD96913,09-19-2024,Service Plan,6,49,"239,95",Maria Lee
ORD26228,07-16-2024,Widget B,7, 19.99 ,$146.93,Ali Lee
ORD56117,2024-07-09,Service Plan,7,$49.99,419,Omar Khan
ORD54842,2024-11-09,Widget B,2,$19.99,"39,98",Ayesha Ahmed
ORD26403,2024-06-23,Widget B,10, 19.99 ,$199.90,Omar Smith
ORD92818,"Jun 11, 2024",Widget B,4,19.99,$63.97,Fatima Khan
ORD26565,2024-08-24,Service Plan,5, 49.99 , 199.96 ,Noor Lee
ORD16356,17/11/2024,Gadget X,1,7,7,John Smith
ORD73717,"Dec 12, 2024",Gadget X,5,$6.30,31.50,John Hussain
ORD76030,22-Aug-24,Service Plan,4,$49.99, 199.96 ,Fatima Smith
ORD82403,28/12/2024,Gadget Y,4,6.04, 24.16 ,Hassan Chen
ORD33711,"Dec 08, 2024",Gadget X,1,7,$6.16,Noor Patel
ORD27240,28-Jul-24,Widget B,1, 19.99 ,$20.99,Zain Hussain
ORD35862,"Oct 09, 2024",Widget A,10,"12,50","150,00",Omar Reyes
ORD65657,08-11-2024,WIDGET B,6,19, 119.94 ,Maria Ahmed
ORD67518,"Sep 12, 2024",Service Plan, 10 , 49.99 ,499.90,Hassan Khan
ORD13218,2024-11-01,Widget B,1,19.99,19,Omar Ahmed
ORD74950,"Nov 06, 2024",Gadget Y,7,5.49,38.43,Sara Garcia
ORD63120,"Sep 19, 2024",Gadget X,9,"7,70","69,30",Ayesha Smith
ORD22177,14/06/2024,Widget B,3, 17.99 ,53,Ayesha Smith
ORD23519,2024-09-04,Gadget Y,9,5.49,49,Omar Reyes
ORD47317,11-29-2024,Gadget Y,7,"5,49",38.43,Maria Chen
ORD34898,"Dec 19, 2024",Widget B,5,17,89.95,John Hussain
ORD62771,07-29-2024,Service Plan,3,$44.99,$134.97,Fatima Khan
ORD80596,"Oct 07, 2024",GADGET Y,10,"5,49",$54.90,Hassan Garcia
ORD90662,06-12-2024,Service Plan,9,54,"494,90",Omar Lee
ORD56471,"Nov 27, 2024",Service Plan,10,49,$499.90,Ayesha Garcia
ORD84717,08-Nov-24,Gadget Y,8,$4.94, 39.53 ,Noor Ahmed
ORD16841,08-02-2024,Widget A,2,"13,75",27,Ayesha Ahmed
ORD44988,2024-07-10,Gadget X,2,7.70,$15.40,Fatima Lee
ORD37814,31-Jul-24,Service Plan,1,$49.99,49,John Chen
ORD56070,06-14-2024,Service Plan,6,"49,99",299,John Lee
ORD65920,"Aug 16, 2024",Gadget X,8,7.70,"61,60",Omar Garcia
ORD65971,26-Dec-24,Gadget X,8,7,"53,20",Maria Chen
ORD16278,01-Oct-24,Widget B,6, 19.99 ,"119,94",Ali Smith
ORD98352,"Jul 31, 2024",Gadget X,10, 6.30 ,$63.00,Hassan Khan
ORD69331,09-30-2024,GADGET X,7,"6,30","44,10",Fatima Patel
ORD21985,2024-10-18,Service Plan,8, 49.99 , 399.92 ,Maria Ahmed
ORD87758,22-Aug-24,Gadget Y,2, 5.49 ,10.98,Ayesha Khan
ORD38521,08-02-2024,Service Plan,9,49.99,$449.91,Fatima Reyes
ORD31034,2024-06-08,Gadget X,1,7.00,7.00,Maria Lee
ORD19096,11-25-2024,Gadget X,1,$7.70,7,Zain Chen
ORD42387,11-23-2024,SERVICE PLAN, 8 ,$54.99,439.91,John Reyes
ORD88316,12-Dec-24,Gadget Y,10,5.49,$57.65,Maria Hussain
ORD18116,09-Oct-24,Service Plan,9,$44.99,485,Hassan Iqbal
ORD12666,2024-06-09,Widget A,6,"11,25", 64.12 ,Ali Iqbal
ORD28228,2024-12-26,Widget A, 3 ,13.75,"41,25",John Patel
ORD41671,2024-08-11,Widget A,7,12.50, 87.50 ,Noor Lee  
ORD92174,29-Dec-24,Gadget Y,5,$4.94,"23,47",Ayesha Hussain
ORD98288,"Jul 14, 2024",Gadget Y,7,$5.49,46.12,Zain Smith
ORD80527,16/09/2024,Gadget X,6,7.00,$50.40,Maria Reyes
ORD34925,08-14-2024,Service Plan,2,"49,99",104.98,Ali Chen
ORD86564,10-26-2024,Widget B,4, 19.99 ,75.96,Fatima Reyes
ORD59884,08-30-2024,Widget B, 3 ,"17,99",56.67,Noor Garcia  
ORD15491,07-15-2024,Gadget X,4,7,"30,80",Noor Lee
ORD53724,03-Sep-24,Gadget X,6,7,$46.20,John Garcia
ORD89467,07-07-2024,Gadget X,4,7,$29.26,Noor Khan
ORD53020,"Jul 14, 2024",Widget B,1,19,$19.99,Fatima Hussain
ORD12512,2024-10-30,Gadget Y,6, 6.04 , 36.23 ,Hassan Ahmed  
ORD94261,12-Jul-24,Widget A,8,$13.75, 110.00 ,Zain Reyes
ORD36065,05-Dec-24,GADGET Y,9,5, 51.88 ,Fatima Lee
ORD19271,06/09/2024,Widget A,7,11.25,78,Hassan Iqbal  
ORD36734,2024-07-10,Service Plan,3,49.99, 149.97 ,Maria Lee
ORD40690,"Jun 29, 2024",Gadget Y,3,"5,49",16.47,Fatima Chen  
ORD92420,23-Jun-24,GADGET X,3,$7.70,"24,26",Fatima Chen  
ORD23619,06/07/2024,Gadget X,10, 7.00 ,56.00,Fatima Garcia
ORD38731,02-Sep-24,Widget A,6,"13,75",$82.50,Omar Iqbal
ORD79581,19/10/2024,Gadget Y,2,4.94,10,John Chen
ORD64658,12/11/2024,Widget A,6,12.50,71.25,Hassan Smith
ORD52212,2024-11-30,Widget B,10,$19.99,199.90,Fatima Iqbal
ORD83034,2024-06-05,Gadget X,5,7,35.00,Maria Ahmed
ORD84462,12/06/2024,Service Plan,6,$54.99,329.93,Noor Garcia
ORD31987,08/10/2024,Widget B,3,19.99,"59,97",Ali Patel
ORD29388,"Jun 17, 2024",Service Plan,2,49.99,99.98,Noor Patel  
ORD26012,"Dec 16, 2024",Widget B,5,$21.99,$109.95,Noor Khan
ORD62195,2024-12-08,Widget B,10,17.99,"179,91",Ali Hussain
ORD86501,2024-10-08,Service Plan,2,49.99,"99,98",Omar Khan
ORD76102,08-08-2024,Gadget X, 10 ,"7,00",$84.00,Ali Iqbal
ORD11529,11-03-2024,SERVICE PLAN,1,$44.99,44.99,Maria Lee
ORD34928,12-Jun-24,Service Plan,9,$49.99,449.91,Sara Chen
ORD78424,04-Aug-24,Service Plan,4,49,199.96,Ayesha Smith
ORD81632,03-Aug-24,Gadget Y,5,"4,94",$24.71,Fatima Hussain
ORD74861,17-Nov-24,Widget B,3,19.99,$59.97,Hassan Ahmed
ORD52310,02-Oct-24,Gadget Y,9,5.49,49,Ayesha Reyes
ORD75843,2024-11-10,Gadget X,9,"7,00", 50.40 ,John Smith
ORD32057,2024-12-01,Widget A,6,"13,75",82,Zain Chen
ORD27305,2024-10-27,Widget A,3, 11.25 ,32.06,Ali Garcia
ORD37571,11-04-2024,Widget B,9,$17.99,161.92,Sara Chen
ORD27922,2024-09-21,Widget B,5,19.99,99.95,Noor Khan
ORD12787,"Jul 05, 2024",Gadget Y,1,5.49,5.76,Noor Garcia
ORD41006,07-31-2024,Widget B,9,19, 215.89 ,Noor Khan
ORD43525,11-27-2024,Widget B,7,19.99,139,Fatima Garcia
ORD89537,06-Sep-24,Gadget Y,9,5.49, 39.53 ,Sara Hussain
ORD53940,07-31-2024,Widget B,10,"19,99",$199.90,Zain Khan
ORD17639,01-Aug-24,Gadget X,4,"6,30",$30.24,Zain Smith
ORD75676,14-Dec-24,Widget B,3, 17.99 ,$53.97,Maria Patel
ORD45514,09-12-2024,Gadget X,4, 7.70 ,"30,80",Fatima Patel
ORD86014,2024-06-04,Gadget X,2,$7.00,14,John Chen
ORD31703,08-17-2024,Service Plan,4, 44.99 ,"179,96",Ayesha Khan
ORD73053,06-22-2024,Gadget X,8, 7.00 ,56,Hassan Ahmed
ORD91857,06-19-2024,Gadget Y,10,6,"60,39",Zain Hussain
ORD74591,2024-10-26,Widget B,9, 17.99 , 161.92 ,Sara Ahmed
ORD18141,2024-11-07,Widget B,6, 19.99 ,119,Ayesha Lee
ORD51176,11-11-2024,Gadget Y,5,6,24,Ali Reyes
ORD10901,2024-12-16,Service Plan,9,49,449.91,John Chen
ORD59713,"Nov 21, 2024",Gadget Y, 5 ,$5.49,"27,45",Hassan Smith
ORD30143,"Dec 02, 2024",Widget A,8,$12.50,100.00,Sara Smith
ORD50860,26/10/2024,Service Plan,6,"49,99",299.94,Omar Lee
ORD55762,2024-12-24,Service Plan,6, 44.99 ,269.95,Ayesha Smith
ORD67527,"Jul 08, 2024",Widget B,4,$17.99,"71,96",John Hussain
ORD33207,2024-06-11,Widget A,2, 12.50 ,"25,00",Maria Iqbal
ORD31972,30-Nov-24,Gadget Y, 6 ,4,29,Zain Patel
ORD17419,03/12/2024,Gadget Y,4,$4.94,$19.76,Fatima Garcia
ORD33347,2024-10-16,Widget A,5,11.25,"53,44",Omar Reyes
ORD53822,21-Sep-24,Gadget X,2,"7,00","11,20",Maria Garcia
ORD19026,18-Sep-24,Widget A,7,12,87,Maria Hussain
ORD20303,23/09/2024,Widget B, 5 ,19.99,$94.95,Noor Lee
ORD76336,"Dec 08, 2024",Widget A,6,12, 75.00 ,Maria Reyes
ORD43963,"Dec 29, 2024",Widget A,10,"12,50",$125.00,Ali Reyes
ORD59415,30-Nov-24,Widget B,1,"21,99","21,99",Hassan Ahmed
ORD70258,2024-12-28,Service Plan,5, 54.99 , 274.95 ,Zain Reyes
ORD89446,25-Nov-24,Service Plan,2,54.99,109,Omar Iqbal
ORD85877,28-Dec-24,Gadget Y,2,"4,94","9,88",Ayesha Hussain
ORD95678,"Jul 25, 2024",Widget B,2,$19.99,39.98,Zain Reyes
ORD98651,29-Dec-24,Widget B,5, 17.99 ,"89,95",Zain Ahmed
ORD74060,09/09/2024,Widget A,1,11,$11.25,Ali Khan
ORD17608,03-Jul-24,Widget B,10,19.99,199.90,John Patel
ORD68692,16/09/2024,Gadget X,8, 7.70 ,$61.60,Sara Smith
ORD57106,"Dec 03, 2024",Gadget X,9, 7.00 ,$63.00,Ayesha Ahmed
ORD33937,2024-12-06,Service Plan,2,"49,99",$99.98,Sara Iqbal
ORD83531,2024-10-21,Widget A,10,11,112.50,Maria Patel
ORD55308,08-Oct-24,Widget B,1,"17,99",17,Ayesha Lee
ORD56540,06-05-2024,Gadget X,10,7,$70.00,Omar Ahmed
ORD12181,08/07/2024,Gadget X,9,7.00,$63.00,Zain Iqbal
ORD86603,2024-09-21,Widget A,10,"11,25",$118.12,Maria Chen
ORD56072,09-Nov-24,Gadget Y,7,5.49,$38.43,Omar Hussain
ORD89179,2024-07-20,Widget A, 1 , 12.50 ,$12.50,Ayesha Lee
ORD80429,21-Nov-24,Widget B,9,21,197.90,Fatima Garcia  
ORD65043,09-03-2024,Gadget X,9,$7.00, 75.60 ,Fatima Lee
ORD30433,06-02-2024,Service Plan,1,49.99,"49,99",John Lee
ORD38979,"Aug 21, 2024",Gadget Y,5,"5,49","27,45",Zain Iqbal
ORD59269,2024-10-26,Widget A,4,"11,25",$45.00,Zain Garcia
ORD62325,"Nov 25, 2024",GADGET Y,5,5,"27,45",Maria Khan
ORD29093,10-22-2024,Widget B,6,17,$107.95,Omar Ahmed
ORD31012,12-28-2024,Widget B,5,"17,99",$89.95,Maria Smith
ORD55135,07/12/2024,Service Plan,1,49.99,49,Fatima Hussain
ORD69860,12-20-2024,Gadget X,8, 7.00 ,"56,00",Ayesha Ahmed
ORD13673,2024-10-16,Widget A,9,"11,25", 101.25 ,Ayesha Reyes
ORD12852,18-Jul-24,Gadget X,2, 6.30 ,12.60,Ali Iqbal
ORD38200,11/10/2024,Gadget X,7,$6.30, 44.10 ,Fatima Reyes
ORD80129,2024-09-10,Widget A,2,"12,50",25.00,Hassan Chen
ORD14206,2024-10-05,Widget A,3,12,$30.00,Ayesha Ahmed
ORD42941,"Aug 14, 2024",Service Plan,10, 49.99 ,499,Maria Hussain
ORD56415,"Jun 23, 2024",Widget A,7, 13.75 ,$96.25,Ayesha Patel
ORD71438,"Dec 27, 2024",Gadget Y,1,"6,04",6,Fatima Garcia
ORD93203,06-Oct-24,Widget B,5,19.99,99,Ali Chen
ORD76998,18-Dec-24,Gadget Y, 2 ,4.94,"9,88",Ayesha Lee
ORD14737,26/07/2024,Widget A,8,$13.75, 88.00 ,John Patel
ORD29614,30/07/2024,Gadget X,4, 6.30 , 25.20 ,Zain Iqbal
ORD43338,08-27-2024,Widget B,1,"19,99","19,99",Fatima Reyes
ORD55872,09-Jun-24,Gadget Y,10,6.04,48,Ayesha Ahmed
ORD20474,05/06/2024,Gadget X,5,$6.30,31,Fatima Chen
ORD77770,24/10/2024,Service Plan,1, 44.99 , 44.99 ,Noor Patel
ORD96022,2024-08-01,Service Plan,4,49.99,"199,96",Ali Reyes
ORD19848,06/06/2024,Service Plan,9, 49.99 ,$427.41,Ali Iqbal
ORD37496,08-29-2024,Widget B,4,19,63,Sara Iqbal
ORD46134,24/11/2024,Gadget X,1,6, 7.56 ,Fatima Smith  
ORD20241,02/12/2024,Gadget X,1,"7,00", 7.00 ,Omar Khan
ORD47911,16/10/2024,Gadget Y, 4 ,"6,04","24,16",Ayesha Smith
ORD98328,06/07/2024,Widget B,1,19.99,19,John Hussain
ORD32332,12-20-2024,Widget A,1, 12.50 ,"12,50",John Hussain
ORD54707,"Sep 29, 2024",Widget B,3,19,59.97,Hassan Chen
ORD74449,13/06/2024,Widget A,8,"12,50",100.00,Zain Reyes
ORD62543,01-Aug-24,Gadget Y,8,"5,49", 43.92 ,John Garcia
ORD46046,2024-10-28,Gadget Y,2,6.04,12.08,Maria Lee
ORD35365,"Aug 24, 2024",Gadget Y,2,5.49,10.98,Omar Smith
ORD78667,10-07-2024,Gadget X,2,6,12.60,Hassan Iqbal
ORD95137,"Oct 29, 2024",GADGET Y,7, 5.49 ,38.43,Ali Hussain
ORD31601,10-Nov-24,Gadget X,5,7, 35.00 ,Hassan Hussain  
ORD97713,19/06/2024,Gadget X,7,7.70,"53,90",Fatima Chen
ORD64462,15/08/2024,Service Plan,2,"49,99",$99.98,Sara Garcia
ORD86730,2024-12-09,Service Plan,4,"49,99",199.96,Ayesha Khan
ORD47910,09-07-2024,GADGET Y,3,$6.04,18.12,Sara Ahmed
ORD34588,26/09/2024,Service Plan,1,44.99,35,Zain Garcia
ORD14134,"Dec 01, 2024",SERVICE PLAN,4,"44,99",$179.96,John Lee
ORD44351,"Jul 08, 2024",Widget A,2,$11.25,22,Omar Smith
ORD75843,17/09/2024,Widget A,7, 12.50 , 87.50 ,Sara Patel
ORD95887,06/06/2024,Gadget X,3, 7.00 ,"21,00",Omar Smith
ORD88026,23/08/2024,Widget B,4,17,71.96,John Iqbal
ORD52827,25-Dec-24,Gadget Y,9,$5.49,49,Sara Reyes
ORD98700,14-Jul-24,Gadget Y,8,5,$35.14,John Khan
ORD88422,"Jun 07, 2024",Gadget X,3, 7.00 ,21.00,Sara Hussain
ORD34934,2024-08-31,Gadget Y,10,"5,49",54,Hassan Garcia
ORD26880,18/09/2024,Gadget X,1, 6.30 ,7,Omar Lee
ORD39217,22/12/2024,Service Plan,9,"49,99",539,Hassan Khan
ORD56631,24/06/2024,Gadget X,2,"7,00",11.20,Ali Ahmed  
ORD47483,"Nov 26, 2024",Gadget X,8,"6,30",50.40,Ayesha Hussain
ORD89758,2024-08-21,Widget B,3,"19,99",62,Maria Khan
ORD94405,"Jul 10, 2024",WIDGET A,9,"13,75",$123.75,Sara Lee
ORD13544,10-02-2024,Gadget X,4,$7.70,30.80,Noor Khan
ORD52495,"Dec 13, 2024",Widget B,5,"19,99",99,John Smith
ORD37428,07-24-2024,Service Plan,8,$44.99, 359.93 ,Zain Reyes
ORD27051,08-30-2024,Widget B,4,$19.99,$79.96,Omar Khan
ORD60178,26/08/2024,Widget A,2,12, 25.00 ,Zain Smith
ORD91103,"Aug 05, 2024",Widget B,4,19,79,Hassan Smith
ORD28757,"Sep 06, 2024",Widget A,8,$13.75,110,John Hussain
ORD66038,04-Jun-24,Gadget Y,6,$5.49,"32,94",Hassan Garcia
ORD50978,06-01-2024,Widget A,5,12,"62,50",Maria Chen
ORD49210,06-26-2024,Service Plan,5,"44,99",$224.95,Hassan Reyes
ORD44848,2024-10-02,Gadget Y,3,"4,94","14,82",Fatima Patel
ORD23385,2024-09-03,Gadget Y,9,$5.49, 49.41 ,Maria Patel
ORD39172,09-17-2024,Service Plan,8,"49,99",399,Maria Smith
ORD75840,10-17-2024,Service Plan,1,$44.99,44.99,Ali Khan
ORD52684,"Nov 28, 2024",SERVICE PLAN,10,$54.99, 549.89 ,Sara Ahmed
ORD13465,08-17-2024,Widget A,5,"13,75", 68.75 ,Noor Lee
ORD14203,10-01-2024,Widget A,8,12.50,"100,00",Ali Iqbal
ORD69163,23-Jun-24,Gadget X,3,7,$21.00,Fatima Smith
ORD27487,07/08/2024,Gadget Y,4, 4.94 ,"23,72",Maria Ahmed
ORD84837,2024-11-02,Gadget X,9,7,63,John Garcia
ORD18487,"Nov 12, 2024",WIDGET B,7,17,"125,94",Ayesha Patel
ORD16016,"Jul 12, 2024",Widget B,4,$19.99, 79.96 ,Noor Garcia
ORD74232,12/12/2024,Gadget X,3,7.00,"21,00",Omar Lee
ORD68790,09/11/2024,Widget A,9, 12.50 ,112,Ali Hussain
ORD68248,"Jun 30, 2024",WIDGET B,3,"19,99",62.97,Ali Hussain
ORD50215,2024-08-24,Gadget Y,8,6.04,$48.31,Noor Reyes
ORD15736,10-Nov-24,Gadget Y,3,5.49,$16.47,Omar Khan
ORD53339,10-27-2024,Widget A,2,$12.50,25,Fatima Patel
ORD10691,06/06/2024,Widget B,8,19.99, 159.92 ,Ali Iqbal
ORD51855,"Aug 20, 2024",WIDGET A,8, 11.25 , 94.50 ,Ayesha Garcia
ORD27099,27/09/2024,GADGET Y,10,4,49.41,Ayesha Khan
ORD41428,2024-06-12,Widget A,4,11.25,45,Ayesha Hussain
ORD80529,"Sep 12, 2024",Widget A,8, 11.25 , 90.00 ,Omar Reyes
ORD70276,2024-06-05,Service Plan,1,54.99,54,Fatima Iqbal
ORD65810,"Jun 25, 2024",Gadget X,6, 7.70 ,$36.96,Zain Ahmed
ORD16164,15/06/2024,Service Plan,5, 49.99 ,"249,95",Ayesha Ahmed
ORD90286,23/10/2024,Gadget X,1,6.30, 6.30 ,Omar Hussain
ORD29859,28/11/2024,Widget A,8, 11.25 ,90,Fatima Lee
ORD27641,"Oct 15, 2024",GADGET X,2, 7.00 ,$14.00,Noor Garcia
ORD64933,"Aug 08, 2024",Widget B,8,19,159,Maria Khan
ORD42019,23/06/2024,Gadget X,9,7.70, 72.77 ,Omar Reyes
ORD27339,2024-12-20,Gadget X,10,6.30,$63.00,Noor Iqbal
ORD58682,"Jun 13, 2024",SERVICE PLAN,8,$49.99, 399.92 ,Hassan Iqbal
ORD61883,2024-11-04,Widget B,1,$21.99,21,Zain Iqbal
ORD37155,"Sep 18, 2024",Gadget X,7,$7.00, 49.00 ,Hassan Smith
ORD26047,2024-09-10,Gadget X,9,7.70,"69,30",Noor Patel
ORD76674,10/07/2024,Widget A,10,12, 125.00 ,Sara Hussain
ORD25542,20-Jul-24,Widget A,1, 11.25 ,"11,25",Fatima Ahmed
ORD68163,2024-07-14,Widget B,1,17.99,"17,99",Sara Khan
ORD79621,10-Aug-24,Widget A,9, 12.50 ,112,Ali Reyes
ORD57811,06-16-2024,GADGET Y,5,"5,49","27,45",Ali Iqbal
ORD26180,"Oct 23, 2024",Gadget Y,6, 5.49 , 32.94 ,Omar Reyes
ORD68570,22/12/2024,Widget B,6,21,131.93,Zain Reyes
ORD60297,2024-08-20,Service Plan,5,$44.99,"224,95",Ali Iqbal
ORD13062,26-Jun-24,Gadget Y,6,"6,04",36,Noor Smith
ORD85318,"Sep 15, 2024",Gadget Y,5,5,$27.45,Maria Smith
ORD38460,06/10/2024,Widget B,3,$19.99,59,Hassan Patel
ORD27887,"Sep 24, 2024",Gadget X,5,$7.00,"35,00",Maria Smith
ORD24837,09-18-2024,Gadget X,2,$6.30,$12.60,Sara Iqbal
ORD48285,10-19-2024,Gadget X,9, 7.00 ,$63.00,Sara Smith
ORD75879,2024-11-19,Gadget X,8,6,$50.40,Hassan Garcia
ORD22659,"Dec 18, 2024",Service Plan,5,49.99,249.95,Hassan Lee
ORD94012,06-18-2024,GADGET Y,4,5.49,$21.96,Ayesha Ahmed
ORD74089,15-Nov-24,Widget B,1,$19.99,19.99,John Chen
ORD67459,2024-10-28,Widget B,7,"19,99",$139.93,John Smith
ORD76993,07-Aug-24,Service Plan, 2 ,49.99,"99,98",Noor Hussain
ORD66869,"Nov 19, 2024",Widget B,5,21.99, 115.44 ,Fatima Smith
ORD66598,03/07/2024,Service Plan,9,49,$449.91,Ayesha Hussain
ORD24957,07-17-2024,Service Plan,1,44,44,Maria Smith
ORD87638,04/06/2024,Service Plan,9,49.99, 449.91 ,Sara Hussain
ORD24196,"Nov 10, 2024",Gadget Y,2, 4.94 ,9.88,Ayesha Patel
ORD35999,18/08/2024,Gadget X,4,$7.00,28.00,Noor Ahmed
ORD52060,"Oct 18, 2024",Service Plan,3,"49,99","149,97",John Lee
ORD93359,08-Jul-24,Gadget Y,8,$6.04,"48,31",Sara Reyes
ORD79751,2024-09-18,Widget B,6, 19.99 ,"119,94",Noor Reyes
ORD54425,03/08/2024,Service Plan,9,$49.99, 449.91 ,Zain Patel  
ORD22358,"Jun 12, 2024",Widget A,3,12.50,"37,50",Fatima Chen
ORD15998,2024-12-29,Widget A,1,12.50,12,Noor Khan
ORD83499,"Oct 23, 2024",Widget A,3,12.50,37.50,Hassan Reyes
ORD86194,09-04-2024,Service Plan,6,49,"299,94",John Chen
ORD22067,"Dec 20, 2024",Widget A,9, 12.50 , 112.50 ,Omar Hussain
ORD98082,01-Sep-24,Service Plan,8, 49.99 ,399.92,Ayesha Reyes
ORD85001,2024-11-26,Service Plan, 8 ,54.99, 461.91 ,Ayesha Iqbal
ORD37956,16/12/2024,Gadget X,7,"7,70",$53.90,Sara Smith  
ORD99200,07-Jun-24,Gadget X,9,7,63,Hassan Patel
ORD83768,26/09/2024,Gadget Y,6,"6,04",36.23,John Lee
ORD80513,02/10/2024,Gadget X,3,7.00,21.00,Hassan Ahmed
ORD71016,2024-07-09,Gadget X,2,$6.30,"11,97",Ali Lee
ORD65911,03-Aug-24,Gadget Y,4, 6.04 ,24.16,John Patel
ORD33722,08-29-2024,Service Plan,6,44.99, 256.45 ,Zain Garcia
ORD20814,01-Nov-24,Gadget Y,2,$5.49,10.98,Ali Garcia
ORD15923,25-Dec-24,Gadget X,1,$7.00,7,Maria Garcia
ORD26008,08-08-2024,GADGET X,1,7,$8.09,Zain Khan
ORD93335,2024-10-13,Gadget X,3,7.00,21.00,Omar Chen
ORD52494,07-17-2024,Gadget X,6,7,42,Maria Lee
ORD92153,"Aug 05, 2024",Widget A,1,$13.75,"13,75",Sara Garcia
ORD13783,"Dec 18, 2024",Gadget X,4,"7,00",28,Ayesha Smith
ORD35743,"Sep 04, 2024",Widget A,1,$11.25,11,Hassan Ahmed
ORD82056,05/06/2024,Widget A,4,13, 55.00 ,Zain Smith
ORD11217,02-Oct-24,Widget B,1,19,19,Omar Smith
ORD29319,11/09/2024,Widget A,4, 11.25 ,"54,00",Ayesha Smith
ORD38743,08-25-2024,Widget A,9,13,117.56,Omar Lee
ORD33506,2024-10-16,Widget A,1, 13.75 , 13.75 ,John Chen
ORD75834,15-Jul-24,SERVICE PLAN,9,54,"494,90",Noor Ahmed
ORD97832,2024-11-08,Widget B,1,19,$19.99,Fatima Patel
ORD91273,2024-09-14,Widget A,7,"11,25", 78.75 ,John Iqbal
ORD89840,24-Oct-24,Widget B,2,21.99, 43.98 ,Zain Hussain
ORD72189,17/11/2024,Gadget X,6,7,42,Fatima Iqbal
ORD20776,09/08/2024,Widget B,1, 21.99 , 21.99 ,Sara Chen
ORD21110,06-20-2024,Widget A, 6 ,12,$75.00,Zain Ahmed
ORD31447,12-06-2024,SERVICE PLAN,4,"54,99","219,96",Hassan Patel  
ORD12616,11/08/2024,GADGET X,4,$7.00,28,Fatima Chen
ORD94485,10-26-2024,Widget A,8,"12,50",$100.00,Zain Iqbal
ORD69361,27/06/2024,Gadget X, 10 ,7,70.00,John Smith  
ORD15239,2024-06-10,Widget A,6,$12.50, 90.00 ,Sara Reyes
ORD73201,28/07/2024,Widget B,2,$21.99,$43.98,Fatima Lee  
ORD52943,03-Oct-24,Gadget Y,8,"5,49",43,John Khan
ORD66795,"Sep 01, 2024",Gadget X,10, 7.00 ,73.50,Zain Reyes
ORD63604,07-18-2024,GADGET Y,8,$5.49,43.92,Hassan Patel
ORD98980,2024-06-01,Gadget Y,3,5,16.47,Noor Lee
ORD45090,14-Oct-24,Service Plan,8,44,359,Fatima Garcia
ORD70762,2024-11-08,Service Plan,2,$49.99, 99.98 ,Omar Smith
ORD50765,"Nov 03, 2024",GADGET Y,2,6,12.68,Hassan Reyes
ORD74667,2024-11-11,Widget B,4,"17,99","71,96",Maria Chen
ORD46833,22-Jul-24,Service Plan,9,49.99, 449.91 ,Hassan Lee
ORD13155,24-Aug-24,Widget A,2,"12,50",30.00,Ali Hussain
ORD50904,"Jun 15, 2024",Gadget X,2,7,"14,70",Ali Chen
ORD14845,"Nov 24, 2024",Service Plan,8,44,359,Hassan Reyes
ORD36981,"Nov 04, 2024",WIDGET B,6,17,107,Ali Lee
ORD24321,22-Nov-24,Widget A,10,12,125,Maria Chen
ORD26454,2024-09-06,Gadget X,9,7.00, 63.00 ,Ali Chen
ORD67876,2024-10-04,Gadget Y,4,5, 17.57 ,John Ahmed
ORD90686,07-05-2024,Gadget Y,10,$5.49,$54.90,John Hussain  
ORD96891,2024-10-23,Gadget X,7,$6.30,44.10,Zain Khan
ORD92795,"Oct 30, 2024",Widget B,10,19,$199.90,Omar Reyes
ORD71305,"Jun 02, 2024",Widget A,4,$12.50,"50,00",Ali Garcia
ORD33549,09-09-2024,SERVICE PLAN,10,49.99, 499.90 ,Sara Patel  
ORD92224,"Jul 04, 2024",Gadget X,5, 7.00 , 35.00 ,Ayesha Smith
ORD57077,"Dec 13, 2024",Gadget Y,5, 5.49 ,"27,45",Hassan Hussain
ORD11854,20/09/2024,SERVICE PLAN,1,"44,99",$44.99,Sara Patel
ORD75880,"Oct 13, 2024",Widget B,4,"17,99",71,Fatima Ahmed
ORD82213,09-12-2024,Gadget Y,4,$5.49,$26.35,Noor Iqbal
ORD38797,"Nov 08, 2024",Gadget Y, 9 ,$5.49,"49,41",Omar Iqbal
ORD74685,29-Nov-24,Service Plan,7, 49.99 ,"349,93",Hassan Ahmed
ORD81056,08-28-2024,SERVICE PLAN,6,49,"359,93",Ali Iqbal
ORD75565,07-07-2024,Widget B,4,"19,99",$79.96,Ali Chen
ORD49186,06-27-2024,Gadget X,7,"7,00",49.00,Fatima Ahmed
ORD25392,"Dec 19, 2024",Widget B,4,"19,99",79.96,Ali Reyes
ORD97653,02-Nov-24,Widget A,2,"11,25",22,Fatima Lee
ORD95026,03-Aug-24,Widget A,1,12, 12.50 ,Sara Iqbal
ORD98024,"Aug 26, 2024",Widget B,3,"17,99",53.97,Hassan Lee
ORD83834,13/06/2024,Widget A,4, 11.25 ,"54,00",Hassan Garcia
ORD98414,06-13-2024,Service Plan,8,44,$359.93,Maria Hussain
ORD93643,17/07/2024,Service Plan, 1 ,49,"49,99",Omar Patel
ORD41631,2024-11-01,Widget A,10,$13.75,130,Hassan Ahmed  
ORD23408,"Aug 08, 2024",Widget A,7,12,$70.00,Fatima Lee
ORD29702,01-Aug-24,Widget B,7,17,125.94,Ayesha Iqbal
ORD24219,2024-06-02,Gadget X,1,7.00,"7,00",John Chen
ORD92522,02-Oct-24,GADGET X,2,6.30, 15.12 ,Zain Chen
ORD65573,21-Jun-24,Widget A,4,$12.50,$50.00,John Reyes
ORD75290,18-Jun-24,Gadget X,6,7.70,$46.20,John Chen
ORD68190,15-Nov-24,Gadget X,4,$7.70, 29.26 ,Fatima Reyes
ORD82086,26-Aug-24,GADGET Y,5,5,27.45,Ayesha Reyes
ORD24515,12-23-2024,Widget A,1, 12.50 ,"12,50",Ayesha Ahmed
ORD62016,"Jul 15, 2024",Service Plan,7,$44.99,314.94,Ayesha Patel
ORD22240,07-11-2024,Gadget Y,10,"5,49", 54.90 ,Zain Garcia
ORD72482,"Sep 13, 2024",Widget B,2,21.99,"43,98",Fatima Chen
ORD15716,2024-09-02,Service Plan,8,$44.99,"359,93",Maria Khan
ORD56994,2024-11-09,Widget A,1, 13.75 ,"11,00",Ayesha Smith
ORD47658,01-Jun-24,Gadget Y,8,6, 48.31 ,Maria Lee  
ORD56584,09-07-2024,GADGET Y,5,"4,94", 24.71 ,Maria Garcia
ORD63024,2024-12-10,Widget A, 8 ,$12.50, 100.00 ,Fatima Garcia
ORD40247,06-16-2024,Service Plan,6,49,299.94,Sara Patel
ORD55102,07-19-2024,SERVICE PLAN,9,49, 449.91 ,Fatima Smith
ORD67592,"Sep 21, 2024",Widget B,1, 17.99 ,"14,39",Ali Smith
ORD81996,"Dec 29, 2024",Gadget X,3,6.30,18.90,Maria Chen
ORD81444,01/10/2024,Gadget Y,10, 5.49 ,$54.90,Ali Lee
ORD60162,27/10/2024,Gadget X,1,"7,00",7,Ayesha Khan
ORD80412,"Jul 31, 2024",WIDGET B,2,"17,99", 35.98 ,Noor Iqbal
ORD63169,"Oct 14, 2024",Widget B,1,$19.99,"19,99",Noor Smith
ORD78440,12/09/2024,Widget B,5,"17,99","89,95",Zain Chen
ORD72125,"Dec 04, 2024",Gadget X,9,"7,00", 63.00 ,Hassan Garcia
ORD14361,21/09/2024,Service Plan,7,$49.99,349.93,Sara Patel
ORD41431,07-04-2024,Service Plan,9, 54.99 ,494.90,Ayesha Iqbal
ORD62993,14-Jun-24,Widget B,8, 19.99 ,"151,92",Sara Hussain
ORD79367,14/07/2024,Gadget X,1,"7,70", 7.70 ,Hassan Chen
ORD21365,09/07/2024,WIDGET B,8,19.99, 159.92 ,Noor Garcia
ORD20448,26/08/2024,Gadget X,10,7,"70,00",Ali Hussain  
ORD23262,08-26-2024,Gadget X,8,$6.30,50,Ali Garcia
ORD55884,02-Sep-24,Gadget X,1,7.00,"7,00",Hassan Ahmed  
ORD16941,"Jun 14, 2024",GADGET Y,2, 4.94 ,"9,88",Zain Garcia
ORD58738,29/06/2024,Service Plan,4,$49.99,199,Sara Chen
ORD82051,30/10/2024,Service Plan,2,$54.99,$109.98,Omar Ahmed
ORD61202,07-Oct-24,Widget A,1,12.50, 12.50 ,Ayesha Chen
ORD15923,24-Nov-24,Gadget Y,7,"6,04","50,73",Sara Lee
ORD28075,14-Sep-24,Service Plan,1,44.99,"47,24",John Patel
ORD21806,28-Nov-24,Widget A,6,"12,50",75,Maria Lee
ORD63814,"Oct 20, 2024",Service Plan,7,"49,99","349,93",Omar Khan
ORD51130,2024-12-19,Widget B,10,"17,99",$179.91,Ayesha Garcia
ORD91511,12-24-2024,Widget B,2,"17,99", 35.98 ,Maria Ahmed  
ORD97608,06-28-2024,Service Plan,10,44,"449,91",Hassan Garcia
ORD20157,"Aug 02, 2024",Gadget X,6,$7.00,$42.00,Hassan Patel
ORD75136,01/12/2024,Widget A,5, 12.50 ,62.50,Fatima Smith
ORD95092,"Jun 21, 2024",SERVICE PLAN,4,$44.99,179.96,John Chen
ORD41373,"Jul 29, 2024",Gadget X,4,$7.70,$29.26,John Patel
ORD33787,09-16-2024,Widget A,2,$12.50,$25.00,Ayesha Khan
ORD30896,06-Nov-24,Gadget Y,4,5.49,"21,96",Maria Hussain
ORD78306,"Oct 04, 2024",Service Plan,6,49.99,"299,94",Sara Garcia
ORD37287,25/11/2024,Widget B,7, 19.99 ,"111,94",Ayesha Khan  
ORD79377,2024-06-27,Widget B,7,19.99,139,Noor Patel
ORD45739,11-Oct-24,Widget A,9, 13.75 ,$148.50,Hassan Lee
ORD14542,25/12/2024,Widget A,5,13.75,$68.75,Omar Patel
ORD37510,09-01-2024,WIDGET A,1,12,"12,50",Maria Smith
ORD28057,"Oct 26, 2024",Gadget Y,2,$6.04,12,Maria Khan
ORD45238,"Sep 19, 2024",Service Plan,7,"54,99",461,Ali Khan
ORD29590,2024-08-02,Service Plan,9,44, 404.92 ,Sara Reyes
ORD50205,2024-10-25,Widget A,10,"12,50","150,00",Ali Khan
ORD21447,27-Dec-24,Gadget X,6,"7,70","46,20",Maria Ahmed
ORD70806,16/11/2024,Widget B,9,17,153.82,Fatima Chen
ORD67886,"Sep 24, 2024",Service Plan,7,"49,99",349.93,Zain Reyes
ORD83666,2024-12-02,Widget A,9,12,112,Hassan Khan
ORD26998,29-Dec-24,Widget A,4, 11.25 ,$45.00,Fatima Patel
ORD63294,10-04-2024,Gadget X,7,$7.00,49.00,Ayesha Hussain
ORD64520,2024-12-01,SERVICE PLAN,10,49,499.90,Ayesha Patel
ORD94548,"Sep 19, 2024",Gadget X,10, 7.00 ,$70.00,Maria Smith
ORD87775,01-Oct-24,Widget B,6, 19.99 ,119.94,Ayesha Smith
ORD44541,19/08/2024,WIDGET A,10, 11.25 ,$118.12,John Reyes
ORD48480,18-Oct-24,Gadget X, 10 ,"7,00", 70.00 ,Hassan Iqbal
ORD73213,14-Jul-24,Service Plan,2,49.99,99,Maria Chen
ORD83368,06-26-2024,Gadget X,9,7,$75.60,Zain Garcia
ORD62947,"Aug 24, 2024",Service Plan,6,49,"299,94",Ali Chen
ORD23714,08-19-2024,Widget A,5,12.50,62.50,Maria Garcia
ORD15714,2024-10-22,Service Plan,3, 49.99 ,149.97,Maria Ahmed
ORD11591,10-16-2024,Gadget Y,1,5,$5.49,Zain Khan
ORD99638,"Aug 22, 2024",Gadget X,5,7.00,35.00,John Reyes
ORD57754,18-Nov-24,Gadget Y,1,$4.94,$3.95,Maria Iqbal
ORD83346,"Nov 24, 2024",WIDGET A, 4 ,13,"55,00",John Iqbal
ORD96634,"Jun 28, 2024",Widget B,8,21, 175.91 ,Omar Lee
ORD26517,10-25-2024,Service Plan,7,44,"314,94",Sara Chen  
ORD69258,2024-12-22,Gadget Y,3,6.04, 18.12 ,John Iqbal
ORD65530,2024-11-17,Widget B,6,21.99,$131.93,Omar Chen
ORD96777,2024-10-08,GADGET Y,6,$4.94,"29,65",Ayesha Khan
ORD46048,"Aug 16, 2024",SERVICE PLAN,7,54.99,$365.68,Ali Garcia
ORD24015,07/09/2024,Service Plan,1, 49.99 , 49.99 ,Zain Iqbal
ORD26376,17/12/2024,Widget A,1,$13.75,13,Sara Ahmed
ORD91852,12-21-2024,Gadget X,5,"7,70",38.50,Fatima Smith
ORD59772,04-Dec-24,Service Plan,2, 49.99 ,$99.98,Omar Iqbal
ORD69689,27/07/2024,Service Plan,7,$49.99,332.43,Hassan Patel
ORD96698,"Dec 16, 2024",Widget B,8,19.99,$159.92,Sara Smith
ORD40427,10-20-2024,Widget A,4, 11.25 , 45.00 ,John Patel
ORD45531,14/10/2024,Service Plan,4, 49.99 ,"199,96",Zain Iqbal
ORD15597,06-06-2024,Gadget Y,8, 4.94 ,$39.53,Hassan Garcia
ORD83614,05/06/2024,Service Plan,9,49,539.89,Hassan Patel
ORD74737,"Nov 12, 2024",Service Plan,10, 54.99 ,"549,89",Hassan Iqbal
ORD14351,"Jun 08, 2024",Widget A,7,11,"78,75",Maria Hussain
ORD54706,"Dec 13, 2024",Gadget Y,2,$5.49,10,Hassan Garcia
ORD84904,19-Aug-24,Widget B,1,"19,99",19,Omar Ahmed
ORD68828,10-10-2024,Widget B,6,$19.99,113,Omar Smith
ORD26906,09-10-2024,Gadget X,1,$6.30,"6,30",Ali Ahmed
ORD24869,10-02-2024,Service Plan,1,49.99, 49.99 ,Zain Lee
ORD90521,2024-12-25,Gadget X, 7 ,7.00,"49,00",Maria Smith
ORD57725,"Sep 26, 2024",Gadget Y,6,5, 32.94 ,Noor Chen
ORD80425,27/08/2024,Gadget X,10, 7.00 ,$70.00,Fatima Patel
ORD62233,"Nov 24, 2024",Gadget X,6, 7.00 ,42,Fatima Hussain
ORD94017,2024-07-15,Gadget X,2, 6.30 , 12.60 ,Zain Khan
ORD15436,"Dec 05, 2024",Widget A,6,"12,50","78,75",Noor Ahmed
ORD51016,05/12/2024,Gadget X,10,$7.00,$70.00,Hassan Ahmed
ORD30129,12-13-2024,Service Plan,7,"49,99", 349.93 ,Fatima Garcia
ORD82038,06-02-2024,Widget B,5,19,$104.95,Omar Reyes
ORD84502,30-Nov-24,Gadget Y,4,"5,49",$21.96,Ali Reyes
ORD65676,07-Jun-24,WIDGET A, 6 , 13.75 ,$78.38,John Khan
ORD31438,16/06/2024,Widget A,7,"12,50",87,Fatima Ahmed
ORD63307,08-11-2024,Widget A,8,"12,50",100,Noor Hussain
ORD54744,2024-12-26,Widget A,1,12.50,$12.50,Hassan Hussain
ORD38776,09-15-2024,WIDGET A,2,12,25,Omar Garcia  
ORD66193,"Jul 24, 2024",Gadget X,1,7,7.35,Omar Hussain
ORD10648,"Sep 21, 2024",Service Plan,7,49,$349.93,Ayesha Lee
ORD32522,06-Aug-24,Service Plan,6,$44.99,256.45,Omar Khan
ORD56933,14-Jul-24,Widget B,5,"19,99",99.95,Fatima Hussain
ORD91176,2024-07-21,Gadget Y,10,"5,49","57,65",Ayesha Garcia
ORD58192,08-24-2024,Service Plan,1, 49.99 ,"49,99",Maria Reyes
ORD13471,05-Nov-24,Gadget X,10,"7,00", 70.00 ,Omar Reyes
ORD36918,18-Aug-24,Gadget X,6, 7.70 ,48,Maria Khan
ORD82852,09-19-2024,Gadget X,3,"7,00", 21.00 ,Noor Garcia
ORD11278,2024-07-20,Gadget X,7,7,$53.90,Ayesha Iqbal
ORD71918,08-16-2024,Widget B,3,$19.99,$59.97,Maria Reyes
ORD58044,"Aug 03, 2024",SERVICE PLAN,8,"54,99", 439.91 ,Noor Smith
ORD18961,06-Aug-24,Widget A,4,$12.50,"50,00",Fatima Patel
ORD90532,2024-11-26,Widget A,7, 12.50 ,87,Noor Hussain
ORD69881,2024-10-26,Widget A,6, 11.25 ,"67,50",Zain Hussain
ORD22765,27-Dec-24,Widget B,8,$21.99,"175,91",Fatima Reyes
ORD83310,29-Jun-24,WIDGET A,9,12, 112.50 ,Zain Reyes
ORD30424,"Oct 20, 2024",Service Plan,7,"49,99",349,Noor Ahmed
ORD58769,"Dec 04, 2024",Gadget X,4, 7.70 ,30.80,Noor Chen
ORD68917,"Aug 29, 2024",Gadget X,3, 7.00 ,21,Maria Ahmed
ORD11519,03-Oct-24,Widget B,8,$19.99, 159.92 ,Fatima Lee
ORD24582,"Jun 21, 2024",Widget A,7, 13.75 ,96.25,John Khan
ORD77201,2024-12-03,Widget A,5,"12,50",59.38,Ali Reyes  
ORD15806,18-Oct-24,Gadget X,3,$7.70,$23.10,Omar Khan  
ORD70218,10-10-2024,Service Plan,9,49,$539.89,Omar Lee
ORD90495,03/11/2024,Service Plan,1,$44.99,44,Omar Lee
ORD90054,"Aug 16, 2024",Widget B,2,17,"35,98",John Garcia
ORD29234,"Aug 18, 2024",Gadget X,10,"7,70",77,Hassan Hussain
ORD36885,"Nov 01, 2024",Gadget Y,6, 6.04 ,"36,23",Ayesha Reyes
ORD26143,17-Jun-24,Service Plan,6,49,299.94,Hassan Lee
ORD96363,2024-10-25,Gadget Y,6,$4.94, 29.65 ,Fatima Hussain
ORD34123,12-11-2024,Gadget Y,4,5,21.96,John Hussain
ORD71645,"Oct 08, 2024",Gadget Y,1,"5,49",$5.49,Zain Iqbal
ORD84509,30-Oct-24,Widget A,9,12.50,$112.50,Ali Hussain
ORD33737,"Nov 17, 2024",Gadget X,4,$7.00, 28.00 ,Maria Iqbal
ORD59623,"Oct 13, 2024",Gadget X,3, 7.00 ,"21,00",Maria Khan
ORD84840,2024-08-19,Widget A, 4 , 13.75 , 55.00 ,Sara Ahmed
ORD95176,24-Oct-24,Gadget X,4,7.00,28,Hassan Garcia
ORD18465,"Sep 21, 2024",SERVICE PLAN,7,54.99,"384,92",John Garcia
ORD22562,10-10-2024,Gadget X, 9 ,$7.00,$63.00,Hassan Garcia
ORD64073,"Sep 05, 2024",Gadget Y,7,"4,94","34,59",Maria Patel
ORD91757,"Jun 22, 2024",Gadget X,4,7, 24.64 ,Omar Khan
ORD43306,16-Nov-24,Service Plan,5,49,$237.45,Omar Patel
ORD63654,"Jun 21, 2024",Gadget X,3, 6.30 ,"22,68",Ayesha Smith
ORD81095,"Sep 09, 2024",Widget A,2,$12.50,25,Maria Garcia
ORD60473,2024-08-27,Widget B,10, 19.99 ,199,Noor Khan
ORD60574,27-Sep-24,Widget A,10,12.50, 100.00 ,John Ahmed
ORD11188,2024-12-17,Gadget Y,2,$5.49,10,Fatima Khan
ORD96269,15/07/2024,Widget B,7, 19.99 ,"139,93",Fatima Patel
ORD82294,14-Sep-24,WIDGET A,1,12, 13.12 ,Ayesha Garcia
ORD61708,"Nov 09, 2024",Gadget Y,6,$6.04,$36.23,Fatima Khan
ORD20770,01/09/2024,Widget B,9, 19.99 ,$179.91,Omar Patel
ORD95897,"Jun 18, 2024",Service Plan,6,"44,99",269.95,Ayesha Hussain
ORD36784,09-08-2024,Widget B,6,19, 119.94 ,Fatima Lee
ORD11008,"Sep 29, 2024",Service Plan,10,$44.99,"449,91",Maria Khan
ORD44190,2024-10-13,Service Plan,9,49.99,$449.91,Zain Hussain
ORD54123,2024-10-28,Service Plan,5, 54.99 ,274,Noor Reyes
ORD72840,01/12/2024,Widget A,10,"12,50","125,00",Sara Lee
ORD78238,"Aug 03, 2024",Widget A,8,$12.50,$100.00,Noor Patel
ORD54001,27/10/2024,Gadget Y,4,"5,49","21,96",Omar Ahmed
ORD39855,"Oct 04, 2024",Service Plan,10,"44,99",449,Ali Hussain
ORD95903,10-Jul-24,Widget B,7, 19.99 ,$132.93,Fatima Iqbal
ORD77501,13/09/2024,Gadget Y,3, 5.49 ,$16.47,John Chen
ORD46147,05/09/2024,Gadget Y,1,5.49, 5.76 ,Maria Lee
ORD88578,10/06/2024,Gadget X,8,$6.30,$50.40,Hassan Khan
ORD77530,06-06-2024,Widget B,9,21.99,197.90,Omar Hussain
ORD59941,"Sep 22, 2024",Gadget X,4,"7,00",28.00,Hassan Khan
ORD89935,"Oct 31, 2024",Widget A,5, 13.75 ,"68,75",Fatima Ahmed  
ORD75201,13-Sep-24,Widget B,8,19,"159,92",Zain Ahmed
ORD67717,06-Dec-24,Widget A,10,$13.75,137.50,Maria Ahmed
ORD49554,18-Jul-24,Widget B,2,19,$37.98,Omar Reyes
ORD44952,"Jun 22, 2024",GADGET X,8,7,$56.00,John Garcia
ORD38425,2024-07-08,Service Plan,9,"54,99",519.65,Sara Smith
ORD54187,2024-10-15,Widget B,1,19,"19,99",Sara Hussain
ORD90649,"Nov 09, 2024",Gadget Y,5,4.94,23,Noor Iqbal
ORD15818,11-08-2024,Gadget X,10,7.70,"77,00",Zain Patel
ORD25809,04-Sep-24,Gadget Y,2, 6.04 ,12.08,Maria Iqbal
ORD68825,"Nov 25, 2024",Gadget X,7, 7.00 ,$49.00,Omar Ahmed
ORD83351,2024-12-18,WIDGET A,9, 12.50 ,112,Ali Khan
ORD59755,25-Jun-24,Widget B,2, 19.99 , 39.98 ,Omar Chen
ORD20823,"Jun 24, 2024",Widget A,7,$12.50, 87.50 ,Maria Ahmed
ORD11817,09-Dec-24,Widget A,3,12.50,"37,50",Fatima Reyes
ORD90178,20/09/2024,SERVICE PLAN,5,$44.99,$224.95,Ali Ahmed
ORD92951,09-22-2024,Gadget Y,5,$4.94,24.71,Noor Reyes
ORD96420,"Nov 26, 2024",Widget A,7, 12.50 , 87.50 ,Noor Ahmed
ORD50913,08-17-2024,Widget A,9,$12.50,112,Ayesha Lee
ORD25578,07-13-2024,Widget B,4, 21.99 , 87.96 ,John Reyes
ORD84098,"Jun 12, 2024",Service Plan,10,49.99, 399.92 ,Ali Chen
ORD38217,2024-11-26,GADGET Y,7,"5,49",40,Noor Ahmed
ORD81712,18/07/2024,Gadget Y,9,5.49,"49,41",Ayesha Khan
ORD29725,06-25-2024,Service Plan,9,"49,99",427,Ayesha Smith
ORD81391,09-Sep-24,Gadget Y,1,$5.49,5,Sara Lee
ORD64092,09-05-2024,WIDGET B,4,$19.99,"79,96",John Chen
ORD40910,"Aug 30, 2024",Widget A,5,12,62,Sara Smith
ORD72052,07-09-2024,Gadget X,4,7.00,$28.00,Maria Reyes  
ORD11836,2024-12-23,Gadget Y,4,$5.49,"21,96",Maria Khan
ORD81186,2024-11-16,Gadget Y,2,$5.49,10.98,Sara Iqbal
ORD49217,"Oct 29, 2024",GADGET Y,4,$4.94,19,Ayesha Reyes
ORD36755,03-Jul-24,Gadget Y,4,5,"21,96",Sara Garcia
ORD96212,05-Nov-24,Gadget X,3,7,"24,26",Noor Smith
ORD67589,04/10/2024,Gadget X, 10 ,$7.00,"56,00",Noor Patel
ORD98182,12-14-2024,Gadget Y,3,5.49, 16.47 ,Zain Iqbal
ORD10220,2024-08-15,Widget A,2, 12.50 , 25.00 ,Ali Patel
ORD65499,2024-11-15,Gadget Y,10, 4.94 ,$49.41,Ali Smith
ORD45730,12-02-2024,Widget A, 3 ,12.50, 37.50 ,Sara Lee
ORD11096,2024-10-31,Widget B,6,$19.99, 113.94 ,Zain Khan
ORD88942,06-28-2024,Gadget Y,5,4,$24.71,John Ahmed
ORD82680,2024-07-25,Gadget X,2,7.00,$11.20,John Lee
ORD49450,2024-09-30,GADGET X,8, 7.00 ,"56,00",Sara Chen
ORD28078,2024-12-10,Gadget X,3,$7.00,$21.00,Hassan Reyes
ORD26528,31/08/2024,Gadget X,6,7,50,Maria Chen
ORD69377,05/08/2024,Widget A,7,"11,25","78,75",Ayesha Iqbal
ORD44537,27-Oct-24,Gadget X,9,7.00,"63,00",John Reyes
ORD59014,09-Jun-24,Widget A,9,"12,50", 112.50 ,Fatima Khan
ORD81924,2024-08-09,Service Plan,4,$49.99, 199.96 ,John Khan
ORD91674,"Nov 08, 2024",Gadget X,5,$7.00,$35.00,Noor Iqbal
ORD77523,20-Oct-24,Widget B,1,$19.99,19.99,Ayesha Smith
ORD55097,2024-07-21,Gadget X, 1 ,"6,30",5,Maria Chen
ORD66630,12/08/2024,GADGET X,6, 7.00 ,42,Ayesha Reyes
ORD33106,06-Oct-24,Service Plan,5,"44,99",224,Fatima Iqbal
ORD33439,07-08-2024,Gadget X,5,"7,70", 38.50 ,Omar Reyes
ORD96060,2024-11-09,Service Plan,3,$49.99,149.97,Omar Garcia
ORD47863,04/07/2024,Gadget Y,3,"5,49",16,John Iqbal
ORD17153,"Dec 28, 2024",Service Plan,5,49,"249,95",Ayesha Patel
ORD92831,04/10/2024,Gadget X,2, 7.00 ,14.00,Ayesha Reyes
ORD82113,21/12/2024,SERVICE PLAN,1,49,$49.99,Sara Chen
ORD78881,"Jun 08, 2024",Gadget X,4, 7.00 ,$28.00,Hassan Reyes
ORD76411,12-29-2024,Service Plan, 1 , 49.99 , 49.99 ,Ayesha Smith
ORD95472,08-01-2024,WIDGET A,7,"11,25",$78.75,Sara Reyes
ORD72002,12-21-2024,Gadget Y,7,4.94,$27.67,Hassan Iqbal
ORD33318,23-Oct-24,Gadget Y,7,"6,04",42,Omar Smith
ORD73738,07/07/2024,Gadget Y,5,5,27.45,Ayesha Smith
ORD58878,04-Jul-24,Service Plan,2,$49.99, 99.98 ,Noor Hussain
ORD67788,31/07/2024,Gadget X,6, 6.30 ,$37.80,Sara Ahmed
ORD12116,23-Jun-24,Gadget Y,8,"4,94",39.53,Ali Hussain
ORD20076,2024-12-14,Gadget Y,2,5,$10.43,Fatima Chen  
ORD86867,06-05-2024,Gadget X,8,"7,00", 56.00 ,Zain Chen
ORD10987,07-17-2024,Service Plan,4,49.99,$199.96,Noor Smith
ORD42086,01/06/2024,Gadget X,5,6,"31,50",Zain Chen
ORD15979,12-23-2024,Widget B,4,$21.99,87,Zain Chen
ORD11457,2024-07-17,Gadget Y,4,5,"21,96",John Reyes
ORD98824,2024-08-08,Widget B,1,$19.99, 19.99 ,Ayesha Ahmed
ORD38382,2024-09-23,Widget A,5,$12.50, 59.38 ,Fatima Khan
ORD94211,"Aug 19, 2024",WIDGET A,7,12.50,$87.50,Noor Ahmed
ORD86540,08-Jul-24,Widget B,1, 17.99 , 17.99 ,Hassan Smith
ORD83229,2024-10-28,Widget A,8, 12.50 ,100.00,Omar Chen
ORD38661,07-08-2024,Widget B,1,19,19,Zain Lee
ORD64223,13-Oct-24,Gadget Y,4, 4.94 ,$19.76,Hassan Iqbal
ORD71532,05-Oct-24,Gadget Y,9,5.49, 49.41 ,John Patel
ORD99434,"Jul 29, 2024",Gadget Y,5,4.94,24,Ali Iqbal
ORD85378,2024-06-27,Widget A,10,12.50,"118,75",Zain Hussain
ORD72142,10-19-2024,Gadget Y,4,5,$21.96,Zain Smith
ORD96660,09/09/2024,Widget B,10,19,$199.90,Maria Lee
ORD18261,17-Dec-24,Widget B,2,17.99,$35.98,Ayesha Smith  
ORD14875,09-29-2024,GADGET Y,4,"5,49",$21.96,Noor Reyes
ORD69761,2024-06-20,Widget B,1,$19.99,$19.99,Hassan Lee
ORD42026,16-Dec-24,Gadget Y,6,$5.49,"32,94",Sara Reyes
ORD50187,12/07/2024,Widget A,2,12, 25.00 ,Ali Garcia
ORD72850,16-Jul-24,Gadget Y,10,"5,49","54,90",Ali Hussain
ORD25961,11-16-2024,Widget A,3, 13.75 , 41.25 ,Zain Khan
ORD83393,09-28-2024,Gadget Y,4,$5.49,21.96,Maria Garcia
ORD89617,"Jul 18, 2024",Gadget X,4,$7.70,36,Ayesha Ahmed  
ORD13859,08-17-2024,Widget A,9,"11,25",$101.25,Ali Lee
ORD22569,"Dec 25, 2024",Service Plan,1, 44.99 ,"44,99",Hassan Reyes
ORD38258,31/12/2024,Widget B,3,19.99, 59.97 ,Omar Ahmed
ORD25169,02-Dec-24,Widget B,10,"19,99","209,89",John Garcia
ORD98239,06-19-2024,Gadget X,5,6,"25,20",Sara Patel
ORD44351,"Aug 17, 2024",Widget B,7,$21.99,153,Ayesha Smith
ORD50916,11-04-2024,Gadget Y,2,4,$9.88,Noor Chen
ORD38751,20-Sep-24,WIDGET B,7,21,"161,62",Noor Hussain
ORD96880,24/08/2024,Widget A, 6 ,12,75.00,John Ahmed  
ORD62573,2024-10-30,Gadget X,5,"7,00", 35.00 ,Omar Hussain
ORD27849,04/10/2024,Service Plan, 5 ,$49.99,$249.95,Noor Khan  
ORD66813,"Nov 18, 2024",Gadget X,10,7.00,"70,00",Noor Iqbal
ORD61118,2024-09-17,Service Plan,7,49.99, 349.93 ,Hassan Lee
ORD28313,06-11-2024,Gadget X,3,$7.00,21,Maria Chen
ORD37125,07-05-2024,Widget B,3,$17.99,"53,97",Ayesha Patel
ORD22645,30/10/2024,Gadget X,6,$7.00,42.00,John Chen
ORD94585,29-Jun-24,Widget A,9,12.50,112,Sara Ahmed  
ORD49097,2024-06-19,WIDGET A,5,"12,50",62.50,Noor Smith
ORD25516,2024-12-31,Service Plan,4,49,199,Ali Khan
ORD81067,2024-11-25,Gadget X,6,$7.00,$44.10,Zain Iqbal
ORD24367,21-Nov-24,Widget B,5,19.99, 99.95 ,Ali Khan
ORD17036,11-15-2024,Widget A,7, 11.25 ,78.75,Noor Smith
ORD44547,16/11/2024,Widget B,8,21.99, 175.91 ,Maria Hussain
ORD16707,"Dec 23, 2024",Gadget X,8,"7,00",56,Sara Chen
ORD42414,17-Aug-24,GADGET X,8,"7,00","56,00",Ali Lee
ORD78209,"Nov 09, 2024",Gadget Y,2,4,"9,39",Omar Smith
ORD96231,12-15-2024,GADGET Y,6,5,$32.94,Fatima Patel
ORD28750,2024-12-29,Service Plan,10,"49,99",499.90,Ayesha Smith
ORD91682,2024-12-23,GADGET X,3, 7.00 ,$21.00,Ali Garcia  
ORD94667,22/12/2024,Gadget Y,8,6,$48.31,Sara Iqbal
ORD39683,11-20-2024,Service Plan,7,49.99,"349,93",Maria Garcia
ORD80782,"Sep 29, 2024",Gadget X, 10 ,$7.00,"70,00",Ayesha Patel
ORD91568,01/08/2024,Service Plan,9,"49,99",$449.91,Noor Hussain
ORD31759,"Nov 11, 2024",Gadget X,1,$7.00,"7,00",Maria Lee
ORD76456,09-14-2024,Gadget X,5, 7.00 ,$35.00,Ayesha Reyes
ORD79160,21-Dec-24,Gadget X,6,7.00,"42,00",Sara Ahmed
ORD86360,06/08/2024,Widget A, 10 ,13,$137.50,Fatima Hussain
ORD57775,16-Nov-24,Widget A,2, 12.50 , 23.75 ,John Iqbal
ORD92229,2024-12-03,Widget B,2,"19,99","31,98",Zain Smith
ORD43892,10-05-2024,Gadget Y,10,"4,94",$49.41,Ali Patel
ORD23483,2024-07-27,Widget A,4,"11,25", 45.00 ,Ayesha Ahmed
ORD79268,"Jul 15, 2024",Widget A,5,"13,75",55.00,Hassan Garcia
ORD92325,21-Nov-24,Gadget Y,6,4.94,"29,65",Ayesha Lee
ORD28536,10/07/2024,Service Plan,3,"49,99","149,97",Sara Garcia
ORD21220,13-Jul-24,Widget A,4,13.75,66,Zain Hussain
ORD27353,22-Nov-24,Service Plan,2,49,99,Noor Reyes
ORD44478,03/07/2024,Gadget Y,8,6.04,"48,31",Omar Ahmed
ORD56967,2024-06-01,Gadget Y,8,4.94,39,Ayesha Smith
ORD96668,10/09/2024,Widget A,4,"13,75", 66.00 ,Fatima Ahmed
ORD46037,2024-10-07,Widget B,5, 21.99 ,109.95,Zain Iqbal
ORD31197,26-Dec-24,Gadget X,9,7,63,Noor Reyes
ORD29062,26/09/2024,Service Plan,6,49, 359.93 ,Zain Hussain
ORD51941,2024-07-30,Gadget X,2, 7.00 ,"14,00",Hassan Iqbal
ORD84831,2024-08-31,Gadget Y,3,6, 18.12 ,Fatima Patel
ORD83447,09-03-2024,Gadget X,2,"7,00",$14.00,Ali Chen
ORD87741,02-Sep-24,Widget A,2,12.50, 26.25 ,Hassan Smith
ORD98138,07-30-2024,Widget B,4,$19.99,$79.96,Maria Iqbal
ORD74727,"Aug 02, 2024",Widget B,5,19.99,"99,95",Noor Smith
ORD76234,08-Nov-24,Widget B,7, 19.99 ,139.93,John Smith
ORD50323,10-28-2024,Widget A,8,13.75,$110.00,John Lee
ORD39984,02-Jun-24,Widget A,3,13,"41,25",Omar Hussain
ORD81071,2024-12-05,Gadget X, 8 ,7.00, 56.00 ,John Hussain
ORD26572,06-21-2024,Widget B,4,$17.99,71,Maria Khan
ORD86339,08/08/2024,Widget B,10,"19,99", 199.90 ,Fatima Khan
ORD17924,08/08/2024,Service Plan,1,"49,99", 49.99 ,John Garcia
ORD27261,07-09-2024,Gadget X,2,7,18,John Chen
ORD71730,08-29-2024,Gadget X,9,7,$63.00,Omar Smith
ORD13081,"Jun 17, 2024",Gadget X,1, 7.70 ,7,Maria Khan
ORD94764,2024-08-28,Widget A,3,12.50,$37.50,Fatima Ahmed
ORD85903,08-09-2024,Service Plan,3, 49.99 ,"157,47",Maria Khan
ORD56767,25/11/2024,Gadget Y,1,"6,04",4,Noor Lee
ORD92530,2024-09-19,Gadget Y,1,$5.49, 5.49 ,John Chen
ORD56927,2024-06-14,Widget A,5,$13.75,$68.75,Ayesha Lee
ORD15324,"Nov 03, 2024",Widget B,8,19.99,"159,92",Omar Patel
ORD61978,11-01-2024,Gadget X,3,$7.70, 18.48 ,Ayesha Smith
ORD92800,07-23-2024,Gadget Y,6,"5,49",$32.94,John Ahmed
ORD43360,2024-07-03,Widget B,1,19.99,$15.99,Ali Khan
ORD82794,"Jul 14, 2024",Gadget Y,8, 6.04 ,$38.65,Zain Iqbal
ORD32258,2024-08-14,Widget B,5,17.99,"85,46",Noor Chen
ORD58383,06-23-2024,WIDGET A,9, 12.50 ,112.50,Sara Reyes
ORD30270,19/07/2024,Gadget X,4,7,$28.00,John Garcia
ORD41300,12/09/2024,Gadget Y,8,"6,04",$48.31,Zain Chen
ORD62449,"Jul 08, 2024",Widget A,1, 12.50 ,$12.50,John Chen
ORD89266,09-22-2024,Widget A,5, 12.50 ,"62,50",Ali Iqbal
ORD33814,10/10/2024,Gadget X,10,"7,00", 70.00 ,Maria Chen
ORD63676,09-17-2024,Gadget Y,6,5.49,$32.94,Ali Khan
ORD62024,"Jun 09, 2024",GADGET X,6,7,$42.00,Fatima Garcia
ORD54369,"Oct 04, 2024",Service Plan,7,$54.99, 384.92 ,Noor Patel
ORD55185,"Nov 22, 2024",Service Plan,6,49.99,$299.94,Ali Garcia
ORD39761,"Jul 24, 2024",Widget A,6, 12.50 ,75.00,Ali Smith
ORD28804,2024-07-12,Widget A,6,12.50,"75,00",Maria Chen
ORD49411,06-15-2024,Widget A,5,$13.75,68,Sara Khan
ORD86207,2024-07-12,Service Plan,6,49.99,299.94,Ayesha Lee
ORD52492,27-Jun-24,Widget B,2,"17,99",$35.98,Zain Patel
ORD65663,18/11/2024,Gadget X,3,"7,70",27,Fatima Iqbal
ORD90159,"Oct 10, 2024",Service Plan,8, 49.99 ,"399,92",Hassan Iqbal
ORD62661,12-Nov-24,Widget A,9,11,101,Hassan Reyes
ORD99602,"Dec 30, 2024",Widget B,6,19.99,"119,94",Ayesha Khan
ORD29038,27-Dec-24,Gadget Y,4,5,26.35,Ali Patel  
ORD17311,2024-07-18,Service Plan, 3 ,"49,99",149,John Chen
ORD77556,"Aug 27, 2024",Gadget X, 10 ,7,$70.00,Sara Hussain
ORD11110,04/06/2024,Widget A,3, 11.25 ,"27,00",Ali Khan
ORD38090,20/06/2024,Service Plan,9,"49,99",449.91,Fatima Lee  
ORD85994,"Aug 07, 2024",Widget A,10,12.50, 125.00 ,Noor Reyes
ORD86974,05-Jul-24,Gadget Y,8,$5.49,43,Zain Ahmed
ORD32356,17/06/2024,Service Plan,6,"49,99",299.94,John Hussain
ORD38092,"Aug 30, 2024",Service Plan,3,"49,99",149,John Ahmed
ORD12127,07-25-2024,WIDGET B,6,19,"119,94",Sara Smith
ORD69942,"Dec 15, 2024",Service Plan,8,"54,99",439,Zain Ahmed
ORD80091,"Oct 10, 2024",Gadget X,8,7,56.00,Zain Patel
ORD76562,2024-09-09,Gadget X,8, 7.70 ,58,Zain Lee  
ORD59728,07-26-2024,GADGET Y,1,$6.04,6,Zain Ahmed
ORD59018,10-09-2024,Widget A,2, 13.75 , 27.50 ,Ali Lee
ORD91640,25-Sep-24,Gadget X,1,6,6,Hassan Ahmed
ORD22966,2024-08-28,Service Plan,9, 44.99 ,404,Maria Chen
ORD60329,18-Nov-24,Widget B,4, 19.99 ,"63,97",Maria Chen
ORD49951,08/07/2024,Widget B,10,$19.99,199,John Ahmed
ORD63397,01/10/2024,Widget A,2,12.50, 25.00 ,Sara Garcia
ORD63853,15/12/2024,Widget B,10,"19,99",$199.90,Sara Iqbal
ORD78637,09-11-2024,Gadget Y,4,"5,49", 21.96 ,Fatima Chen
ORD95078,12-21-2024,Widget B,8, 19.99 ,159.92,Hassan Hussain
ORD84859,2024-11-18,Gadget X,10,7, 70.00 ,Fatima Chen
ORD30788,17/09/2024,Service Plan,8,49,"399,92",Ayesha Chen
ORD28323,12-03-2024,Widget A,10,13.75,137.50,Omar Lee
ORD31210,"Nov 15, 2024",Widget A,1,13,11,Ali Ahmed
ORD17190,"Jul 28, 2024",Service Plan,8, 49.99 ,"399,92",Sara Lee  
ORD74859,2024-10-12,Widget B,8,$17.99,$143.93,John Iqbal
ORD17611,12/09/2024,WIDGET A,4,$11.25,"45,00",Hassan Reyes
ORD13368,12-06-2024,GADGET Y,8,5.49,$43.92,Hassan Chen
ORD25678,02-Sep-24,WIDGET A,1,12, 12.50 ,Sara Garcia
ORD11020,2024-06-25,Gadget X,1, 7.70 ,$7.70,Omar Iqbal
ORD83785,"Sep 04, 2024",GADGET X,8,"6,30","50,40",Maria Khan
ORD88003,09-29-2024,WIDGET B,6,21,"158,32",Maria Reyes
ORD11737,08-01-2024,Service Plan,3,54,$164.97,Noor Chen
ORD44290,"Dec 13, 2024",Service Plan, 6 ,49.99, 314.94 ,John Smith
ORD90620,"Jul 25, 2024",Widget B,8, 21.99 ,175.91,Fatima Chen
ORD49553,12/12/2024,Service Plan,6,"44,99",$269.95,Maria Khan
ORD78221,"Sep 14, 2024",Widget A,2,$12.50,"25,00",Ali Chen
ORD71485,20/11/2024,Widget A,4,13.75,$55.00,Noor Khan
ORD95137,11-25-2024,GADGET X,3,7,"21,95",Ayesha Reyes
ORD27724,2024-08-13,Gadget X,3,7.00, 16.80 ,Omar Reyes
ORD25663,21-Nov-24,Widget B,7,"19,99",$139.93,Omar Iqbal
ORD15181,10-Dec-24,Widget A,5,11,"67,50",John Khan
ORD35479,14-Sep-24,Widget A,10,12.50, 125.00 ,Ayesha Patel
ORD72755,10-15-2024,Service Plan,4,"44,99","143,97",John Smith
ORD25646,26-Oct-24,Service Plan,2,44.99,$94.48,Zain Patel
ORD31324,11-Jun-24,Widget A,7, 12.50 , 70.00 ,Sara Smith  
ORD10005,20/07/2024,Service Plan,9,$44.99,404,Maria Lee
ORD34998,14-Dec-24,Widget A,3, 12.50 , 39.38 ,Noor Patel
ORD87521,"Jul 25, 2024",Widget B,2,"19,99","39,98",Noor Khan
ORD24793,11-19-2024,Gadget X,10,6,"63,00",Sara Chen
ORD39588,"Sep 30, 2024",Widget A,9, 11.25 ,101.25,Hassan Reyes
ORD52431,25/07/2024,Widget B,7,$19.99,139,Hassan Patel
ORD63706,26-Nov-24,Service Plan,10, 54.99 ,549.89,Zain Hussain
ORD66311,"Sep 19, 2024",Widget B, 5 , 19.99 ,$99.95,Hassan Ahmed
ORD99600,2024-06-30,Gadget Y,7,4, 34.59 ,Zain Garcia
ORD95910,25/07/2024,GADGET Y,4,$4.94,19.76,Hassan Khan
ORD72926,08-07-2024,Widget A,4, 11.25 , 45.00 ,Ali Reyes
ORD95601,2024-11-19,Gadget Y,5,"5,49", 27.45 ,Zain Iqbal
ORD55714,06-26-2024,Service Plan,5,$49.99,249,Hassan Khan
ORD28176,09-05-2024,Gadget Y,2,6.04,"12,08",Zain Khan
ORD21135,30-Aug-24,Gadget Y,6,"6,04",36.23,Zain Reyes
ORD16953,28-Nov-24,Gadget Y,1,$5.49,$5.49,Maria Smith
ORD59127,11-Jul-24,Gadget X,6,7,42,Omar Iqbal
ORD72730,08-03-2024,GADGET X,9,$7.00,63.00,Sara Patel
ORD40278,"Jun 25, 2024",Gadget Y,8,4,39.53,Fatima Iqbal
ORD60189,11-Sep-24,Service Plan,5,$54.99,$274.95,Sara Hussain
ORD82959,09-07-2024,Widget B,9, 17.99 ,161.92,Sara Chen
ORD35702,"Aug 11, 2024",Service Plan,6,49.99,299,John Lee
ORD42785,12-14-2024,Gadget X,3,7.00,21,Fatima Patel
ORD92023,2024-11-15,Widget A,9,12.50, 112.50 ,Omar Smith
ORD15302,2024-11-22,Gadget Y,5,"6,04","31,70",Sara Khan
ORD14440,2024-07-19,Gadget X,5,7,"42,00",Zain Reyes
ORD44974,2024-10-14,Gadget Y,3,6.04,$18.12,Maria Patel
ORD95291,"Jul 11, 2024",Widget B,1,$19.99,19.99,Ayesha Iqbal
ORD50889,14-Nov-24,Gadget X,4,7.00,28.00,Hassan Reyes
ORD96171,26-Aug-24,GADGET Y,6,4.94,29.65,Ayesha Reyes
ORD50350,08-Aug-24,Widget B,7,19.99,139.93,Omar Hussain
ORD23345,21/06/2024,GADGET Y, 9 ,6,$54.35,Sara Patel
ORD74360,07/10/2024,Widget A,1,12.50,$12.50,John Garcia
ORD25844,12-Dec-24,Gadget Y,3,5.49, 16.47 ,Omar Khan
ORD42211,11-27-2024,Gadget Y, 8 ,"5,49",43,John Smith
ORD82461,13-Nov-24,Gadget X,4,7, 28.00 ,Maria Lee
ORD49300,2024-12-30,Service Plan,2,"54,99", 109.98 ,John Chen
ORD13715,2024-12-09,GADGET Y,2,"6,04",$12.08,Ayesha Hussain
ORD31596,18/07/2024,Widget A,3, 12.50 ,"37,50",John Garcia  
ORD53856,09-11-2024,Gadget Y,1,6,6.04,John Iqbal
ORD82461,"Dec 27, 2024",Service Plan,6,54,329.93,John Chen
ORD63536,11-29-2024,Widget B,4,$19.99,"79,96",Sara Smith
ORD32898,25/09/2024,Gadget X,10,7.00, 70.00 ,Sara Ahmed
ORD39789,20-Jun-24,Widget B,7,19,"132,93",John Patel
ORD29742,24/12/2024,Gadget Y,8,"6,04",57,Fatima Iqbal
ORD12769,08-09-2024,Service Plan,7, 44.99 ,314.94,John Iqbal
ORD98374,11-18-2024,Service Plan,4,49, 199.96 ,Ali Iqbal
ORD82142,11-03-2024,Gadget Y,9,5,$49.41,John Smith
ORD18466,11-29-2024,WIDGET B,9,21.99,197,Maria Iqbal
ORD54840,2024-12-16,Widget A,1,$12.50,$12.50,Omar Reyes
ORD31549,28/10/2024,Gadget Y,6,5.49,32,Ayesha Hussain
ORD44629,2024-11-29,Widget B, 3 ,"19,99", 59.97 ,Omar Khan
ORD61829,2024-11-09,Gadget X,2, 7.00 ,13.30,Noor Iqbal
ORD75772,"Nov 30, 2024",Service Plan,2,49,$99.98,Hassan Chen
ORD70119,"Dec 15, 2024",SERVICE PLAN,7,44.99, 314.94 ,Fatima Ahmed
ORD72922,04/07/2024,Service Plan,7,$49.99,349,John Iqbal
ORD71528,2024-11-20,Widget B,8,19.99,159.92,Sara Lee
ORD98954,2024-09-22,Gadget Y, 8 ,5.49,52,Ali Patel
ORD77600,12-19-2024,Widget B,9,19.99,$179.91,Fatima Khan
ORD69604,12-28-2024,Service Plan,8,"49,99",$399.92,John Ahmed
ORD75162,26-Oct-24,Gadget X,4,6,"25,20",Hassan Garcia
ORD91063,22/08/2024,Gadget X,3,$7.00,$21.00,Sara Chen
ORD59659,01-Dec-24,Widget A,10,$11.25,$112.50,Ayesha Garcia
ORD17755,2024-06-14,Gadget X,9,"7,00", 63.00 ,Ayesha Iqbal
ORD52505,2024-09-27,Widget A,3, 11.25 ,$33.75,Ali Lee
ORD27404,"Nov 28, 2024",Widget A,1,$12.50,12.50,Hassan Hussain
ORD85257,2024-10-11,Gadget Y,1,$5.49,5.49,Fatima Khan
ORD99988,10-24-2024,Service Plan,2,"54,99", 109.98 ,Maria Ahmed
ORD14345,07-22-2024,GADGET X, 8 ,"7,00",56,Sara Patel
ORD76324,07-21-2024,Gadget Y,5,"4,94",24,John Iqbal
ORD79648,"Sep 10, 2024",GADGET X,8,"6,30",$50.40,Zain Reyes
ORD36777,08-07-2024,Gadget X,1, 7.00 ,"7,35",Sara Reyes  
ORD83333,25/10/2024,Gadget Y,3,"5,49",$16.47,Noor Garcia
ORD19429,09-03-2024,GADGET Y,1,"6,04","6,04",Ayesha Patel
ORD45379,"Oct 10, 2024",Widget A,6,11,67,Ayesha Chen
ORD76815,2024-11-16,Widget B,3, 19.99 ,"59,97",Ayesha Iqbal
ORD26590,09-14-2024,Gadget Y,3, 6.04 ,"18,12",John Iqbal
ORD37722,12-27-2024,Widget A,9,11.25,101,Hassan Reyes
ORD93334,12-31-2024,Service Plan,7,54,$384.92,Ayesha Garcia  
ORD59191,"Jun 21, 2024",Widget B,1,"19,99",19,Fatima Ahmed
ORD56231,08-09-2024,Widget A,1,$12.50,12.50,Noor Chen
ORD40472,2024-10-22,Widget B,4,$19.99,"79,96",Noor Reyes
ORD42624,"Oct 02, 2024",Widget A,4,12,$50.00,Fatima Ahmed
ORD30400,"Jul 24, 2024",Widget A,1,12,12.50,Noor Lee
ORD79594,"Jun 10, 2024",Service Plan,5,$49.99, 249.95 ,Zain Smith
ORD97342,"Oct 03, 2024",Widget B,5,"17,99","89,95",Noor Hussain
ORD62418,2024-12-15,Service Plan,6,"49,99",239,Zain Smith
ORD24906,12-25-2024,WIDGET B,1,$19.99,19,John Iqbal
ORD24063,2024-11-05,Service Plan,1,49,"49,99",Omar Chen  
ORD72400,"Dec 15, 2024",Gadget X,9, 6.30 ,68.04,Ali Patel
ORD52189,18-Sep-24,Gadget Y,7, 4.94 ,34.59,Maria Chen
ORD95600,17-Sep-24,Gadget X,7,7.00, 49.00 ,John Reyes
ORD45524,18-Jul-24,Widget B,8,"21,99","175,91",John Hussain
ORD91824,08-03-2024,Service Plan,9,$54.99, 494.90 ,Sara Khan
ORD82333,07-21-2024,Gadget Y,2,5.49,11.53,Fatima Lee
ORD70773,2024-11-25,Widget B, 10 ,"21,99",219.89,Maria Khan
ORD30984,2024-09-30,Gadget Y,7,5.49, 38.43 ,Zain Patel
ORD61149,30-Aug-24,Widget A,3,$12.50,$37.50,Hassan Ahmed
ORD45042,"Oct 10, 2024",Gadget X,3,$6.30,$18.90,Ali Hussain
ORD13899,14-Oct-24,Widget B,4,19,"83,96",Maria Reyes
ORD37910,11-14-2024,Widget A,8,12.50,100,Omar Garcia
ORD14488,19-Aug-24,Service Plan,10, 54.99 ,549.89,Noor Iqbal
ORD38442,"Jul 25, 2024",Gadget Y,4,5.49,"21,96",Sara Patel
ORD90801,21-Dec-24,Gadget Y,3,$5.49,16.47,Fatima Garcia
ORD85979,"Jul 06, 2024",Gadget Y,7,$5.49,"38,43",Omar Lee
ORD53841,"Oct 01, 2024",Gadget X,2, 7.70 ,$15.40,Ayesha Khan
ORD18939,07-Aug-24,Widget A, 8 ,"13,75","132,00",Noor Garcia
ORD20668,09-18-2024,Gadget Y,6,"5,49", 32.94 ,Hassan Chen
ORD77324,28/12/2024,Gadget Y,6, 5.49 , 32.94 ,Hassan Reyes
ORD70505,24-Aug-24,Gadget Y,2,$6.04, 12.08 ,Ali Hussain
ORD22191,16-Jun-24,Widget B,2,$17.99,35,Noor Khan
ORD15456,14/08/2024,Service Plan,5, 49.99 ,249,Noor Lee
ORD52191,01-Nov-24,Gadget Y,1, 5.49 ,"5,49",Fatima Iqbal
ORD15609,26/10/2024,Gadget Y,4,5,21.96,Sara Ahmed
ORD13454,"Jun 18, 2024",Widget A,4,$11.25,45,Fatima Ahmed
ORD24625,"Jul 07, 2024",Service Plan,7,$49.99, 349.93 ,Maria Lee
ORD68245,03/10/2024,Widget B,3, 21.99 ,"65,97",Ali Reyes
ORD54845,10-09-2024,Widget B,9,19.99,$179.91,John Hussain
ORD14263,17/09/2024,Service Plan,3,"49,99",149,Hassan Lee
ORD90373,"Jun 13, 2024",Service Plan,6,49.99,299.94,Ali Patel
ORD48359,"Jul 30, 2024",Gadget X,2,$7.70,"18,48",Sara Lee
ORD66632,"Dec 24, 2024",Gadget X,7,7, 49.00 ,Fatima Iqbal
ORD15237,"Sep 30, 2024",Widget A,7, 12.50 ,$87.50,Fatima Iqbal  
ORD94965,12/11/2024,Service Plan,3,"49,99",149,Fatima Reyes
ORD62858,2024-07-19,Service Plan,5,49, 249.95 ,Noor Khan
ORD62148,06-01-2024,Widget A,6, 12.50 ,75,Ali Smith
ORD67823,"Jul 16, 2024",Widget B,2,$19.99,39.98,Omar Khan
ORD18541,"Oct 10, 2024",Widget B,2,19.99,39,Ayesha Smith
ORD50594,14-Jun-24,Gadget X,1,7,7,John Chen
ORD21343,08-21-2024,Service Plan,10,54.99, 549.89 ,Noor Smith  
ORD40114,30/11/2024,Service Plan,10,49,$499.90,Sara Lee
ORD77804,09-25-2024,Gadget X,10, 7.00 ,73.50,Hassan Hussain
ORD45599,10-14-2024,Widget B,2,$21.99,$43.98,Fatima Ahmed
ORD71819,"Jun 24, 2024",Gadget X,1,7.00,$7.00,Maria Garcia
ORD17086,03/06/2024,Gadget X,3,7,"21,00",Fatima Patel
ORD96042,2024-09-12,WIDGET B,6,17,"107,95",Fatima Khan
ORD54656,2024-07-08,Widget B,1,17.99,17,Fatima Lee
ORD84091,"Oct 13, 2024",Service Plan,2,49.99,99.98,Ali Reyes
ORD53439,2024-09-08,Gadget X,8,7.00,56.00,Maria Reyes
ORD79880,22/11/2024,WIDGET A,7, 13.75 ,96.25,Hassan Hussain
ORD66032,12-01-2024,Widget B,10,"19,99",$199.90,Zain Smith
ORD53155,09-07-2024,Gadget Y,3,$5.49,$16.47,Zain Iqbal
ORD18053,2024-07-07,Gadget Y,10,6.04,63.41,Fatima Hussain
ORD62804,2024-09-13,Gadget X,5, 7.00 ,35.00,Maria Chen  
ORD76146,08-25-2024,Widget A,5, 12.50 ,"62,50",Maria Patel
ORD78553,08-23-2024,Widget B, 6 , 17.99 , 113.34 ,Ayesha Patel
ORD56902,31/12/2024,Widget B,1,"21,99","21,99",Maria Ahmed
ORD29697,15/11/2024,Service Plan,9,44,404,Maria Reyes
ORD42411,"Dec 26, 2024",Gadget X,3, 6.30 ,18.90,Fatima Hussain  
ORD66929,2024-11-27,Widget A, 3 , 12.50 ,35.62,Ali Iqbal
ORD93407,2024-07-25,Widget A,8,11.25,"90,00",Ayesha Hussain
ORD23116,2024-10-07,Gadget X,5,6.30,"29,92",Hassan Hussain
ORD64189,15/09/2024,Widget B,6,21, 131.93 ,Hassan Ahmed
ORD53071,11-24-2024,Gadget Y,9,5.49,$49.41,Zain Lee
ORD11899,04-Jun-24,Gadget Y,2, 5.49 , 10.98 ,Zain Ahmed
ORD84786,17-Aug-24,Gadget Y,9,"4,94",44.47,John Reyes
ORD27146,10-Oct-24,Widget A,3,12.50, 30.00 ,John Hussain
ORD44323,2024-06-27,Widget B,9,17,161,Noor Garcia
ORD25896,2024-09-16,Widget A,6, 12.50 ,"75,00",Sara Chen
ORD83739,2024-09-11,Widget A,10,"11,25",$112.50,Ali Ahmed
ORD26557,09/12/2024,Gadget Y,10,$6.04,$60.39,Noor Patel
ORD34481,20/07/2024,Service Plan,8, 49.99 ,"399,92",Maria Lee
ORD59369,"Dec 15, 2024",Widget A,7,"12,50",83.12,Ali Chen
ORD88349,22-Dec-24,Service Plan,10,54.99, 659.87 ,Noor Ahmed
ORD63359,2024-07-15,Widget B,4,"17,99",71.96,Ayesha Khan
ORD17521,31/07/2024,Widget A,9,12.50,"112,50",Ayesha Ahmed
ORD50890,11-Oct-24,Widget B,2, 19.99 ,"39,98",Sara Garcia
ORD73143,18/11/2024,Gadget X, 5 ,7,$35.00,Fatima Smith
ORD71356,08-24-2024,Gadget X,4,7.70,"30,80",Noor Khan
ORD42776,2024-06-29,Service Plan,3,$49.99,149,Ali Lee
ORD67120,2024-07-12,Widget A,1,12.50,10.00,John Ahmed  
ORD38894,"Sep 28, 2024",Widget B,1,19.99,$19.99,Ali Hussain
ORD12902,19-Jun-24,Gadget X,3,6.30,18,Zain Garcia
ORD48114,06/09/2024,WIDGET A,3, 12.50 ,35,John Smith
ORD99820,"Sep 25, 2024",Gadget X,9,"7,70",69,John Iqbal
ORD68707,"Nov 26, 2024",Service Plan,10,44.99,449.91,Noor Khan
ORD70188,"Oct 12, 2024",Service Plan,4, 49.99 , 199.96 ,Sara Ahmed
ORD25928,"Aug 09, 2024",WIDGET B,8,$21.99,$140.73,Ayesha Khan  
ORD20275,22-Oct-24,Service Plan,10,49.99,"499,90",Hassan Chen  
ORD83457,11-Aug-24,Gadget Y,3,$5.49,$16.47,Zain Smith
ORD66205,20/07/2024,Widget B,7, 19.99 ,"139,93",Hassan Lee
ORD61271,2024-06-17,Gadget X,4, 7.00 ,"33,60",Ali Iqbal
ORD21286,08-Jul-24,Widget A,7,"12,50", 105.00 ,Sara Khan
ORD17743,"Dec 21, 2024",Service Plan,7, 49.99 , 349.93 ,Hassan Hussain
ORD79260,04-Sep-24,Widget B,4, 21.99 , 87.96 ,Ayesha Chen
ORD40016,12-Sep-24,Service Plan,6,49.99,"299,94",Omar Hussain
ORD95532,2024-10-22,Service Plan,4, 49.99 ,"209,96",Fatima Garcia
ORD51286,25/10/2024,Widget B,3,19.99,"47,98",Hassan Chen
ORD16065,14/08/2024,Gadget Y,7,4,$34.59,Noor Lee  
ORD33025,"Oct 20, 2024",Gadget X,2,"7,00","14,00",Noor Chen
ORD10125,2024-08-22,Gadget X,1,6.30,$6.30,Ali Smith
ORD54105,"Jun 22, 2024",Gadget Y,10,"4,94","49,41",Omar Hussain
ORD19533,15-Aug-24,Gadget X,8,7.70,"61,60",Maria Patel
ORD89045,2024-10-08,Widget A,4,$12.50,50,Omar Smith
ORD58094,2024-06-11,Service Plan,6,"49,99",$299.94,Ali Chen
ORD55218,05/12/2024,Widget A,1,"13,75","13,75",Omar Iqbal
ORD76683,2024-08-19,Gadget Y,2,5,$10.98,Omar Khan
ORD33172,2024-08-25,Gadget X, 1 ,$7.00,$7.00,John Ahmed
ORD19212,"Jun 14, 2024",Gadget X,5,6.30,31.50,Noor Lee
ORD71146,03/06/2024,Service Plan,4,49.99,199.96,Sara Smith
ORD13478,04/07/2024,Widget A,6,"11,25", 67.50 ,Sara Garcia
ORD47127,2024-06-18,Widget B,3,19,$56.97,Fatima Hussain
ORD85841,08-02-2024,Widget A,8,12.50,100.00,Noor Patel
ORD47491,08-06-2024,Gadget X,7,$6.30,44,Ali Iqbal
ORD28645,2024-09-20,Gadget Y,3,5.49,$16.47,Sara Chen
ORD48888,07-Dec-24,Gadget X,5,6,31.50,John Khan
ORD23260,"Aug 31, 2024",Widget B,1, 19.99 , 23.99 ,John Garcia
ORD62656,18-Dec-24,Service Plan,6,44,269,Hassan Smith
ORD35535,2024-11-05,GADGET Y,9,$5.49, 39.53 ,Noor Hussain  
ORD77569,10-15-2024,Service Plan,7,44.99, 314.94 ,Zain Chen
ORD72181,05/07/2024,Widget B,10,19,199,Hassan Ahmed
ORD69814,11-29-2024,WIDGET B,8, 19.99 ,"159,92",Fatima Iqbal
ORD53197,02/12/2024,Service Plan,9,49,"449,91",Sara Smith
ORD48749,20-Oct-24,Service Plan,8, 49.99 ,399.92,Sara Garcia
ORD55730,06-16-2024,WIDGET B,8,19.99,167.92,John Garcia
ORD54709,24/07/2024,Service Plan, 2 ,$49.99,99.98,Hassan Patel
ORD30111,29-Oct-24,Widget B, 7 , 19.99 ,139,Ayesha Garcia
ORD70415,07-24-2024,Service Plan,4,"54,99",$219.96,John Smith
ORD57395,"Oct 25, 2024",Widget A,7,"11,25",78,Fatima Reyes
ORD29264,16-Jun-24,Service Plan,3,49.99,149.97,Noor Patel
ORD25687,17-Oct-24,Widget A,6,$11.25, 67.50 ,Ayesha Garcia
ORD90417,15/06/2024,Service Plan,5,49.99,$262.45,Omar Patel
ORD52402,07-16-2024,Widget A,7, 13.75 ,$101.06,Zain Patel
ORD40585,27-Oct-24,Gadget X,9,"7,00",$63.00,Maria Garcia
ORD68275,"Jul 07, 2024",Widget B,7,17.99,125,Maria Smith
ORD52638,2024-08-12,Widget A,8,"13,75",$110.00,Hassan Patel
ORD77434,11-16-2024,Service Plan,8,$49.99,399.92,Zain Smith
ORD69773,24/07/2024,Widget B,9,19.99, 179.91 ,Sara Patel
ORD28765,09/08/2024,GADGET X,4, 7.70 ,"30,80",Ali Iqbal
ORD32517,2024-10-17,Widget B,9,21.99,$197.90,Noor Reyes
ORD68265,06-16-2024,Service Plan,7, 54.99 ,384.92,John Patel
ORD46578,10-28-2024,Widget A,3,$11.25,33,Zain Khan
ORD25289,2024-07-23,Widget A,5,"12,50",$62.50,John Reyes
ORD57935,"Dec 31, 2024",Gadget X, 7 , 7.00 ,"49,00",Maria Chen
ORD66353,"Aug 31, 2024",Widget A,1,"12,50", 12.50 ,Ayesha Reyes
ORD39253,07-01-2024,WIDGET A,8,12.50,$100.00,Maria Smith
ORD55949,"Nov 13, 2024",Widget A,1,12, 12.50 ,Hassan Smith
ORD41293,2024-06-28,Widget A,9, 13.75 ,99.00,Maria Garcia  
ORD55530,07-25-2024,Widget B,9,17, 161.92 ,Noor Patel
ORD10186,2024-11-22,Service Plan,9,"44,99",404,Noor Hussain
ORD87769,09-14-2024,Gadget X,4, 6.30 ,26.46,Ali Reyes
ORD46807,"Nov 22, 2024",Gadget Y,2,5.49, 10.98 ,Sara Garcia
ORD92353,26/06/2024,Widget B,1,"19,99", 19.99 ,Omar Hussain
ORD49250,2024-06-20,Service Plan,9,54,$593.88,Zain Smith
ORD70260,09-21-2024,Widget A,4,"11,25", 45.00 ,Fatima Garcia
ORD63478,03-Sep-24,Gadget X,4,7.00, 28.00 ,Omar Chen
ORD31885,09-21-2024,WIDGET B,9, 21.99 ,$158.32,Maria Hussain
ORD96213,"Nov 23, 2024",Service Plan,10,"49,99","499,90",Fatima Hussain
ORD31431,2024-06-16,Widget B,2,$17.99, 35.98 ,Hassan Lee
ORD58556,2024-10-09,Gadget X,5,$7.00,$33.25,Fatima Iqbal  
ORD24243,14/08/2024,Widget A,5,"11,25", 56.25 ,Fatima Smith
ORD57498,08-30-2024,Gadget Y,10,$5.49,$54.90,Noor Patel  
ORD40762,2024-10-07,Widget A,8,"11,25",90.00,Sara Hussain
ORD54279,08-11-2024,Service Plan,10,"49,99",$499.90,Maria Iqbal
ORD55459,2024-06-28,Widget A,7,$12.50,91.88,Zain Hussain
ORD39113,10-19-2024,Widget B,9, 19.99 ,$179.91,Sara Khan
ORD33022,04/09/2024,Gadget X,1, 7.00 ,7,Zain Garcia
ORD51036,2024-10-21,WIDGET A,4,12,$50.00,Noor Khan
ORD68896,28/10/2024,SERVICE PLAN, 6 ,"44,99","269,95",Sara Patel
ORD44587,04/11/2024,Gadget X,10, 7.00 ,"84,00",Noor Reyes
ORD50170,26-Oct-24,Widget A,4,"12,50",$50.00,Omar Khan
ORD18980,26/12/2024,Widget A,6,13,"82,50",Hassan Hussain
ORD32787,"Dec 22, 2024",Gadget X,3,$7.00,21.00,Noor Reyes
ORD60534,07-26-2024,SERVICE PLAN,2, 44.99 ,89.98,Omar Hussain
ORD69845,24-Aug-24,Gadget X,10,"6,30",63.00,Ali Chen
ORD98995,06-12-2024,SERVICE PLAN,4, 44.99 ,179,John Hussain
ORD46815,2024-06-17,Gadget Y,8,$5.49,43.92,Sara Lee
ORD52747,27-Oct-24,Widget A,8,12, 100.00 ,Ayesha Ahmed
ORD80739,18-Sep-24,Service Plan,2, 49.99 ,$99.98,Omar Smith
ORD28327,18-Sep-24,Service Plan,2, 49.99 ,99,Fatima Khan
ORD27155,2024-11-17,WIDGET B,5,21.99, 115.44 ,Omar Lee
ORD27128,14/10/2024,Service Plan,2,"49,99",99,Omar Chen
ORD89872,08-09-2024,Gadget Y,8,6.04,"48,31",Zain Hussain
ORD32618,11-13-2024,Widget B,7,19.99, 139.93 ,Hassan Chen
ORD91078,21/12/2024,Widget B,8,"19,99", 159.92 ,Maria Iqbal
ORD29001,"Oct 27, 2024",Gadget X,3,7,21.00,Omar Smith
ORD52088,27/08/2024,Widget A,7,13.75,96,Zain Chen
ORD65888,11-Dec-24,Gadget Y,8,"5,49",43.92,Ali Patel  
ORD44861,24-Oct-24,Widget A,10,12.50,125,Zain Khan
ORD43570,2024-09-06,Service Plan,3,"44,99",134.97,John Hussain
ORD47999,03-Sep-24,Service Plan,10,44,449.91,Hassan Hussain
ORD64520,06-13-2024,Widget A,4,12, 50.00 ,Ali Iqbal
ORD72515,2024-10-25,Service Plan,9,49,449.91,Hassan Ahmed
ORD40297,2024-11-07,Gadget X,6,7,42,Noor Iqbal
ORD77930,"Jun 18, 2024",Gadget Y,2,5.49,10.98,Noor Reyes
ORD98866,08-03-2024,Gadget X,10,7.00,70,Omar Garcia
ORD94196,14-Jul-24,Gadget Y,2,$6.04,$12.08,Ali Iqbal
ORD26571,07-03-2024,WIDGET A,2,$12.50,$25.00,Noor Hussain
ORD97691,"Dec 05, 2024",Gadget X,2,7.00,14.00,Zain Ahmed  
ORD69222,2024-07-14,Service Plan, 9 ,"49,99",449,Omar Iqbal
ORD71863,13/07/2024,WIDGET B,9,$17.99, 161.92 ,Sara Khan
ORD48850,2024-10-10,Service Plan,4,$49.99,199,Omar Chen
ORD46031,04-Dec-24,Widget A,6, 12.50 ,75,Sara Iqbal
ORD10465,02-Aug-24,WIDGET B,9,$17.99,"161,92",Fatima Iqbal
ORD63073,"Jul 25, 2024",Widget B,4, 21.99 ,87,Ali Ahmed
ORD61557,04/08/2024,Gadget X,1,6.30,"6,30",Ali Garcia
ORD83786,11-01-2024,Gadget X,3,7, 21.00 ,Omar Reyes
ORD86339,14/09/2024,Service Plan,1, 49.99 ,"49,99",Sara Ahmed
ORD50104,"Aug 22, 2024",Service Plan,10,49,"499,90",John Chen
ORD44264,24/12/2024,Gadget X,1, 7.00 , 7.00 ,Ali Garcia
ORD45349,"Aug 22, 2024",Gadget Y,10,5.49,54.90,Ayesha Hussain
ORD55213,26-Nov-24,Gadget X,4,$7.00,"28,00",Sara Garcia
ORD38662,24/08/2024,Gadget X,9,7,63,Sara Lee
ORD66139,2024-06-04,Widget B,2,17,35.98,Hassan Chen
ORD11286,"Sep 18, 2024",Widget B,8,17.99,$143.93,Sara Hussain  
ORD80759,"Aug 15, 2024",Widget B,2,"19,99", 39.98 ,Ayesha Reyes
ORD50764,29-Jul-24,Service Plan,6,54.99, 329.93 ,Hassan Hussain
ORD17000,2024-07-03,Widget B, 9 ,19,$179.91,Ayesha Ahmed
ORD43719,29-Jul-24,Widget A,10,12, 125.00 ,Ayesha Hussain
ORD32977,12-18-2024,Service Plan,3,$49.99,149.97,Hassan Hussain  
ORD70587,07-11-2024,Widget A,10,13.75,144.38,Noor Garcia
ORD64607,18-Nov-24,Widget B,3,"19,99","59,97",Zain Ahmed
ORD24150,07-04-2024,Widget B,1,21.99, 21.99 ,Omar Chen
ORD15742,"Jul 09, 2024",Gadget Y,1,$6.04,6,Noor Reyes
ORD88986,07-Jul-24,Widget B,9,21.99,"197,90",Omar Smith
ORD39609,14/09/2024,Gadget Y,10,4,"49,41",Omar Lee
ORD47753,"Sep 17, 2024",Widget B,5,$21.99,"109,95",Ali Ahmed
ORD74031,18/07/2024,Widget B, 10 ,"21,99",219,Ali Hussain
ORD34190,10/07/2024,Widget A,2, 12.50 ,"25,00",Noor Khan
ORD27176,05-Jun-24,Widget B,4,19,79,Fatima Smith
ORD86488,11-Jul-24,Gadget X,7,$6.30, 44.10 ,Ayesha Garcia
ORD16526,2024-12-22,Service Plan,8,$49.99, 399.92 ,Maria Ahmed
ORD68854,06-13-2024,Service Plan,10,44.99, 449.91 ,Noor Ahmed
ORD31308,"Dec 14, 2024",Gadget Y,7,6.04,$42.27,John Smith
ORD95838,12-Dec-24,Service Plan,10,49.99,"499,90",Ali Hussain
ORD54949,09-30-2024,Gadget Y,9,5.49,$49.41,Maria Patel
ORD57530,2024-11-18,GADGET Y,3,$5.49,16.47,Zain Hussain
ORD71218,01/12/2024,Widget B,4,$19.99, 79.96 ,John Patel
ORD36797,2024-10-16,Gadget X,10, 7.00 ,73.50,John Lee
ORD10502,"Oct 30, 2024",Gadget Y,1,5,5.49,Zain Lee
ORD63822,2024-07-16,Widget A,10, 11.25 ,"135,00",Ali Patel
ORD53103,16/09/2024,Widget A,4,"12,50",50.00,Ayesha Smith
ORD13236,15-Sep-24,Gadget X,3, 7.00 , 16.80 ,Sara Ahmed
ORD74541,19-Sep-24,Gadget Y,9, 5.49 ,"49,41",Fatima Patel
ORD68335,2024-07-09,GADGET Y,3, 6.04 ,"17,21",Ayesha Chen
ORD89195,30-Nov-24,Widget B,1,$19.99,19,Omar Patel
ORD49882,02/07/2024,WIDGET B,10, 21.99 ,219,Sara Reyes
ORD19433,06-22-2024,Service Plan,5,49.99, 249.95 ,Sara Smith
ORD25871,23-Jun-24,Gadget Y,5, 5.49 , 27.45 ,Noor Lee
ORD82254,12-22-2024,Widget A,9,$12.50,112.50,Maria Reyes
ORD76481,"Nov 13, 2024",Widget A,10,$12.50, 150.00 ,Zain Garcia
ORD75565,"Dec 03, 2024",Gadget Y,8,5,46,Fatima Garcia
ORD50707,11-07-2024,Gadget Y,6,4, 29.65 ,Ali Khan
ORD96856,2024-08-23,Service Plan, 7 ,44.99,"314,94",Maria Chen
ORD79091,09-02-2024,Widget A,7,$12.50,87.50,Noor Lee
ORD15143,11-Nov-24,Gadget X, 7 ,"7,70", 53.90 ,Sara Ahmed
ORD76181,08-22-2024,Widget B,10,19, 199.90 ,Ali Hussain
ORD93854,2024-11-24,GADGET Y,9,"5,49", 51.88 ,Fatima Iqbal
ORD47139,28/06/2024,Gadget Y,4, 4.94 ,"19,76",Maria Garcia
ORD33671,13/06/2024,Service Plan,9,$49.99,449,Maria Smith
ORD31143,07-29-2024,Widget A,7,12.50,87.50,Sara Ahmed
ORD83046,2024-07-19,Service Plan,8,$54.99,439,Ayesha Patel
ORD35248,03-Sep-24,Service Plan,1, 54.99 ,$54.99,Sara Reyes
ORD50372,08-Aug-24,Widget A,9,12,"112,50",Maria Lee
ORD49289,16/12/2024,Gadget Y,4,5,$21.96,Ayesha Patel
ORD87925,"Aug 21, 2024",Widget B,2,17,34,Ayesha Patel
ORD19853,28-Jul-24,Widget B,10,$19.99,"199,90",Zain Garcia
ORD23965,2024-07-10,Gadget X,7,7.00,$49.00,Ali Ahmed
ORD71290,"Oct 25, 2024",GADGET Y,3,"5,49",$16.47,Sara Chen
ORD46001,12/11/2024,Service Plan,10,44,"449,91",Noor Garcia
ORD19744,2024-10-08,Service Plan,10,49,499,Fatima Chen
ORD30937,01-Oct-24,Gadget X,5,7.00,$35.00,Maria Chen
ORD89855,"Oct 13, 2024",Widget B,7, 19.99 ,146,John Iqbal
ORD29611,07-Oct-24,WIDGET B,9,$17.99,"161,92",Omar Reyes
ORD60558,2024-08-11,Widget A,8, 11.25 , 90.00 ,Ali Ahmed
ORD94667,12-Jul-24,Service Plan,1,44.99, 35.99 ,John Reyes
ORD82013,31/12/2024,Widget B,3,"17,99",$53.97,Noor Chen
ORD43196,14-Sep-24,Gadget Y,8, 5.49 ,$52.70,Fatima Iqbal
ORD41274,2024-06-29,Gadget Y,2,4, 9.88 ,Noor Hussain
ORD97710,02-Nov-24,Gadget X,10,6, 63.00 ,Zain Garcia
ORD58337,24-Aug-24,Widget A,6,12.50,"78,75",John Reyes
ORD79236,26-Aug-24,Service Plan,1,$49.99,49,Omar Iqbal
ORD93007,"Oct 14, 2024",Widget A,2,11.25,22,Ayesha Khan
ORD67433,2024-06-20,Gadget Y, 5 , 5.49 ,$27.45,Fatima Khan
ORD23163,09/12/2024,Gadget X,1,"7,00",$7.00,Maria Chen
ORD41375,"Dec 31, 2024",Gadget X,7,7.00,"46,55",Maria Hussain
ORD56774,09/07/2024,Gadget Y,7,5,$38.43,Ayesha Khan
ORD47652,18/12/2024,Service Plan,5,49.99, 249.95 ,Noor Garcia
ORD11658,"Dec 04, 2024",WIDGET A,5,$11.25,56,Maria Khan
ORD62577,2024-11-02,Gadget X,4,"7,70",30,Ali Reyes
ORD86030,06-15-2024,Gadget Y,6,$6.04,36.23,Ayesha Khan
ORD99314,25-Dec-24,Widget A,5,$12.50, 62.50 ,Hassan Chen
ORD30362,2024-08-16,Gadget Y,9,$6.04,51.63,Hassan Garcia
ORD54725,"Aug 23, 2024",Gadget Y,5,"5,49", 28.82 ,Maria Reyes
ORD46084,04/10/2024,Widget A,9, 12.50 ,112.50,Maria Khan
ORD19630,2024-06-29,Service Plan,7,49.99,"349,93",Noor Khan
ORD66282,"Jul 28, 2024",Widget B,5,"19,99", 104.95 ,Ayesha Khan
ORD63301,"Sep 26, 2024",Gadget Y,6,5,32,Ayesha Iqbal  
ORD29443,2024-12-07,Widget B,5,19.99,$99.95,Maria Chen
ORD53555,06-08-2024,WIDGET A,6,$12.50, 75.00 ,Maria Khan
ORD25291,2024-11-26,Widget A,7,11.25,"94,50",Omar Reyes
ORD82722,24/11/2024,GADGET X,3,$7.00,21.00,Hassan Iqbal
ORD37986,"Jul 14, 2024",Gadget X,5,7,$35.00,John Iqbal
ORD38508,01-Jul-24,Widget B,6,19,$143.93,John Khan
ORD27916,"Oct 09, 2024",Service Plan,5,44,224,Fatima Chen
ORD71015,"Dec 23, 2024",WIDGET A,4, 11.25 ,$45.00,Hassan Smith
ORD75477,2024-06-30,Gadget Y,9,5.49,49.41,Noor Khan
ORD53923,10-20-2024,Widget B,1, 19.99 ,19,Sara Reyes
ORD46589,17/10/2024,Gadget Y,7,"5,49",38.43,Maria Reyes
ORD31991,16/07/2024,Gadget Y,3, 5.49 ,16,Ali Chen
ORD27039,2024-08-02,Service Plan,1, 49.99 ,$49.99,Fatima Patel
ORD53650,"Dec 06, 2024",Widget B,4,17.99,71.96,Ali Ahmed
ORD56630,10-12-2024,Gadget Y,4, 6.04 ,"25,36",John Smith
ORD76287,16-Sep-24,Gadget Y,4,5.49,21.96,John Smith
ORD39356,08-23-2024,Widget A,7,"12,50", 87.50 ,Ayesha Khan
ORD92679,"Jul 16, 2024",Widget A,8,$11.25,90,Fatima Smith  
ORD94734,10-12-2024,Widget B,1,"19,99",19.99,Omar Chen
ORD85813,09-05-2024,Service Plan,2, 54.99 ,109.98,Maria Hussain
ORD42224,26-Aug-24,Gadget X,5,7.00,"33,25",Ayesha Hussain
ORD99071,12-29-2024,Service Plan,9,49,449,Zain Patel
ORD61017,2024-06-30,Gadget Y,1,"6,04",$6.04,Zain Garcia
ORD76865,"Aug 19, 2024",Widget A,4, 13.75 , 55.00 ,John Patel  
ORD49941,2024-12-15,Gadget X,8,7,61,Maria Patel
ORD80859,26/12/2024,Widget A,2, 12.50 ,"25,00",Ali Iqbal
ORD45916,2024-11-28,Service Plan, 9 ,54,494.90,Fatima Chen
ORD38362,08/11/2024,WIDGET A,2, 11.25 , 22.50 ,Fatima Lee
ORD15089,"Oct 23, 2024",Gadget X,9,7.00,"59,85",Maria Ahmed
ORD89240,2024-09-10,Widget B,6,$19.99, 119.94 ,Hassan Ahmed
ORD92646,23-Jun-24,Widget B,3,19.99,71.96,Sara Patel
ORD78253,08-30-2024,Widget B,7,$19.99,139,Sara Lee
ORD48880,2024-08-01,Widget A,2,$12.50,$25.00,Ayesha Reyes
ORD91307,2024-12-27,Gadget X,3, 7.70 , 23.10 ,Zain Garcia
ORD78187,"Jul 29, 2024",Service Plan,9,49,"449,91",Omar Smith
ORD11756,06/06/2024,Widget B,6, 19.99 ,$119.94,Ayesha Garcia
ORD38169,24/07/2024,Widget A,4,12.50,50,Omar Reyes
ORD92812,2024-11-10,Service Plan,6,49,"299,94",Maria Garcia
ORD20217,10/08/2024,Widget A, 5 ,12,$62.50,Sara Smith
ORD84660,19-Dec-24,Widget B,10,19.99,$199.90,John Smith  
ORD79270,2024-10-20,Gadget X,1,7, 7.70 ,Hassan Chen
ORD21113,2024-11-04,Service Plan,5, 54.99 ,$274.95,Ali Patel
ORD56912,12-12-2024,Widget A,6, 13.75 ,82.50,John Hussain
ORD52942,09-Oct-24,Service Plan,9,"49,99", 359.93 ,Maria Khan
ORD97859,27/09/2024,Gadget X,7,$7.00,$49.00,Fatima Smith
ORD26480,2024-10-11,Service Plan,2,"49,99",99.98,Hassan Lee
ORD67866,12-Dec-24,Gadget X,10, 6.30 ,50,Fatima Hussain
ORD52380,2024-06-12,Widget A,7,13.75, 96.25 ,Ali Khan
ORD84348,"Dec 11, 2024",Gadget Y,5,"6,04",$30.20,Ayesha Khan
ORD57731,"Jun 14, 2024",Gadget X,8,7.00,$56.00,Maria Garcia
ORD36799,05-Jun-24,WIDGET A,3,12.50,39.38,Sara Iqbal  
ORD15071,21-Sep-24,WIDGET B,8,19.99, 159.92 ,Fatima Ahmed  
ORD20577,2024-06-01,Widget A,6,$13.75,$82.50,Fatima Khan
ORD99576,17-Dec-24,WIDGET B,9,19.99,143.93,Hassan Khan
ORD74739,2024-11-27,Widget A,2, 12.50 ,"25,00",Hassan Garcia
ORD62805,"Dec 22, 2024",Gadget Y,10, 4.94 ,$49.41,Sara Lee
ORD42416,13-Jul-24,Widget A,6,12.50, 75.00 ,Hassan Smith
ORD91417,08-29-2024,Service Plan,5,"49,99",262,Omar Reyes
ORD11445,10-02-2024,Service Plan,10,54.99,549.89,Sara Lee
ORD97121,"Sep 17, 2024",Widget A, 5 , 11.25 , 56.25 ,Sara Hussain
ORD41479,"Jul 16, 2024",Service Plan,10,"49,99","499,90",Fatima Iqbal
ORD37414,07-03-2024,Gadget Y,5, 5.49 ,27.45,Ali Iqbal
ORD77873,09-24-2024,Service Plan,6,54.99,$263.95,Ayesha Hussain
ORD33301,"Oct 08, 2024",Widget B,7,17.99, 125.94 ,Zain Khan
ORD70197,10/06/2024,Widget B,3,"19,99",$59.97,Maria Iqbal
ORD18586,2024-06-15,Widget B,10,17, 179.91 ,Noor Chen
ORD74452,10/10/2024,Gadget Y,6,"5,49",$32.94,Ayesha Garcia
ORD37319,10-12-2024,Gadget Y, 10 ,5,65.88,Noor Hussain
ORD19839,12-Aug-24,Gadget Y,2,4.94,9,Hassan Iqbal
ORD71685,"Jul 10, 2024",Widget B,4,$19.99,$79.96,Ali Lee
ORD74198,25/07/2024,Service Plan,8,"49,99",$399.92,Zain Ahmed
ORD85485,2024-10-04,Gadget X,2,7.70, 15.40 ,Maria Lee
ORD72072,12/08/2024,Widget A,9,12,112,Ayesha Lee
ORD97763,12-16-2024,Gadget Y,9,5,49.41,Maria Reyes
ORD52647,"Dec 14, 2024",Gadget X,4,7, 28.00 ,Hassan Chen
ORD93366,11-30-2024,Gadget Y,9, 5.49 ,49,Fatima Hussain
ORD13368,"Jun 26, 2024",Gadget Y,1,$5.49,5.49,Zain Khan
ORD50010,19/12/2024,Gadget Y,9,$6.04,$54.35,Ayesha Hussain
ORD50749,08-Nov-24,Widget B, 2 ,19.99,"39,98",Ali Garcia
ORD78795,"Jul 24, 2024",Gadget Y,8,$5.49,"43,92",Noor Smith
ORD77524,11-18-2024,GADGET X,6,7.00,42,Sara Smith
ORD70506,08-Sep-24,Service Plan,7,"54,99", 384.92 ,Noor Khan
ORD74865,2024-09-28,Gadget Y,10,"6,04",$60.39,Hassan Chen
ORD31136,15/08/2024,Gadget Y,1,$5.49,5.49,Ali Patel
ORD18138,"Jul 18, 2024",Service Plan,3,$54.99, 164.97 ,Sara Garcia
ORD98495,16-Aug-24,Service Plan,3, 49.99 ,149.97,Ali Lee
ORD41742,07/06/2024,Gadget Y,1, 4.94 ,$4.94,Noor Patel
ORD88061,26-Jun-24,Widget A,7,$13.75,96.25,Noor Hussain
ORD24513,07-18-2024,SERVICE PLAN,7,$44.99,"299,19",Sara Khan
ORD53872,04/08/2024,Gadget X,9,7.00,63.00,John Reyes
ORD72180,22-Dec-24,Widget A,1,13.75, 13.75 ,Maria Lee
ORD67683,2024-10-25,Service Plan, 4 ,49,239,Hassan Ahmed
ORD73366,07-Nov-24,Service Plan,1,$49.99,"49,99",John Patel
ORD93548,10/11/2024,Widget B,6, 21.99 ,$131.93,John Hussain
ORD37299,2024-10-15,GADGET Y,3,5, 16.47 ,Zain Lee
ORD54552,10-15-2024,Widget B,4,"19,99","79,96",Omar Khan
ORD12410,23/10/2024,Gadget X,3, 7.00 ,21.00,Omar Lee
ORD38533,"Dec 11, 2024",Service Plan,1,"44,99",44,Ali Smith
ORD17002,12-24-2024,Widget B,10, 19.99 ,$199.90,Omar Garcia  
ORD99119,12-12-2024,SERVICE PLAN,10,$49.99, 499.90 ,Sara Smith
ORD95240,"Jun 25, 2024",Widget B,3,17.99,64.77,Noor Chen
ORD15118,30/06/2024,Service Plan,7,"44,99",314.94,Zain Patel
ORD79979,2024-07-31,Widget A,1,"12,50",10.00,Ali Iqbal
ORD20381,"Dec 11, 2024",Widget A,1,11,"13,50",Noor Ahmed
ORD85922,07-01-2024,Widget B,3,"19,99",$59.97,Ayesha Hussain
ORD20322,11/07/2024,Widget B,2,$19.99,"39,98",Sara Garcia
ORD25611,17-Oct-24,Widget A,3,"11,25",$33.75,Sara Hussain
ORD11550,"Jun 27, 2024",Gadget Y,6,6,"36,23",Maria Khan
ORD63246,24-Aug-24,Widget A,2,12,"25,00",Zain Khan
ORD44888,2024-06-30,Service Plan,6, 54.99 ,"263,95",Ali Iqbal
ORD37083,19/09/2024,Service Plan,1,"49,99", 49.99 ,Sara Iqbal
ORD23170,"Dec 05, 2024",Widget A,10,$11.25,"112,50",Omar Smith
ORD42019,"Sep 17, 2024",Service Plan,9,49.99,$449.91,Ayesha Lee
ORD18059,06-29-2024,Widget B,1,19.99,20,Fatima Smith
ORD27399,06-14-2024,Service Plan,3,$49.99,$179.96,Ayesha Iqbal
ORD18562,07-01-2024,Gadget X,5,$7.70,38,Fatima Hussain
ORD25208,2024-08-19,Service Plan,3, 49.99 , 149.97 ,Ali Khan
ORD29809,"Nov 06, 2024",Widget A,10,12.50, 125.00 ,Fatima Garcia
ORD59803,07-Jul-24,Widget A,10,$12.50,125.00,Ayesha Khan
ORD75608,"Oct 08, 2024",Gadget Y,4,5,21,Hassan Ahmed
ORD57699,"Oct 14, 2024",Widget A,7,11.25,78.75,Omar Lee
ORD11211,"Dec 10, 2024",Gadget Y,9, 5.49 ,$49.41,John Khan
ORD82212,19/11/2024,Gadget X,10,7,$70.00,Hassan Lee
ORD51139,2024-08-11,Widget B,8,21.99,"175,91",Ali Patel
ORD23825,"Jun 11, 2024",Service Plan,4,"49,99", 199.96 ,Hassan Garcia
ORD17052,"Oct 15, 2024",Service Plan, 1 ,44,"44,99",Noor Lee
ORD10214,2024-12-10,Gadget Y,2,$5.49,10,John Garcia
ORD10067,11-08-2024,Widget B,7,$19.99,"139,93",Sara Garcia
ORD21860,"Dec 11, 2024",Service Plan,2,$49.99,99.98,John Smith
ORD95598,04/08/2024,Gadget X,9, 7.70 ,$55.44,John Iqbal  
ORD77933,12-02-2024,WIDGET A, 8 ,13, 110.00 ,Ayesha Garcia
ORD49450,"Aug 02, 2024",GADGET Y,1,"5,49",4,Zain Khan
ORD72885,2024-09-19,Gadget X,4,"7,00","28,00",Hassan Patel
ORD75574,04/09/2024,Widget A,6,12, 75.00 ,Fatima Ahmed
ORD83615,2024-08-12,Widget A,5,13,$68.75,Omar Ahmed
ORD26335,"Nov 19, 2024",Widget A,3,"12,50","35,62",Noor Reyes
ORD11941,28-Jun-24,Widget B,4,"19,99", 79.96 ,Hassan Ahmed
ORD19209,08-04-2024,Service Plan,3,54.99,"164,97",Sara Khan
ORD45664,"Jul 20, 2024",Widget A,5,$11.25, 56.25 ,Zain Patel
ORD10159,15-Jun-24,Widget B,3,19.99,"59,97",Omar Smith
ORD92813,"Oct 25, 2024",Gadget X,5, 7.00 ,35,Maria Garcia
ORD87039,09/09/2024,Gadget Y,7,$6.04,$42.27,Zain Patel  
ORD76198,06-19-2024,Widget B,10,$21.99,219,Maria Smith
ORD95310,16/09/2024,Service Plan,6,44,269,Hassan Ahmed
ORD70136,08/07/2024,WIDGET A,7,12,"87,50",Sara Khan
ORD27948,09-14-2024,SERVICE PLAN,4,44.99,179,Sara Ahmed
ORD40058,05-Oct-24,Service Plan,6,49,299,Hassan Garcia
ORD53764,13-Nov-24,Service Plan,9,"49,99",449.91,Fatima Garcia
ORD94067,"Jun 13, 2024",Service Plan,10,$49.99,499.90,Ayesha Lee
ORD26050,"Nov 05, 2024",Service Plan,1,49, 49.99 ,Maria Ahmed
ORD10817,2024-10-16,Gadget Y,8,"6,04",45,Ali Patel
ORD10108,22/12/2024,Widget A,2, 12.50 ,"25,00",John Smith
ORD93338,"Jul 08, 2024",Service Plan,4,"49,99","199,96",Maria Smith  
ORD76073,"Jun 12, 2024",Gadget X, 5 ,7,"35,00",Maria Patel
ORD60452,06-10-2024,Widget A,5,$12.50,62.50,Maria Khan
ORD98312,"Aug 25, 2024",Service Plan,5,44,224,Hassan Iqbal
ORD78806,"Jul 14, 2024",Gadget Y,10,4, 49.41 ,Ayesha Garcia
ORD53700,28-Dec-24,Gadget X,8,"6,30",50.40,Ayesha Hussain
ORD83490,2024-11-07,WIDGET A,4,12,"50,00",John Khan  
ORD64771,10-06-2024,Widget B,9,21, 197.90 ,Maria Iqbal
ORD25284,12-09-2024,SERVICE PLAN,1,49.99,49.99,Ali Ahmed
ORD92388,2024-11-10,GADGET X,4,"6,30", 25.20 ,Zain Ahmed
ORD26250,"Dec 06, 2024",Widget B,5, 19.99 ,$99.95,Hassan Patel
ORD67696,10-03-2024,Gadget Y,6,5.49,$34.59,Ayesha Garcia
ORD53144,2024-11-08,Widget B,2,19.99,39,Ayesha Chen
ORD80355,17/06/2024,Service Plan,4,"54,99",219,Sara Smith
ORD65152,10-17-2024,WIDGET A,7,"13,75","96,25",Ali Reyes
ORD11133,06-18-2024,Gadget X,10, 7.70 ,77.00,Omar Patel
ORD62083,2024-06-16,Gadget X, 4 , 7.00 , 28.00 ,Omar Ahmed
ORD37686,07-19-2024,Gadget X,10,$6.30, 63.00 ,Zain Reyes
ORD61167,06-Nov-24,Gadget Y,7, 5.49 ,38,Noor Reyes
ORD30018,2024-06-23,Gadget X,4,$6.30, 25.20 ,Ali Khan
ORD50653,10-02-2024,Widget B,1, 19.99 ,"19,99",Hassan Smith
ORD79976,26-Oct-24,WIDGET B,10,"17,99", 170.91 ,Ayesha Patel
ORD64832,18-Sep-24,Widget B, 4 ,17.99,"71,96",Ali Khan
ORD28490,2024-12-07,Gadget Y,8,$6.04,"48,31",Noor Hussain
ORD91094,12-25-2024,Gadget Y,3,5.49,$13.18,Fatima Chen  
ORD44406,07-11-2024,Service Plan,3,"49,99",$149.97,Zain Smith
ORD10652,01/10/2024,Gadget Y,1,5,5.49,Noor Reyes
ORD77325,2024-09-03,GADGET X,4,$7.00,"28,00",Maria Patel
ORD35721,08-Nov-24,Widget B,6,19.99,$119.94,Maria Iqbal
ORD15214,10/07/2024,Gadget X,5,"6,30", 31.50 ,Sara Smith
ORD81403,05-Jun-24,Gadget Y,6,5,$32.94,Ali Chen
ORD12246,07-22-2024,Widget A,6,$12.50,"75,00",Zain Patel
ORD31083,"Sep 11, 2024",Gadget Y,8,6.04,"48,31",Zain Patel
ORD29839,10/11/2024,Gadget Y,9,6.04,$65.22,Maria Patel
ORD12593,2024-09-26,WIDGET A,3,$11.25,27,John Smith
ORD74742,25/12/2024,Gadget Y,1,4.94,5,Maria Reyes
ORD58452,24-Jul-24,Widget A,9, 12.50 ,90.00,Hassan Khan
ORD92418,2024-07-22,Service Plan,6,49, 299.94 ,Zain Hussain
ORD86292,2024-12-14,Gadget X,7,7.70,53,Sara Ahmed
ORD57564,"Jul 07, 2024",Service Plan,7, 54.99 , 384.92 ,Zain Chen
ORD33923,09-Nov-24,Service Plan,9,49,449.91,Sara Patel
ORD95772,"Aug 21, 2024",Widget B,8,"21,99","175,91",Noor Iqbal
ORD97835,07-02-2024,Widget B,6,19,143,Ayesha Patel
ORD18965,03-Dec-24,Widget B,8,"19,99", 159.92 ,Ayesha Ahmed  
ORD62988,03-Jul-24,Gadget X,3,$7.00,21.00,Hassan Lee
ORD89249,27-Oct-24,Widget A,9, 11.25 ,106.31,Fatima Reyes
ORD38106,2024-07-17,Gadget Y,5,"6,04", 30.20 ,Ayesha Garcia  
ORD65445,"Nov 18, 2024",Gadget Y,10,$6.04,$60.39,Ali Iqbal
ORD64957,2024-06-07,Widget B,3,"19,99", 59.97 ,Sara Ahmed
ORD73407,19-Jul-24,Widget A,1,$11.25,11,John Garcia
ORD78342,"Jul 28, 2024",WIDGET A,4,11.25,36.00,Maria Chen
ORD76622,"Sep 27, 2024",Widget B,1,$21.99,$21.99,Ali Garcia
ORD45362,28/08/2024,Widget A,1,12, 10.00 ,Noor Iqbal
ORD25926,12-21-2024,Gadget X, 4 ,7,28.00,Maria Chen
ORD18825,"Sep 08, 2024",Widget B,10,21,$230.88,Hassan Ahmed
ORD85275,2024-10-04,Gadget Y,4,5.49,"17,57",Noor Smith
ORD40038,"Sep 07, 2024",Widget A,8,12,$100.00,Fatima Ahmed
ORD83266,31-Jul-24,Gadget X,2, 7.00 , 14.00 ,Ayesha Reyes
ORD31096,22-Oct-24,Gadget X,7,"7,70",53,Fatima Ahmed
ORD98580,"Aug 31, 2024",Widget B,5,19, 79.96 ,Maria Reyes
ORD23199,2024-07-12,Gadget Y, 6 ,$5.49,"32,94",Fatima Iqbal
ORD90316,"Aug 25, 2024",Gadget Y,5, 5.49 ,27.45,Ali Ahmed
ORD50180,28-Jun-24,Service Plan,2,49,99,John Garcia
ORD16430,02-Jul-24,GADGET Y,9,5.49, 49.41 ,Fatima Smith
ORD27634,06-16-2024,Service Plan,10,49,"499,90",Noor Iqbal
ORD53432,2024-10-27,Service Plan,3, 54.99 , 164.97 ,Maria Hussain
ORD23790,"Aug 07, 2024",Gadget X,10,"7,00","70,00",Maria Garcia
ORD20852,2024-11-14,SERVICE PLAN,4,54.99,219.96,Omar Khan
ORD64163,11-25-2024,Widget A,5, 12.50 , 75.00 ,Ali Chen
ORD47458,07-22-2024,Gadget X, 7 ,"7,00","58,80",Sara Iqbal
ORD89444,14-Sep-24,Service Plan, 3 ,"54,99","164,97",Sara Smith
ORD68823,2024-10-02,Gadget Y,9,6.04,54.35,Hassan Patel
ORD33276,"Dec 19, 2024",GADGET X,1,$6.30, 6.30 ,Fatima Ahmed
ORD23591,11-Aug-24,Widget B,1, 19.99 , 20.99 ,Fatima Khan
ORD23146,12-Dec-24,Widget A,2, 11.25 ,"22,50",Ali Reyes
ORD38492,"Sep 08, 2024",Gadget Y,8,4,$39.53,Hassan Patel
ORD22401,08/12/2024,Gadget X,1,$7.00,"7,00",Fatima Lee
ORD88514,29-Jun-24,Widget B,1,"21,99",21.99,Fatima Garcia
ORD76755,01/12/2024,Widget B,5, 19.99 ,104,Ali Smith
ORD79275,10-18-2024,Widget A,10, 12.50 ,$125.00,Noor Garcia
ORD53855,"Dec 20, 2024",Gadget Y, 5 ,$5.49, 28.82 ,Sara Chen
ORD97049,10-15-2024,Service Plan,9,54.99, 494.90 ,Hassan Patel
ORD45225,"Dec 09, 2024",Gadget X,3,7.70, 23.10 ,Hassan Smith
ORD48230,2024-08-30,Service Plan,7,49.99,$349.93,Omar Reyes
ORD30409,07-Oct-24,Widget A,3,12,"37,50",Hassan Hussain
ORD53743,12/08/2024,Widget B,7, 19.99 ,139.93,Ali Ahmed
ORD37277,"Dec 03, 2024",Gadget X,1,$7.00,"7,00",Sara Smith
ORD74553,09/11/2024,Service Plan,4,"54,99",219.96,Noor Hussain
ORD59681,31-Aug-24,Service Plan,2,$49.99,$99.98,Noor Khan
ORD33996,2024-08-24,Widget B,9,$21.99,$197.90,Noor Khan
ORD52029,2024-09-05,WIDGET A,4,12, 50.00 ,Maria Reyes
ORD47996,08-08-2024,Widget A,8,$12.50, 100.00 ,Hassan Chen
ORD27927,2024-08-22,Widget B,6,"21,99",131.93,Ayesha Khan
ORD88430,"Aug 10, 2024",Gadget Y,9,$4.94,"44,47",Sara Khan
ORD40094,06-28-2024,Widget A,1,11.25, 11.25 ,Omar Patel
ORD50305,12-07-2024,Gadget X,10, 7.00 ,$70.00,Noor Reyes
ORD17323,30/06/2024,Gadget Y, 3 ,6.04,$21.74,Zain Patel
ORD25763,12-Aug-24,Service Plan,4,44,$179.96,Fatima Smith
ORD63334,2024-07-22,Gadget Y,8,5.49,"43,92",Maria Garcia
ORD74569,21/06/2024,Service Plan,1,$44.99,"53,99",John Garcia
ORD75395,2024-07-21,Widget A,6,12, 75.00 ,John Hussain
ORD42079,05/11/2024,Gadget Y,2,5.49,10,John Chen
ORD49323,12-25-2024,Gadget Y,8,"6,04",38.65,Omar Lee
ORD80661,06-05-2024,Gadget X,4,$7.00,$28.00,Sara Khan
ORD31546,07-16-2024,Widget A,2,12.50,25,John Hussain
ORD60467,23/10/2024,Widget A,6,13,82.50,Fatima Ahmed
ORD49080,12-03-2024,Service Plan,4,"54,99", 219.96 ,Maria Smith
ORD33153,10-Dec-24,Widget A,4, 12.50 ,"50,00",Ayesha Garcia
ORD94405,19-Jun-24,WIDGET B,3,$19.99, 71.96 ,Fatima Smith
ORD90662,26/12/2024,Gadget X,4,7, 28.00 ,Ali Reyes
ORD32069,18-Nov-24,Gadget X,3,7,$22.05,Ayesha Reyes
ORD65621,"Nov 16, 2024",Gadget X,8,$7.00,56,Zain Ahmed
ORD39673,07-22-2024,Widget B,2, 19.99 ,39.98,Hassan Chen
ORD79602,09-23-2024,Gadget X,2,7,"14,00",Fatima Ahmed
ORD11045,12-19-2024,Service Plan,4,49.99,$199.96,Sara Lee
ORD36611,05/12/2024,Service Plan,9,"49,99",359,Sara Lee
ORD77351,27/10/2024,WIDGET A,6,13.75,$99.00,Fatima Reyes
ORD67013,12/09/2024,Gadget X,10, 7.00 ,$70.00,Fatima Ahmed
ORD50603,"Jun 05, 2024",Gadget X,2,7,14,Ali Khan
ORD63338,17/09/2024,Widget A,10,"12,50","125,00",Ali Garcia
ORD22699,"Dec 30, 2024",Widget B,10,19.99,$199.90,Ali Ahmed
ORD10407,"Jun 20, 2024",Service Plan,3, 49.99 ,149,Ayesha Reyes
ORD41044,2024-10-10,Gadget Y,3,$5.49,13.18,Sara Chen
ORD30453,27-Jul-24,Gadget X,7,7, 53.90 ,Maria Reyes
ORD78633,16/07/2024,Widget A,6,12,"75,00",Zain Patel
ORD45897,"Oct 21, 2024",Gadget X,10,7, 70.00 ,Ali Khan  
ORD95885,2024-07-21,Gadget Y,4,4.94,19,Maria Iqbal
ORD34064,10-21-2024,Service Plan,9,49.99,449.91,Ayesha Lee
ORD69273,24/11/2024,GADGET Y,8,$6.04,48.31,Noor Reyes
ORD24821,2024-08-23,Widget B,6,"17,99","107,95",Fatima Hussain
ORD81497,06-30-2024,Widget A,4,12.50,50.00,Omar Ahmed
ORD75863,10/12/2024,Gadget Y,8,5.49,"46,12",Hassan Garcia
ORD83030,08-03-2024,Widget A,8,11.25,90,Maria Patel  
ORD84427,11-16-2024,Gadget X,6, 6.30 ,45,Zain Garcia
ORD70050,"Aug 06, 2024",GADGET Y,7,6,42.27,Maria Garcia
ORD89519,26/08/2024,Widget B,2, 21.99 ,43.98,Hassan Patel
ORD52627,2024-11-28,Gadget X,1,"7,70",$7.70,Ayesha Hussain
ORD27814,11-02-2024,Widget B,10,$19.99,199.90,Hassan Ahmed
ORD37978,10-28-2024,Service Plan,7,49.99, 349.93 ,Hassan Patel  
ORD18501,"Aug 21, 2024",Gadget Y, 7 ,"5,49", 40.35 ,John Patel
ORD10499,09-26-2024,WIDGET A,3, 13.75 ,$41.25,Maria Hussain
ORD32820,18-Oct-24,Gadget X,1,$6.30,7.56,Zain Patel
ORD74141,"Oct 23, 2024",Service Plan,1,"44,99", 44.99 ,John Iqbal
ORD52742,2024-11-02,GADGET X,9,"6,30", 56.70 ,Zain Patel
ORD45122,29/10/2024,Gadget Y,8, 4.94 ,"39,53",Fatima Iqbal
ORD11847,"Oct 05, 2024",Service Plan,6,"54,99",329,Noor Chen  
ORD44403,08-29-2024,Gadget X,3, 6.30 ,"18,90",Maria Reyes
ORD78933,06-18-2024,Widget B,2,19,39.98,Ayesha Reyes
ORD20665,"Dec 06, 2024",Gadget X,6,$7.00,$33.60,Sara Smith
ORD94068,06-20-2024,Gadget X,8,7,56.00,Sara Chen
ORD58690,09-02-2024,Service Plan,5, 49.99 ,249,Omar Khan
ORD37819,2024-10-17,Widget B,7,19.99, 139.93 ,Zain Garcia
ORD79023,01/08/2024,Gadget Y,7,4.94,$34.59,Ali Patel
ORD18582,31-Aug-24,GADGET X,6,7, 42.00 ,Noor Ahmed
ORD98718,11/07/2024,Gadget Y,6,5,$32.94,Zain Smith
ORD23898,02/06/2024,Widget B,10,21.99,$175.91,Ali Patel
ORD41743,01/11/2024,Gadget Y,10, 5.49 ,$52.16,Maria Ahmed
ORD37726,2024-10-25,Widget A,7, 12.50 ,$87.50,Ayesha Ahmed
ORD40281,10-Jul-24,Widget B,1,19.99,19.99,Omar Patel
ORD70397,"Oct 14, 2024",Widget A,9,12, 112.50 ,Omar Reyes  
ORD71814,"Dec 20, 2024",Gadget Y,10,5,$43.92,Zain Iqbal
ORD21298,2024-12-19,Widget A,3, 12.50 , 37.50 ,John Hussain
ORD67120,"Oct 12, 2024",Service Plan,1,49, 52.49 ,Omar Smith
ORD54049,13/07/2024,Gadget Y,10, 5.49 ,54.90,Noor Patel
ORD88323,"Oct 10, 2024",Widget A,8,12.50, 105.00 ,Omar Patel
ORD88639,2024-06-14,Service Plan,6,"44,99",256.45,Omar Hussain
ORD46947,"Dec 14, 2024",Widget B,4,19.99,"79,96",Fatima Hussain
ORD80184,"Jul 29, 2024",Service Plan,7,"49,99",349.93,Ayesha Khan
ORD79835,18-Jun-24,Service Plan,6,"49,99", 299.94 ,Omar Chen  
ORD65713,21-Aug-24,Service Plan,10,49.99,"499,90",John Reyes
ORD37525,26-Oct-24,Gadget Y,10, 5.49 ,"54,90",Hassan Iqbal
ORD26850,07-07-2024,Service Plan,1,49.99, 49.99 ,Sara Hussain
ORD67979,09-02-2024,Gadget X,5,7,"35,00",John Khan
ORD58121,12/09/2024,Gadget X,5,7,35.00,Maria Hussain
ORD88123,06-13-2024,Gadget Y,1, 5.49 ,$5.49,Noor Iqbal
ORD36508,2024-06-01,Widget B,8,"21,99",$175.91,Omar Chen
ORD34428,"Jun 28, 2024",GADGET X,1,"7,00",7.00,Omar Khan
ORD32170,2024-07-02,Service Plan,4,49.99,189.96,Fatima Hussain
ORD47678,2024-06-28,Service Plan,8,54,439,Fatima Lee
ORD49795,06-11-2024,Service Plan,8,"49,99","399,92",Ayesha Reyes
ORD93805,06-11-2024,Widget A,8, 13.75 ,$110.00,John Lee
ORD96116,2024-08-29,Gadget X, 5 , 7.00 ,35.00,Omar Garcia
ORD17102,12-06-2024,Widget A,1,12,"11,88",Ayesha Lee
ORD39545,2024-06-19,Service Plan,1, 54.99 ,"54,99",Maria Reyes
ORD39778,"Sep 29, 2024",Service Plan, 6 ,$54.99,313,Zain Ahmed
ORD49066,2024-08-28,Service Plan,2,49,$99.98,Noor Khan
ORD66762,11-04-2024,Widget A,9,"12,50", 112.50 ,Fatima Patel
ORD79421,27/11/2024,Widget B,7,"19,99",139,Ayesha Iqbal
ORD35542,2024-12-14,Gadget X,6,$7.00,42.00,Noor Khan
ORD78990,08-21-2024,Service Plan,4, 54.99 , 208.96 ,John Hussain
ORD11443,08-04-2024,Service Plan,10,44.99,$539.89,Zain Khan
ORD59202,04-Dec-24,Widget B,7,"17,99","125,94",John Patel
ORD52705,10-07-2024,Gadget Y,6,5.49,32,Omar Iqbal
ORD36777,2024-06-14,Service Plan,7,44.99,377.92,Ali Garcia
ORD27991,"Aug 15, 2024",Gadget Y,1,5, 5.49 ,John Smith
ORD54464,07/09/2024,Widget B,6,19,"119,94",Zain Hussain
ORD52124,18/09/2024,Widget A,9, 12.50 , 112.50 ,John Chen
ORD24146,"Aug 17, 2024",Gadget X,8,7.00,"56,00",Ayesha Khan
ORD66301,2024-08-29,Widget B,5,"21,99",$109.95,Maria Reyes
ORD73382,11-06-2024,Gadget X,10,7.00,$70.00,Maria Iqbal
ORD95116,"Nov 29, 2024",Widget B,10, 17.99 ,179.91,Ayesha Khan
ORD23644,13-Jun-24,Gadget Y,10,5,43,Fatima Lee
ORD75745,2024-11-21,Gadget X,4,"7,00",22,Fatima Ahmed
ORD84542,08/06/2024,Widget B,8,21,175.91,Zain Ahmed
ORD38608,12-29-2024,Gadget Y,9, 5.49 ,$49.41,Ayesha Garcia
ORD15664,2024-06-30,Service Plan, 10 ,$49.99, 499.90 ,Ayesha Chen
ORD70972,11-30-2024,Gadget X,9,7,63.00,John Lee
ORD78991,26-Sep-24,Gadget Y,4,"5,49",23.06,Noor Smith
ORD19814,"Dec 22, 2024",Widget A,10,$12.50,$125.00,Hassan Garcia
ORD82305,"Aug 14, 2024",Gadget X,4, 7.00 ,"28,00",John Khan
ORD19650,2024-10-20,Widget A,5,12,62.50,Hassan Ahmed
ORD29558,06-23-2024,Widget A,1,12, 12.50 ,Omar Ahmed
ORD56756,28/06/2024,Gadget X,10, 7.00 ,"70,00",Maria Lee
ORD85569,09-18-2024,Widget A,2, 12.50 ,25,Noor Patel
ORD16051,"Oct 01, 2024",Widget A,10,$13.75,$137.50,Ayesha Smith
ORD88097,06-04-2024,Widget A,8,$12.50,100.00,Ayesha Lee
ORD22027,22/09/2024,Service Plan,9, 54.99 , 494.90 ,Omar Garcia
ORD88357,2024-09-02,WIDGET A,9, 13.75 ,$123.75,Fatima Iqbal
ORD27229,26-Dec-24,Service Plan,7,"49,99",$349.93,Ayesha Lee
ORD59260,07-24-2024,Widget B,6,19.99, 119.94 ,Ayesha Khan
ORD71947,"Dec 23, 2024",WIDGET B,9,"19,99",$179.91,Hassan Lee
ORD59527,18-Nov-24,WIDGET B,10, 21.99 , 219.89 ,Ayesha Smith
ORD94515,12/09/2024,Service Plan,10, 49.99 , 499.90 ,John Garcia  
ORD55603,10-28-2024,Service Plan,6,$49.99,$299.94,Ali Chen
ORD34280,04-Dec-24,Widget A,7,$12.50,105.00,Hassan Garcia
ORD71976,2024-09-26,Widget B,4,"19,99","79,96",Fatima Ahmed
ORD41536,29/08/2024,Service Plan,8,$44.99,"377,92",Fatima Chen  
ORD74907,"Nov 07, 2024",Gadget X,9,6.30,56,Fatima Garcia
ORD86608,05/06/2024,Service Plan,4,"49,99",199.96,Omar Garcia
ORD80413,"Oct 07, 2024",Widget B,9,$21.99,197,John Patel
ORD32046,07-17-2024,Widget B, 9 ,$19.99,$179.91,Ayesha Ahmed
ORD29359,2024-11-26,Widget B,7,"19,99",139,Noor Ahmed
ORD31554,03/06/2024,Gadget X,6,7,36.96,Ayesha Reyes
ORD42262,17/06/2024,Gadget Y,3, 6.04 ,"17,21",Fatima Hussain
ORD36578,19/08/2024,Widget B,2,$21.99,$43.98,John Reyes
ORD52498,"Aug 30, 2024",Widget B,9, 21.99 ,197,Maria Lee
ORD15341,"Jun 30, 2024",Widget A,6,12,"75,00",Hassan Chen
ORD32288,02/06/2024,Widget B,5,21.99,$109.95,Zain Hussain
ORD16390,26/09/2024,Gadget X,1,"7,70", 7.70 ,Maria Garcia
ORD32883,"Jun 24, 2024",Service Plan,4,$44.99, 179.96 ,Hassan Lee
ORD50345,22-Nov-24,Service Plan,4,49.99, 199.96 ,Sara Ahmed
ORD30081,2024-11-30,Service Plan,9,$49.99,$449.91,Maria Reyes
ORD17696,13-Dec-24,Gadget X,3, 7.70 ,23,Noor Patel
ORD68903,2024-09-16,Widget B,5, 19.99 ,"99,95",Hassan Reyes
ORD20984,"Nov 28, 2024",Service Plan, 6 ,49.99,299.94,John Iqbal
ORD79703,24-Aug-24,Widget A,10,$12.50,"125,00",Fatima Garcia
ORD33684,2024-09-25,Gadget Y, 3 ,5.49,"16,47",Noor Lee
ORD10944,2024-09-13,Gadget Y, 2 ,"4,94", 9.88 ,Ayesha Lee
ORD67674,10-Jun-24,Widget B,7,"19,99",139,John Reyes
ORD31246,2024-11-24,Gadget X,2,7,$14.00,Ayesha Hussain
ORD32741,"Dec 30, 2024",Gadget X,2,$7.70,15,Ayesha Lee
ORD93955,05-Sep-24,Gadget X,6,7,46,Fatima Garcia
ORD37678,25-Oct-24,Gadget Y,7,5.49, 38.43 ,Omar Hussain
ORD67331,23/10/2024,WIDGET B,5, 19.99 ,"99,95",Noor Hussain
ORD41369,23/10/2024,Widget B,4,19.99,"79,96",Noor Ahmed
ORD68747,2024-07-12,Gadget Y,3,4.94,$14.82,Omar Smith
ORD43364,16/12/2024,Gadget X,9,"7,00","63,00",Fatima Chen
ORD96423,2024-07-08,Widget A,4,11,$45.00,John Hussain
ORD78783,15-Jul-24,Service Plan,2,$49.99,"99,98",John Ahmed
ORD16558,11/12/2024,Service Plan,8,49,"399,92",Hassan Khan
ORD98082,01-Sep-24,Service Plan,8, 49.99 ,399.92,Ayesha Reyes
ORD26850,07-07-2024,Service Plan,1,49.99, 49.99 ,Sara Hussain
ORD62805,"Dec 22, 2024",Gadget Y,10, 4.94 ,$49.41,Sara Lee
ORD14668,2024-12-30,Gadget X,5,7,"33,25",Ayesha Ahmed
ORD96891,2024-10-23,Gadget X,7,$6.30,44.10,Zain Khan
ORD79751,2024-09-18,Widget B,6, 19.99 ,"119,94",Noor Reyes
ORD54845,10-09-2024,Widget B,9,19.99,$179.91,John Hussain
ORD18586,2024-06-15,Widget B,10,17, 179.91 ,Noor Chen
ORD97763,12-16-2024,Gadget Y,9,5,49.41,Maria Reyes
ORD79979,2024-07-31,Widget A,1,"12,50",10.00,Ali Iqbal
ORD42465,29-Dec-24,Widget A,10,13.75,137.50,John Patel
ORD36755,03-Jul-24,Gadget Y,4,5,"21,96",Sara Garcia
ORD82305,"Aug 14, 2024",Gadget X,4, 7.00 ,"28,00",John Khan
ORD85922,07-01-2024,Widget B,3,"19,99",$59.97,Ayesha Hussain
ORD85257,2024-10-11,Gadget Y,1,$5.49,5.49,Fatima Khan
ORD93338,"Jul 08, 2024",Service Plan,4,"49,99","199,96",Maria Smith  
ORD94067,"Jun 13, 2024",Service Plan,10,$49.99,499.90,Ayesha Lee
ORD13982,11-17-2024,Gadget X,7,$7.00, 58.80 ,Hassan Lee
ORD93335,2024-10-13,Gadget X,3,7.00,21.00,Omar Chen
ORD94734,10-12-2024,Widget B,1,"19,99",19.99,Omar Chen
ORD31601,10-Nov-24,Gadget X,5,7, 35.00 ,Hassan Hussain  
ORD53103,16/09/2024,Widget A,4,"12,50",50.00,Ayesha Smith
ORD47127,2024-06-18,Widget B,3,19,$56.97,Fatima Hussain
ORD24523,06/07/2024,Gadget Y,4,5, 21.96 ,John Khan
ORD59844,2024-08-06,Widget B,7,"17,99",$125.94,Noor Chen
ORD80759,"Aug 15, 2024",Widget B,2,"19,99", 39.98 ,Ayesha Reyes
ORD53872,04/08/2024,Gadget X,9,7.00,63.00,John Reyes
ORD55533,2024-06-06,Gadget Y,10,5,54,John Ahmed
ORD89935,"Oct 31, 2024",Widget A,5, 13.75 ,"68,75",Fatima Ahmed  
ORD97973,2024-06-01,Widget B,9,"21,99","197,90",Hassan Chen
ORD57731,"Jun 14, 2024",Gadget X,8,7.00,$56.00,Maria Garcia
ORD98700,14-Jul-24,Gadget Y,8,5,$35.14,John Khan
ORD13454,"Jun 18, 2024",Widget A,4,$11.25,45,Fatima Ahmed
ORD16407,2024-07-08,Gadget X,2,"7,00", 14.00 ,Sara Ahmed
ORD75676,14-Dec-24,Widget B,3, 17.99 ,$53.97,Maria Patel
ORD33506,2024-10-16,Widget A,1, 13.75 , 13.75 ,John Chen
ORD81189,2024-12-03,Service Plan,2,49.99,99,Noor Iqbal
ORD38979,"Aug 21, 2024",Gadget Y,5,"5,49","27,45",Zain Iqbal
ORD88349,22-Dec-24,Service Plan,10,54.99, 659.87 ,Noor Ahmed
ORD83615,2024-08-12,Widget A,5,13,$68.75,Omar Ahmed
ORD51176,11-11-2024,Gadget Y,5,6,24,Ali Reyes
ORD97835,07-02-2024,Widget B,6,19,143,Ayesha Patel
ORD49553,12/12/2024,Service Plan,6,"44,99",$269.95,Maria Khan
ORD68828,10-10-2024,Widget B,6,$19.99,113,Omar Smith
ORD46636,2024-06-14,Gadget X, 4 ,$7.00,$28.00,Zain Garcia
