order_id,date,product,qty,unit_price,line_total,customer_name
ORD10005,2024-07-20,Service Plan,9,44.99,404.0,Maria Lee
ORD10033,2024-11-03,Widget A,8,12.5,100.0,Zain Patel
ORD10047,2024-12-10,Widget A,3,12.5,37.5,Ali Iqbal
ORD10056,2024-06-07,Gadget X,7,7.0,49.0,Ayesha Iqbal
ORD10067,2024-11-08,Widget B,7,19.99,139.93,Sara Garcia
ORD10076,2024-10-01,Widget B,3,19.99,59.97,Noor Reyes
ORD10086,2024-12-31,Gadget Y,10,604.0,6040.0,Zain Patel
ORD10088,2024-06-16,Service Plan,6,4999.0,29994.0,John Chen
ORD10093,2024-11-19,Widget B,1,19.99,19.99,Sara Smith
ORD10101,2024-09-26,Gadget Y,2,549.0,1098.0,Zain Hussain
ORD10108,2024-12-22,Widget A,2,12.5,25.0,John Smith
ORD10110,2024-08-25,Gadget Y,9,5.49,49.41,Ali Lee
ORD10117,2024-06-02,Gadget X,4,7.0,28.0,Omar Iqbal
ORD10119,2024-06-20,Widget A,6,1250.0,7500.0,Ali Chen
ORD10122,2024-11-06,Service Plan,8,49.0,392.0,Ali Garcia
ORD10125,2024-08-22,Gadget X,1,6.3,6.3,Ali Smith
ORD10142,2024-07-25,Gadget Y,2,5.0,10.0,Sara Iqbal
ORD10153,2024-02-11,Gadget Y,7,6.04,42.28,Omar Chen
ORD10153,2024-05-07,Widget A,6,12.5,75.0,Hassan Hussain
ORD10159,2024-06-15,Widget B,3,19.99,59.97,Omar Smith
ORD10161,2024-08-17,Service Plan,9,4999.0,44991.0,Hassan Khan
ORD10183,2024-06-28,Service Plan,2,44.0,88.0,Sara Lee
ORD10186,2024-11-22,Service Plan,9,4499.0,40491.0,Noor Hussain
ORD10190,2024-08-28,Gadget X,9,700.0,6300.0,John Garcia
ORD10207,2024-06-11,Service Plan,8,49.99,399.92,Zain Reyes
ORD10214,2024-12-10,Gadget Y,2,5.49,10.98,John Garcia
ORD10220,2024-08-15,Widget A,2,12.5,25.0,Ali Patel
ORD10234,2024-11-05,Widget B,6,19.0,114.0,Ayesha Chen
ORD10238,2024-11-06,Widget B,5,19.99,99.95,Sara Garcia
ORD10248,2024-08-07,Gadget Y,6,549.0,3294.0,Fatima Garcia
ORD10269,2024-07-17,Gadget Y,4,549.0,2196.0,Hassan Patel
ORD10273,2024-07-02,Service Plan,6,49.0,294.0,Fatima Hussain
ORD10281,2024-06-07,Widget B,7,21.0,147.0,Omar Garcia
ORD10284,2024-08-10,Service Plan,4,44.99,179.96,Ayesha Iqbal
ORD10286,2024-09-17,Service Plan,2,44.99,89.0,Omar Iqbal
ORD10295,2024-05-09,Service Plan,3,49.99,149.97,Maria Smith
ORD10311,2024-08-24,Service Plan,2,54.0,109.98,John Smith
ORD10319,2024-07-17,Gadget Y,10,5.49,54.9,Noor Chen
ORD10356,2024-06-29,Service Plan,9,49.99,449.91,Fatima Patel
ORD10378,2024-11-22,Widget A,6,11.0,67.0,Noor Ahmed
ORD10393,2024-08-11,Gadget X,3,7.0,21.0,Sara Ahmed
ORD10405,2024-08-10,Gadget Y,2,549.0,1098.0,Omar Patel
ORD10407,2024-06-20,Service Plan,3,49.99,149.0,Ayesha Reyes
ORD10423,2024-10-13,Gadget X,4,7.7,30.8,Hassan Smith
ORD10439,2024-10-31,Gadget Y,5,5.0,25.0,Ali Ahmed
ORD10446,2024-07-21,Widget A,7,13.75,96.25,Fatima Hussain
ORD10451,2024-07-06,Widget B,2,21.99,43.98,Maria Garcia
ORD10455,2024-12-11,Widget A,5,13.0,65.0,Ayesha Reyes
ORD10465,2024-08-02,Widget B,9,17.99,161.91,Fatima Iqbal
ORD10471,2024-10-24,Widget B,3,17.99,53.97,Maria Hussain
ORD10478,2024-09-19,Service Plan,4,54.99,219.96,Noor Ahmed
ORD10481,2024-09-08,Gadget Y,1,4.94,4.94,Sara Garcia
ORD10499,2024-09-26,Widget A,3,13.75,41.25,Maria Hussain
ORD10501,2024-10-11,Gadget X,7,7.0,49.0,Ali Ahmed
ORD10502,2024-10-30,Gadget Y,1,5.0,5.0,Zain Lee
ORD10503,2024-07-21,Widget B,1,19.99,19.99,Sara Hussain
ORD10511,2024-08-04,Gadget Y,3,6.0,18.0,John Hussain
ORD10511,2024-12-14,Widget B,4,19.0,76.0,Noor Patel
ORD10518,2024-11-24,Gadget Y,3,5.49,16.47,Zain Chen
ORD10521,2024-09-27,Gadget X,6,770.0,4620.0,Omar Hussain
ORD10527,2024-10-28,Gadget Y,5,4.94,24.71,Ali Patel
ORD10540,2024-10-13,Service Plan,3,54.0,162.0,Ali Garcia
ORD10541,2024-10-17,Gadget Y,2,5.49,10.98,Fatima Garcia
ORD10555,2024-07-30,Gadget X,7,7.0,49.0,Sara Ahmed
ORD10572,2024-06-18,Gadget Y,4,549.0,2196.0,Zain Reyes
ORD10584,2024-11-06,Widget A,8,11.25,90.0,Ali Patel
ORD10593,2024-09-17,Widget A,1,12.0,12.0,Noor Reyes
ORD10599,2024-11-23,Gadget X,4,7.7,30.8,Ali Lee
ORD10609,2024-12-06,Gadget X,8,7.0,56.0,Fatima Ahmed
ORD10640,2024-10-29,Gadget X,10,700.0,7000.0,Hassan Lee
ORD10644,2024-06-25,Service Plan,4,4999.0,19996.0,Ali Chen
ORD10648,2024-09-19,Widget A,9,12.5,112.5,Fatima Lee
ORD10648,2024-09-21,Service Plan,7,49.0,343.0,Ayesha Lee
ORD10652,2024-01-10,Gadget Y,1,5.0,5.0,Noor Reyes
ORD10657,2024-07-11,Service Plan,5,49.99,249.95,Ayesha Hussain
ORD10673,2024-11-25,Gadget X,10,7.0,70.0,Hassan Lee
ORD10674,2024-12-08,Gadget Y,1,5.49,5.49,Hassan Lee
ORD10678,2024-11-11,Widget A,9,12.0,108.0,Ayesha Iqbal
ORD10691,2024-06-06,Widget B,8,19.99,159.92,Ali Iqbal
ORD10698,2024-10-17,Widget B,10,1999.0,19990.0,Noor Patel
ORD10721,2024-10-25,Widget A,3,13.0,39.19,Hassan Khan
ORD10726,2024-12-10,Widget A,7,12.5,87.5,Fatima Smith
ORD10743,2024-07-12,Gadget Y,8,5.49,43.92,Sara Hussain
ORD10752,2024-07-04,Widget B,2,17.99,35.98,John Reyes
ORD10753,2024-11-03,Gadget Y,4,5.0,20.0,Noor Patel
ORD10761,2024-09-14,Service Plan,3,44.99,134.97,Hassan Khan
ORD10766,2024-12-12,Service Plan,6,4999.0,29994.0,Sara Reyes
ORD10772,2024-11-05,Gadget Y,6,549.0,3294.0,Omar Hussain
ORD10773,2024-06-08,Gadget X,2,7.0,14.0,Maria Garcia
ORD10796,2024-10-31,Widget B,1,19.99,19.99,Omar Patel
ORD10802,2024-08-10,Widget A,2,1250.0,2500.0,Hassan Ahmed
ORD10815,2024-07-20,Gadget Y,7,5.49,38.43,Noor Chen
ORD10817,2024-10-16,Gadget Y,8,604.0,4832.0,Ali Patel
ORD10832,2024-06-02,Widget B,2,17.0,34.0,Hassan Garcia
ORD10833,2024-07-06,Widget A,6,12.0,72.0,Noor Lee
ORD10833,2024-10-04,Widget B,7,1999.0,13993.0,Maria Reyes
ORD10854,2024-09-19,Gadget X,2,700.0,1400.0,John Reyes
ORD10901,2024-12-16,Service Plan,9,49.0,441.0,John Chen
ORD10906,2024-08-18,Gadget X,1,7.0,7.0,Omar Garcia
ORD10911,2024-08-26,Service Plan,5,49.0,249.0,John Khan
ORD10922,2024-07-28,Gadget X,7,7.7,53.9,John Ahmed
ORD10923,2024-11-17,Service Plan,6,4999.0,29994.0,Sara Lee
ORD10926,2024-08-15,Gadget X,7,6.3,44.1,Omar Garcia
ORD10941,2024-02-10,Widget B,4,19.0,76.0,Zain Lee
ORD10944,2024-09-13,Gadget Y,2,494.0,988.0,Ayesha Lee
ORD10945,2024-06-18,Service Plan,4,44.99,179.96,John Lee
ORD10955,2024-08-01,Gadget Y,9,5.49,49.41,Noor Patel
ORD10981,2024-10-18,Gadget X,6,700.0,4200.0,Noor Ahmed
ORD10987,2024-07-17,Service Plan,4,49.99,199.96,Noor Smith
ORD10993,2024-12-24,Widget B,6,19.99,119.0,Hassan Chen
ORD11003,2024-10-16,Service Plan,8,49.0,392.0,Zain Smith
ORD11008,2024-09-29,Service Plan,10,44.99,449.9,Maria Khan
ORD11010,2024-07-24,Service Plan,3,49.99,149.97,Fatima Hussain
ORD11010,2024-09-29,Gadget Y,3,5.49,16.47,Hassan Lee
ORD11020,2024-06-25,Gadget X,1,7.7,7.7,Omar Iqbal
ORD11020,2024-08-26,Widget B,5,17.0,85.0,Sara Khan
ORD11030,2024-06-19,Gadget Y,6,5.0,30.0,Sara Smith
ORD11040,2024-10-25,Service Plan,7,5499.0,38493.0,Sara Iqbal
ORD11045,2024-12-19,Service Plan,4,49.99,199.96,Sara Lee
ORD11068,2024-08-19,Gadget X,3,6.3,18.9,Omar Khan
ORD11069,2024-07-13,Gadget X,4,7.0,28.0,Fatima Iqbal
ORD11086,2024-12-04,Widget A,9,12.5,112.5,Maria Chen
ORD11089,2024-11-11,Widget A,7,12.5,87.0,Zain Smith
ORD11089,2024-12-12,Widget A,3,1250.0,3750.0,Fatima Smith
ORD11096,2024-10-31,Widget B,6,19.99,119.94,Zain Khan
ORD11103,2024-10-07,Gadget X,3,630.0,1890.0,Fatima Hussain
ORD11104,2024-11-02,Widget A,10,12.5,125.0,Ali Smith
ORD11110,2024-04-06,Widget A,3,11.25,33.75,Ali Khan
ORD11117,2024-07-17,Gadget Y,7,5.0,35.0,Zain Ahmed
ORD11133,2024-06-18,Gadget X,10,7.7,77.0,Omar Patel
ORD11140,2024-10-23,Widget B,3,1999.0,5997.0,Maria Lee
ORD11146,2024-10-09,Widget A,8,12.5,100.0,Fatima Garcia
ORD11157,2024-08-20,Widget B,6,21.99,131.0,Fatima Hussain
ORD11183,2024-12-13,Gadget Y,5,5.49,27.0,Hassan Patel
ORD11185,2024-09-12,Gadget Y,6,494.0,2964.0,Omar Reyes
ORD11188,2024-12-17,Gadget Y,2,5.49,10.98,Fatima Khan
ORD11190,2024-09-20,Widget B,3,17.99,53.97,Maria Patel
ORD11199,2024-07-21,Widget A,6,1250.0,7500.0,Maria Khan
ORD11211,2024-12-10,Gadget Y,9,5.49,49.41,John Khan
ORD11217,2024-10-02,Widget B,1,19.0,19.0,Omar Smith
ORD11227,2024-07-27,Widget A,5,12.5,62.5,Ali Garcia
ORD11242,2024-08-25,Service Plan,2,49.99,99.0,Sara Lee
ORD11246,2024-08-26,Service Plan,8,54.99,439.91,Hassan Khan
ORD11255,2024-06-21,Gadget Y,5,4.94,24.71,Ali Smith
ORD11278,2024-07-20,Gadget X,7,7.0,49.0,Ayesha Iqbal
ORD11280,2024-06-30,Gadget Y,9,549.0,4941.0,Ali Iqbal
ORD11280,2024-07-19,Gadget X,5,7.0,35.0,Maria Khan
ORD11286,2024-09-18,Widget B,8,17.99,143.93,Sara Hussain
ORD11292,2024-06-11,Widget B,1,19.0,19.0,Ayesha Garcia
ORD11292,2024-11-23,Gadget Y,3,6.04,18.12,Fatima Iqbal
ORD11301,2024-10-22,Service Plan,4,49.99,199.96,Ali Smith
ORD11319,2024-11-07,Gadget Y,9,549.0,4941.0,Zain Lee
ORD11345,2024-07-10,Service Plan,1,49.99,49.99,Ali Reyes
ORD11363,2024-10-12,Gadget X,9,700.0,6300.0,Zain Garcia
ORD11371,2024-09-18,Widget A,2,12.5,25.0,Fatima Ahmed
ORD11393,2024-07-27,Service Plan,9,54.0,486.0,Omar Hussain
ORD11400,2024-08-15,Widget A,9,13.75,123.75,Omar Chen
ORD11412,2024-07-13,Gadget X,5,6.0,30.0,Omar Chen
ORD11412,2024-09-27,Gadget X,3,7.0,21.0,Hassan Hussain
ORD11420,2024-10-08,Service Plan,7,49.99,349.93,Hassan Ahmed
ORD11428,2024-12-01,Gadget X,4,7.7,30.8,John Patel
ORD11430,2024-08-16,Gadget X,4,7.0,28.0,Hassan Reyes
ORD11443,2024-08-04,Service Plan,10,44.99,449.9,Zain Khan
ORD11445,2024-10-02,Service Plan,10,54.99,549.89,Sara Lee
ORD11447,2024-10-12,Gadget Y,4,5.0,20.0,Omar Chen
ORD11457,2024-07-17,Gadget Y,4,5.0,20.0,John Reyes
ORD11459,2024-12-20,Widget A,5,12.0,60.0,Omar Smith
ORD11464,2024-06-18,Service Plan,8,54.99,439.91,John Lee
ORD11475,2024-11-11,Gadget Y,5,5.49,27.45,Ali Khan
ORD11492,2024-08-17,Gadget Y,3,4.94,14.82,Sara Garcia
ORD11498,2024-08-06,Gadget X,4,700.0,2800.0,John Ahmed
ORD11500,2024-11-19,Widget A,2,1125.0,2250.0,Fatima Chen
ORD11508,2024-12-10,Gadget X,10,7.0,70.0,Zain Patel
ORD11510,2024-10-11,Widget A,9,1250.0,11250.0,Fatima Garcia
ORD11511,2024-10-06,Gadget Y,7,549.0,3843.0,John Smith
ORD11517,2024-04-10,Widget A,4,13.75,55.0,Hassan Smith
ORD11519,2024-10-03,Widget B,8,19.99,159.92,Fatima Lee
ORD11529,2024-11-03,Service Plan,1,44.99,44.99,Maria Lee
ORD11531,2024-10-09,Service Plan,10,49.99,499.9,Sara Patel
ORD11539,2024-08-09,Gadget Y,1,5.0,5.0,Sara Patel
ORD11550,2024-06-27,Gadget Y,6,6.0,36.0,Maria Khan
ORD11570,2024-06-29,Gadget Y,2,6.0,12.0,Maria Patel
ORD11571,2024-08-02,Widget B,1,19.0,19.0,Zain Ahmed
ORD11576,2024-09-28,Gadget Y,2,4.94,10.0,Fatima Lee
ORD11588,2024-11-14,Widget B,7,19.0,133.0,Fatima Reyes
ORD11591,2024-10-16,Gadget Y,1,5.0,5.0,Zain Khan
ORD11594,2024-06-29,Service Plan,5,44.99,224.95,Fatima Lee
ORD11595,2024-09-23,Gadget X,6,7.0,42.0,Ayesha Garcia
ORD11603,2024-09-12,Widget A,1,12.0,12.0,Ali Hussain
ORD11625,2024-11-24,Widget B,6,19.0,114.0,Fatima Smith
ORD11628,2024-11-25,Gadget Y,4,5.49,21.96,Hassan Reyes
ORD11631,2024-08-21,Widget A,5,1375.0,6875.0,Omar Hussain
ORD11649,2024-06-25,Gadget Y,2,5.49,10.98,Zain Iqbal
ORD11651,2024-12-01,Gadget X,6,7.0,42.0,Hassan Smith
ORD11658,2024-12-04,Widget A,5,11.25,56.0,Maria Khan
ORD11663,2024-09-19,Gadget Y,3,5.0,15.0,Omar Patel
ORD11673,2024-12-10,Widget A,1,1375.0,1375.0,John Garcia
ORD11677,2024-11-13,Gadget X,1,6.3,6.3,Hassan Hussain
ORD11690,2024-07-06,Service Plan,5,4999.0,24995.0,Sara Lee
ORD11696,2024-07-25,Widget B,1,17.99,17.99,Zain Ahmed
ORD11699,2024-08-18,Widget B,6,19.99,119.94,Zain Garcia
ORD11710,2024-07-01,Widget B,9,19.99,179.0,John Hussain
ORD11716,2024-08-28,Widget A,2,12.5,25.0,John Hussain
ORD11719,2024-07-21,Gadget X,6,7.0,42.0,Ali Ahmed
ORD11719,2024-08-02,Gadget Y,6,604.0,3624.0,Sara Iqbal
ORD11726,2024-07-09,Widget A,10,1250.0,12500.0,Ayesha Ahmed
ORD11730,2024-07-24,Gadget X,8,7.0,56.0,Zain Iqbal
ORD11736,2024-08-14,Service Plan,5,4999.0,24995.0,Ali Khan
ORD11737,2024-08-01,Service Plan,3,54.0,164.97,Noor Chen
ORD11739,2024-10-13,Service Plan,10,44.99,449.91,John Ahmed
ORD11743,2024-07-14,Gadget Y,8,6.0,48.31,Maria Iqbal
ORD11756,2024-06-06,Widget B,6,19.99,119.94,Ayesha Garcia
ORD11760,2024-09-08,Gadget X,2,6.3,12.6,Maria Hussain
ORD11771,2024-11-26,Widget A,4,13.75,55.0,Ali Reyes
ORD11776,2024-06-11,Gadget X,1,700.0,700.0,Noor Reyes
ORD11790,2024-11-22,Service Plan,3,49.99,149.97,Ayesha Garcia
ORD11791,2024-09-23,Service Plan,3,49.99,149.97,Omar Lee
ORD11817,2024-12-09,Widget A,3,12.5,37.5,Fatima Reyes
ORD11834,2024-10-04,Widget A,4,13.75,55.0,Omar Ahmed
ORD11836,2024-06-09,Service Plan,9,44.99,404.91,Fatima Chen
ORD11836,2024-12-23,Gadget Y,4,5.49,21.96,Maria Khan
ORD11846,2024-06-05,Service Plan,8,49.99,399.92,John Khan
ORD11847,2024-10-05,Service Plan,6,5499.0,32994.0,Noor Chen
ORD11850,2024-08-01,Gadget X,2,7.0,14.0,Maria Garcia
ORD11854,2024-09-20,Service Plan,1,4499.0,4499.0,Sara Patel
ORD11854,2024-11-29,Service Plan,3,4999.0,14997.0,Fatima Ahmed
ORD11871,2024-07-21,Gadget X,3,700.0,2100.0,Noor Patel
ORD11877,2024-07-07,Widget A,4,12.5,50.0,Ayesha Patel
ORD11887,2024-10-26,Gadget X,3,630.0,1890.0,Noor Patel
ORD11889,2024-06-25,Service Plan,2,4999.0,9998.0,John Smith
ORD11890,2024-12-02,Gadget X,5,770.0,3850.0,Ali Ahmed
ORD11898,2024-07-15,Widget A,6,1250.0,7500.0,Maria Hussain
ORD11899,2024-06-04,Gadget Y,2,5.49,10.98,Zain Ahmed
ORD11901,2024-12-04,Gadget Y,4,5.49,21.96,Hassan Patel
ORD11908,2024-06-14,Gadget Y,5,494.0,2470.0,Noor Patel
ORD11908,2024-07-20,Gadget X,9,7.0,63.0,Fatima Hussain
ORD11941,2024-06-28,Widget B,4,1999.0,7996.0,Hassan Ahmed
ORD11943,2024-09-30,Widget B,10,17.99,179.9,Sara Chen
ORD11947,2024-07-20,Widget A,9,1375.0,12375.0,Noor Patel
ORD11956,2024-10-29,Gadget Y,10,5.49,54.9,Noor Reyes
ORD11971,2024-03-09,Service Plan,4,5499.0,21996.0,Zain Patel
ORD11975,2024-08-06,Widget B,4,19.99,79.96,Omar Smith
ORD11978,2024-07-26,Widget A,8,12.5,100.0,Noor Hussain
ORD11999,2024-11-07,Service Plan,9,49.99,449.91,John Patel
ORD12019,2024-08-20,Service Plan,8,49.0,392.0,Zain Reyes
ORD12025,2024-10-31,Widget B,9,21.0,189.0,Fatima Khan
ORD12043,2024-09-25,Widget A,4,12.5,50.0,Omar Hussain
ORD12078,2024-09-10,Gadget Y,3,5.49,16.47,Maria Garcia
ORD12093,2024-07-28,Service Plan,6,49.99,299.0,Sara Lee
ORD12106,2024-06-10,Widget B,10,19.99,199.9,Maria Ahmed
ORD12107,2024-05-06,Service Plan,6,49.0,294.0,Ayesha Reyes
ORD12107,2024-07-20,Widget B,5,19.99,99.95,Ali Hussain
ORD12116,2024-06-23,Gadget Y,8,494.0,3952.0,Ali Hussain
ORD12116,2024-10-15,Service Plan,7,49.0,343.0,Noor Garcia
ORD12123,2024-10-23,Gadget Y,1,4.94,4.94,Maria Ahmed
ORD12127,2024-07-25,Widget B,6,19.0,114.0,Sara Smith
ORD12147,2024-06-24,Gadget Y,3,549.0,1647.0,Ali Reyes
ORD12155,2024-08-24,Widget B,6,19.99,119.94,Maria Chen
ORD12161,2024-10-05,Gadget X,3,7.7,23.1,Sara Reyes
ORD12161,2024-11-07,Service Plan,7,49.0,343.0,Noor Chen
ORD12181,2024-08-07,Gadget X,9,7.0,63.0,Zain Iqbal
ORD12192,2024-10-14,Service Plan,1,54.99,54.99,Maria Khan
ORD12211,2024-09-22,Widget A,4,12.5,50.0,Ayesha Smith
ORD12214,2024-11-23,Gadget Y,7,5.49,38.43,Ali Hussain
ORD12215,2024-09-26,Gadget Y,3,549.0,1647.0,Omar Reyes
ORD12215,2024-11-22,Gadget Y,10,6.04,60.39,Zain Iqbal
ORD12223,2024-11-01,Service Plan,3,49.99,149.97,Maria Chen
ORD12231,2024-10-05,Widget A,5,1250.0,6250.0,Noor Iqbal
ORD12246,2024-07-22,Widget A,6,12.5,75.0,Zain Patel
ORD12253,2024-01-09,Widget A,10,12.5,125.0,Ayesha Iqbal
ORD12255,2024-12-13,Widget B,1,21.99,21.99,Ali Iqbal
ORD12285,2024-11-28,Gadget Y,10,5.49,54.9,Fatima Patel
ORD12289,2024-08-21,Widget A,10,1250.0,12500.0,Fatima Ahmed
ORD12301,2024-09-28,Widget B,5,19.0,95.0,John Chen
ORD12324,2024-06-10,Widget B,8,19.99,159.0,Zain Reyes
ORD12352,2024-06-27,Service Plan,1,49.99,49.99,Omar Reyes
ORD12355,2024-12-20,Widget A,1,12.5,12.5,Sara Garcia
ORD12376,2024-06-10,Gadget X,4,7.0,28.0,Ayesha Patel
ORD12392,2024-08-13,Widget A,5,12.0,60.0,Sara Smith
ORD12394,2024-11-26,Widget A,6,12.5,75.0,Noor Chen
ORD12396,2024-08-28,Widget A,2,1250.0,2500.0,Sara Smith
ORD12408,2024-08-28,Gadget X,6,700.0,4200.0,Omar Khan
ORD12410,2024-10-23,Gadget X,3,7.0,21.0,Omar Lee
ORD12435,2024-11-10,Gadget Y,6,4.0,24.0,Omar Chen
ORD12438,2024-10-22,Gadget X,9,7.0,63.0,Ayesha Patel
ORD12459,2024-11-12,Gadget X,3,7.0,21.0,Noor Garcia
ORD12468,2024-06-04,Service Plan,9,44.99,404.91,Zain Hussain
ORD12472,2024-09-08,Widget A,7,13.75,96.25,John Garcia
ORD12482,2024-08-05,Gadget Y,1,5.49,5.49,Ali Garcia
ORD12500,2024-06-23,Gadget X,5,7.7,38.5,Hassan Smith
ORD12503,2024-07-07,Gadget X,5,7.7,38.5,Omar Patel
ORD12503,2024-10-21,Widget B,7,19.99,139.93,Omar Lee
ORD12511,2024-07-19,Widget B,1,17.99,17.99,Ayesha Smith
ORD12512,2024-10-30,Gadget Y,6,6.04,36.23,Hassan Ahmed
ORD12521,2024-07-14,Gadget Y,4,5.0,20.0,Hassan Hussain
ORD12526,2024-06-29,Gadget X,6,6.0,36.0,Noor Smith
ORD12526,2024-11-30,Widget B,4,17.0,68.37,Omar Ahmed
ORD12547,2024-10-31,Service Plan,9,44.99,404.92,Omar Garcia
ORD12547,2024-11-27,Widget A,1,11.25,11.25,Maria Khan
ORD12548,2024-08-23,Widget B,10,19.99,199.9,Ali Khan
ORD12558,2024-12-03,Gadget Y,10,4.94,49.41,Ayesha Hussain
ORD12559,2024-08-07,Service Plan,7,49.99,349.93,Maria Reyes
ORD12581,2024-02-10,Widget B,5,19.99,99.95,Omar Garcia
ORD12583,2024-06-19,Gadget Y,4,5.49,21.96,Maria Patel
ORD12593,2024-09-26,Widget A,3,11.25,33.75,John Smith
ORD12616,2024-11-08,Gadget X,4,7.0,28.0,Fatima Chen
ORD12617,2024-07-12,Widget A,1,11.0,11.0,Sara Patel
ORD12625,2024-07-21,Gadget Y,5,6.04,30.2,Hassan Khan
ORD12636,2024-06-13,Service Plan,2,49.99,99.98,Ali Reyes
ORD12645,2024-07-01,Widget B,1,1999.0,1999.0,Ali Hussain
ORD12647,2024-10-08,Widget B,5,1999.0,9995.0,Ali Ahmed
ORD12651,2024-12-29,Gadget X,2,7.0,14.0,Ali Khan
ORD12664,2024-06-12,Service Plan,2,4999.0,9998.0,Omar Patel
ORD12666,2024-06-09,Widget A,6,1125.0,6750.0,Ali Iqbal
ORD12667,2024-11-09,Gadget Y,10,549.0,5490.0,Hassan Iqbal
ORD12673,2024-11-03,Widget A,9,12.5,112.5,Ali Khan
ORD12686,2024-10-10,Gadget X,4,7.7,30.8,Omar Garcia
ORD12717,2024-12-27,Service Plan,10,44.0,440.0,Omar Hussain
ORD12720,2024-06-06,Widget B,5,19.99,99.95,Maria Lee
ORD12722,2024-11-04,Gadget Y,8,6.04,48.31,Noor Iqbal
ORD12727,2024-08-15,Gadget Y,1,5.49,5.49,Maria Hussain
ORD12757,2024-11-16,Gadget Y,9,4.94,44.46,Sara Iqbal
ORD12760,2024-06-20,Service Plan,8,49.99,399.0,Fatima Chen
ORD12764,2024-10-05,Gadget X,10,7.0,70.0,John Lee
ORD12769,2024-08-09,Service Plan,7,44.99,314.94,John Iqbal
ORD12787,2024-07-05,Gadget Y,1,5.49,5.49,Noor Garcia
ORD12810,2024-09-09,Widget A,6,12.5,75.0,Noor Reyes
ORD12814,2024-12-20,Service Plan,4,4999.0,19996.0,Sara Lee
ORD12844,2024-07-14,Gadget X,10,7.0,70.0,Sara Garcia
ORD12844,2024-07-14,Widget A,9,12.5,112.5,Noor Khan
ORD12844,2024-12-23,Gadget X,7,7.0,49.0,Maria Khan
ORD12852,2024-07-18,Gadget X,2,6.3,12.6,Ali Iqbal
ORD12858,2024-06-12,Gadget X,6,6.3,37.8,Ayesha Garcia
ORD12866,2024-11-06,Gadget Y,3,549.0,1647.0,Ali Patel
ORD12874,2024-07-13,Gadget X,5,7.0,35.0,Maria Khan
ORD12898,2024-10-22,Gadget Y,9,5.49,49.41,Sara Garcia
ORD12900,2024-06-18,Widget B,5,1999.0,9995.0,John Garcia
ORD12902,2024-06-19,Gadget X,3,6.3,18.9,Zain Garcia
ORD12919,2024-11-30,Service Plan,9,54.99,494.91,Fatima Ahmed
ORD12930,2024-10-28,Gadget Y,6,5.49,32.94,Noor Smith
ORD12934,2024-02-08,Service Plan,8,49.99,399.92,Maria Garcia
ORD12938,2024-12-03,Service Plan,6,4999.0,29994.0,Zain Ahmed
ORD12946,2024-10-26,Gadget X,4,700.0,2800.0,Sara Garcia
ORD12948,2024-07-10,Service Plan,2,5499.0,10998.0,John Smith
ORD12949,2024-12-07,Service Plan,1,49.0,49.0,Hassan Reyes
ORD12960,2024-12-17,Gadget X,3,7.7,23.1,Fatima Iqbal
ORD12961,2024-11-10,Service Plan,8,4999.0,39992.0,Fatima Hussain
ORD12980,2024-07-17,Gadget Y,8,5.49,43.92,Ali Lee
ORD12993,2024-12-17,Widget B,10,1999.0,19990.0,John Lee
ORD13033,2024-07-05,Widget B,10,19.0,190.0,Fatima Lee
ORD13046,2024-12-03,Widget B,1,17.99,17.99,Noor Hussain
ORD13049,2024-08-27,Gadget Y,3,604.0,1812.0,Zain Smith
ORD13053,2024-12-14,Gadget Y,3,5.49,16.47,Ali Hussain
ORD13062,2024-06-26,Gadget Y,6,604.0,3624.0,Noor Smith
ORD13068,2024-12-10,Gadget X,9,7.7,69.3,Sara Ahmed
ORD13081,2024-06-17,Gadget X,1,7.7,7.7,Maria Khan
ORD13082,2024-12-16,Gadget X,4,7.7,30.8,Zain Patel
ORD13132,2024-06-20,Gadget X,4,7.0,28.0,Zain Lee
ORD13150,2024-12-18,Widget B,8,19.99,159.92,Hassan Iqbal
ORD13154,2024-09-11,Gadget X,7,7.0,49.0,Zain Patel
ORD13155,2024-08-24,Widget A,2,1250.0,2500.0,Ali Hussain
ORD13161,2024-12-14,Gadget X,6,7.0,42.0,Noor Ahmed
ORD13175,2024-06-14,Widget B,8,19.99,159.92,Omar Iqbal
ORD13177,2024-10-04,Service Plan,5,4999.0,24995.0,Maria Iqbal
ORD13178,2024-07-23,Gadget Y,3,5.0,15.0,Ali Hussain
ORD13180,2024-12-25,Widget B,3,19.99,59.97,Fatima Hussain
ORD13181,2024-11-23,Service Plan,4,49.0,196.0,Omar Khan
ORD13186,2024-11-14,Service Plan,1,49.99,49.99,John Ahmed
ORD13199,2024-09-25,Gadget Y,3,6.04,18.12,Omar Hussain
ORD13205,2024-12-02,Service Plan,7,49.0,343.0,Fatima Ahmed
ORD13218,2024-11-01,Widget B,1,19.99,19.99,Omar Ahmed
ORD13232,2024-11-25,Service Plan,3,49.99,149.97,Ayesha Chen
ORD13236,2024-09-15,Gadget X,3,7.0,21.0,Sara Ahmed
ORD13248,2024-11-18,Service Plan,2,49.99,99.98,Maria Reyes
ORD13255,2024-06-07,Widget B,4,17.99,71.96,Ayesha Garcia
ORD13255,2024-12-10,Widget B,9,17.99,161.92,Maria Patel
ORD13259,2024-11-23,Gadget Y,10,4.94,49.4,Hassan Chen
ORD13290,2024-08-24,Gadget X,6,7.0,42.0,Noor Reyes
ORD13318,2024-07-09,Gadget Y,3,5.0,15.0,Sara Iqbal
ORD13322,2024-08-12,Gadget X,5,7.7,38.0,Zain Chen
ORD13329,2024-11-23,Service Plan,10,49.0,490.0,Noor Reyes
ORD13339,2024-10-17,Gadget Y,6,5.49,32.94,Zain Lee
ORD13344,2024-08-11,Gadget X,10,7.0,70.0,Sara Garcia
ORD13346,2024-08-19,Gadget X,5,6.3,31.5,Noor Reyes
ORD13366,2024-07-19,Service Plan,2,49.0,98.0,Maria Lee
ORD13368,2024-06-26,Gadget Y,1,5.49,5.49,Zain Khan
ORD13368,2024-10-22,Service Plan,4,4499.0,17996.0,Omar Chen
ORD13368,2024-12-06,Gadget Y,8,5.49,43.92,Hassan Chen
ORD13385,2024-09-30,Gadget Y,5,5.49,27.45,Fatima Hussain
ORD13389,2024-10-08,Gadget X,3,7.0,21.0,Noor Garcia
ORD13397,2024-07-02,Gadget Y,1,5.49,5.49,John Hussain
ORD13407,2024-12-02,Service Plan,2,44.99,89.98,Ayesha Hussain
ORD13449,2024-12-12,Widget B,9,19.99,179.0,Maria Iqbal
ORD13452,2024-10-26,Gadget X,2,7.0,14.0,Hassan Hussain
ORD13454,2024-06-18,Widget A,4,11.25,45.0,Fatima Ahmed
ORD13465,2024-08-17,Widget A,5,1375.0,6875.0,Noor Lee
ORD13471,2024-11-05,Gadget X,10,700.0,7000.0,Omar Reyes
ORD13471,2024-12-09,Widget A,6,12.5,75.0,Ayesha Hussain
ORD13478,2024-04-07,Widget A,6,1125.0,6750.0,Sara Garcia
ORD13489,2024-07-15,Widget A,2,12.0,24.0,Ali Khan
ORD13491,2024-07-24,Widget B,3,21.0,63.0,John Patel
ORD13493,2024-08-28,Service Plan,9,49.99,449.91,Ali Reyes
ORD13497,2024-11-20,Service Plan,5,44.99,224.95,Ali Patel
ORD13514,2024-12-28,Widget B,10,21.0,210.0,Ali Reyes
ORD13525,2024-07-27,Service Plan,3,49.99,149.97,Noor Iqbal
ORD13534,2024-12-08,Service Plan,3,54.99,164.97,Zain Iqbal
ORD13544,2024-08-06,Widget A,3,12.0,36.0,Hassan Reyes
ORD13544,2024-10-02,Gadget X,4,7.7,30.8,Noor Khan
ORD13552,2024-10-19,Gadget X,5,7.0,35.0,Ayesha Hussain
ORD13565,2024-11-23,Widget A,1,13.75,13.75,Fatima Chen
ORD13574,2024-10-18,Widget A,3,12.5,37.5,Fatima Khan
ORD13589,2024-12-06,Service Plan,9,44.99,404.92,Sara Reyes
ORD13600,2024-06-26,Gadget X,2,7.7,15.4,Zain Khan
ORD13610,2024-12-12,Widget B,1,17.99,17.99,Omar Khan
ORD13614,2024-11-30,Service Plan,8,54.0,439.0,John Chen
ORD13643,2024-07-03,Widget A,10,12.5,125.0,Ali Ahmed
ORD13646,2024-10-16,Widget A,8,12.0,96.0,John Smith
ORD13673,2024-10-16,Widget A,9,1125.0,10125.0,Ayesha Reyes
ORD13687,2024-11-14,Widget A,9,11.0,99.0,Fatima Reyes
ORD13691,2024-10-26,Gadget X,5,7.0,35.0,Fatima Patel
ORD13692,2024-07-11,Service Plan,10,54.0,549.89,John Smith
ORD13704,2024-08-06,Widget A,5,12.0,60.0,Ayesha Khan
ORD13704,2024-08-25,Gadget X,5,7.7,38.0,Ali Khan
ORD13711,2024-09-26,Gadget X,10,6.3,63.0,Ayesha Patel
ORD13715,2024-12-09,Gadget Y,2,604.0,1208.0,Ayesha Hussain
ORD13724,2024-07-11,Gadget Y,6,5.49,32.94,Ali Smith
ORD13734,2024-06-24,Widget A,1,12.5,12.5,Noor Reyes
ORD13734,2024-09-27,Widget A,3,13.75,41.0,Ali Iqbal
ORD13759,2024-12-09,Gadget Y,7,549.0,3843.0,Fatima Iqbal
ORD13771,2024-07-29,Widget B,1,19.99,19.99,Ali Iqbal
ORD13774,2024-10-12,Widget B,8,19.99,159.92,Zain Patel
ORD13777,2024-11-23,Widget B,8,21.99,175.92,Ali Chen
ORD13783,2024-12-18,Gadget X,4,700.0,2800.0,Ayesha Smith
ORD13796,2024-07-17,Service Plan,3,44.99,134.97,Noor Smith
ORD13799,2024-06-25,Gadget Y,1,4.0,3.95,Fatima Reyes
ORD13800,2024-12-03,Gadget Y,9,6.04,54.35,Sara Smith
ORD13802,2024-08-20,Gadget X,8,7.7,61.6,Ayesha Patel
ORD13811,2024-01-11,Widget A,3,11.25,33.75,Ayesha Hussain
ORD13819,2024-08-06,Gadget X,9,7.0,63.0,Sara Hussain
ORD13830,2024-07-12,Gadget X,7,7.0,49.0,Hassan Chen
ORD13849,2024-10-01,Gadget X,2,700.0,1400.0,Hassan Smith
ORD13851,2024-09-30,Gadget X,4,7.0,28.0,Noor Garcia
ORD13859,2024-08-17,Widget A,9,1125.0,10125.0,Ali Lee
ORD13860,2024-12-31,Widget B,8,19.0,152.0,Sara Khan
ORD13861,2024-07-15,Gadget X,2,7.7,15.4,Fatima Reyes
ORD13864,2024-12-13,Gadget X,7,7.7,53.9,Hassan Smith
ORD13866,2024-11-09,Gadget Y,4,494.0,1976.0,Ayesha Lee
ORD13869,2024-06-23,Gadget X,6,7.7,46.2,Ayesha Reyes
ORD13870,2024-08-25,Service Plan,10,4999.0,49990.0,Noor Smith
ORD13899,2024-10-14,Widget B,4,19.0,76.0,Maria Reyes
ORD13905,2024-09-26,Widget B,5,17.99,89.95,Omar Ahmed
ORD13909,2024-08-24,Service Plan,8,4499.0,35993.0,Maria Garcia
ORD13910,2024-12-27,Gadget Y,1,4.94,4.94,Fatima Garcia
ORD13916,2024-08-03,Service Plan,1,44.99,44.99,Ali Lee
ORD13928,2024-09-10,Widget B,3,19.0,57.0,Ali Garcia
ORD13933,2024-12-26,Service Plan,4,44.99,179.96,John Iqbal
ORD13934,2024-12-25,Widget B,7,21.0,147.0,John Reyes
ORD13954,2024-06-29,Widget B,4,1999.0,7996.0,Ali Reyes
ORD13958,2024-09-05,Widget B,5,21.0,105.0,Omar Hussain
ORD13959,2024-12-22,Gadget X,9,6.3,56.7,Maria Lee
ORD13974,2024-11-12,Widget B,2,19.99,39.98,Maria Iqbal
ORD13974,2024-11-18,Service Plan,6,49.99,299.94,Sara Smith
ORD13977,2024-06-10,Service Plan,5,49.0,249.0,Maria Garcia
ORD13982,2024-11-17,Gadget X,7,7.0,49.0,Hassan Lee
ORD13985,2024-11-03,Gadget Y,3,4.94,14.82,Omar Iqbal
ORD14000,2024-07-20,Widget A,9,13.0,117.0,John Garcia
ORD14032,2024-08-12,Service Plan,10,49.99,499.9,Hassan Ahmed
ORD14036,2024-07-06,Service Plan,8,49.99,399.92,Zain Smith
ORD14056,2024-08-17,Widget B,8,19.99,159.92,Ali Chen
ORD14062,2024-06-24,Service Plan,4,49.0,196.0,Omar Khan
ORD14072,2024-09-30,Widget A,10,1250.0,12500.0,Fatima Smith
ORD14080,2024-12-06,Gadget X,9,7.7,69.0,John Chen
ORD14089,2024-07-02,Widget A,10,11.25,112.0,Hassan Chen
ORD14100,2024-12-07,Widget A,8,1250.0,10000.0,John Reyes
ORD14112,2024-12-23,Gadget X,7,7.0,49.0,Fatima Smith
ORD14134,2024-12-01,Service Plan,4,4499.0,17996.0,John Lee
ORD14154,2024-09-30,Widget B,2,17.0,34.0,Omar Patel
ORD14158,2024-12-11,Service Plan,10,49.0,490.0,Zain Reyes
ORD14160,2024-07-14,Widget B,6,19.99,119.0,Hassan Khan
ORD14182,2024-08-10,Widget A,8,1250.0,10000.0,Noor Ahmed
ORD14190,2024-12-24,Widget A,6,13.75,82.5,Maria Hussain
ORD14193,2024-09-21,Gadget X,1,7.7,7.7,Ali Hussain
ORD14195,2024-07-26,Gadget Y,5,5.49,27.45,John Smith
ORD14203,2024-10-01,Widget A,8,12.5,100.0,Ali Iqbal
ORD14204,2024-01-12,Gadget X,1,6.0,6.0,Omar Khan
ORD14206,2024-10-05,Widget A,3,12.0,36.0,Ayesha Ahmed
ORD14235,2024-07-19,Widget B,8,1999.0,15992.0,Fatima Garcia
ORD14253,2024-12-30,Gadget Y,4,5.49,21.96,Omar Ahmed
ORD14263,2024-09-17,Service Plan,3,4999.0,14997.0,Hassan Lee
ORD14277,2024-11-18,Gadget X,7,7.0,49.0,Fatima Ahmed
ORD14287,2024-11-21,Widget A,7,12.5,87.5,John Garcia
ORD14297,2024-10-09,Widget A,5,11.25,56.25,Ayesha Lee
ORD14309,2024-08-24,Widget A,4,12.5,50.0,John Iqbal
ORD14317,2024-07-10,Service Plan,4,54.99,219.96,Zain Reyes
ORD14320,2024-08-18,Gadget X,3,700.0,2100.0,Maria Chen
ORD14326,2024-12-19,Gadget Y,5,549.0,2745.0,Maria Lee
ORD14332,2024-07-27,Gadget Y,10,5.49,54.9,Hassan Reyes
ORD14345,2024-07-22,Gadget X,8,700.0,5600.0,Sara Patel
ORD14351,2024-06-08,Widget A,7,11.0,77.0,Maria Hussain
ORD14359,2024-07-19,Widget B,2,19.99,39.98,John Iqbal
ORD14361,2024-09-21,Service Plan,7,49.99,349.93,Sara Patel
ORD14364,2024-07-04,Service Plan,2,49.0,98.0,John Lee
ORD14364,2024-08-15,Gadget X,1,7.0,7.0,Noor Iqbal
ORD14379,2024-12-16,Service Plan,10,4999.0,49990.0,Hassan Iqbal
ORD14390,2024-12-21,Gadget Y,6,6.04,36.24,John Hussain
ORD14391,2024-11-16,Widget B,2,19.99,39.98,Noor Patel
ORD14392,2024-12-05,Service Plan,1,54.99,54.99,Omar Patel
ORD14407,2024-09-07,Gadget X,3,7.0,21.0,John Garcia
ORD14414,2024-10-14,Gadget X,9,7.0,63.0,Ayesha Iqbal
ORD14426,2024-08-05,Gadget X,1,700.0,700.0,Ayesha Khan
ORD14427,2024-08-09,Widget A,7,13.75,96.25,Ali Khan
ORD14440,2024-07-19,Gadget X,5,7.0,35.0,Zain Reyes
ORD14449,2024-11-29,Widget B,3,17.99,53.0,John Chen
ORD14479,2024-07-15,Widget A,4,13.75,55.0,Zain Garcia
ORD14488,2024-08-19,Service Plan,10,54.99,549.89,Noor Iqbal
ORD14501,2024-08-07,Service Plan,1,49.99,49.99,Omar Patel
ORD14511,2024-06-27,Widget A,5,11.0,55.0,Maria Iqbal
ORD14526,2024-11-12,Gadget X,6,6.3,37.8,Fatima Ahmed
ORD14542,2024-12-25,Widget A,5,13.75,68.75,Omar Patel
ORD14546,2024-11-18,Gadget X,6,7.0,42.0,Ali Iqbal
ORD14551,2024-10-07,Service Plan,9,44.99,404.0,Hassan Smith
ORD14552,2024-12-25,Widget B,2,19.99,39.98,Maria Garcia
ORD14578,2024-08-29,Service Plan,4,54.0,216.0,Hassan Iqbal
ORD14588,2024-11-09,Gadget Y,9,5.0,45.0,Noor Chen
ORD14599,2024-11-09,Gadget X,9,7.0,63.0,Fatima Reyes
ORD14603,2024-10-25,Service Plan,4,49.99,199.0,Fatima Garcia
ORD14610,2024-11-07,Widget B,6,17.99,107.94,Ali Lee
ORD14635,2024-10-20,Gadget Y,4,549.0,2196.0,Maria Ahmed
ORD14642,2024-05-11,Gadget Y,8,5.0,40.0,Noor Patel
ORD14652,2024-01-09,Widget A,6,12.5,75.0,Ayesha Khan
ORD14657,2024-06-01,Gadget Y,6,6.0,36.23,Maria Garcia
ORD14657,2024-11-17,Widget A,6,1250.0,7500.0,Omar Smith
ORD14665,2024-08-27,Gadget Y,5,4.0,20.0,Hassan Iqbal
ORD14668,2024-07-24,Widget A,6,12.5,75.0,Sara Smith
ORD14668,2024-12-30,Gadget X,5,7.0,35.0,Ayesha Ahmed
ORD14673,2024-08-11,Service Plan,2,4999.0,9998.0,Zain Reyes
ORD14673,2024-08-29,Widget A,1,1250.0,1250.0,Hassan Chen
ORD14684,2024-06-05,Gadget X,10,7.0,70.0,John Reyes
ORD14686,2024-10-24,Gadget Y,2,5.49,10.98,Sara Lee
ORD14687,2024-09-09,Widget A,7,12.5,87.5,Ayesha Ahmed
ORD14697,2024-06-24,Gadget X,6,7.0,42.0,John Reyes
ORD14697,2024-06-24,Gadget Y,1,5.49,5.49,Noor Garcia
ORD14700,2024-09-29,Gadget X,3,7.7,23.1,Fatima Reyes
ORD14701,2024-09-10,Gadget Y,4,6.0,24.0,Ali Reyes
ORD14707,2024-08-25,Gadget X,6,630.0,3780.0,John Iqbal
ORD14707,2024-11-07,Widget B,6,19.99,119.94,Sara Reyes
ORD14707,2024-11-29,Gadget Y,6,5.0,30.0,John Reyes
ORD14720,2024-09-24,Service Plan,10,54.99,549.89,Hassan Smith
ORD14725,2024-12-22,Widget B,10,19.99,199.9,Hassan Patel
ORD14733,2024-07-07,Gadget X,2,700.0,1400.0,Ayesha Reyes
ORD14736,2024-10-11,Widget B,6,19.99,119.0,Zain Chen
ORD14737,2024-07-26,Widget A,8,13.75,110.0,John Patel
ORD14766,2024-08-22,Gadget Y,9,5.49,49.0,Maria Khan
ORD14781,2024-11-26,Gadget X,3,630.0,1890.0,Ayesha Reyes
ORD14783,2024-06-27,Gadget X,4,7.0,28.0,Sara Chen
ORD14791,2024-09-26,Gadget Y,9,5.49,49.41,Sara Chen
ORD14792,2024-07-14,Gadget X,10,700.0,7000.0,Omar Patel
ORD14808,2024-09-11,Gadget Y,7,549.0,3843.0,Hassan Lee
ORD14838,2024-08-26,Widget A,10,12.0,120.0,Maria Khan
ORD14844,2024-07-25,Widget B,5,19.99,99.95,Maria Iqbal
ORD14845,2024-11-24,Service Plan,8,44.0,359.0,Hassan Reyes
ORD14850,2024-08-31,Gadget Y,9,5.49,49.41,Zain Hussain
ORD14875,2024-09-29,Gadget Y,4,549.0,2196.0,Noor Reyes
ORD14877,2024-11-22,Gadget Y,8,549.0,4392.0,Fatima Lee
ORD14886,2024-10-08,Gadget Y,6,5.49,32.94,Hassan Chen
ORD14897,2024-09-05,Gadget X,9,6.3,56.7,Omar Reyes
ORD14898,2024-10-03,Gadget Y,7,6.04,42.28,John Hussain
ORD14910,2024-07-08,Gadget Y,2,5.0,10.0,Maria Patel
ORD14919,2024-10-08,Widget B,4,21.99,87.96,Omar Lee
ORD14926,2024-07-19,Gadget X,8,7.0,56.0,Omar Smith
ORD14928,2024-07-14,Gadget Y,1,5.0,5.0,Noor Smith
ORD14933,2024-06-22,Gadget X,10,7.7,77.0,Hassan Chen
ORD14942,2024-06-14,Gadget Y,3,5.49,16.47,Maria Reyes
ORD14943,2024-10-29,Widget A,9,11.25,101.25,Ali Garcia
ORD14947,2024-11-17,Gadget X,10,7.0,70.0,Hassan Reyes
ORD14954,2024-09-05,Gadget X,8,7.0,56.0,Noor Ahmed
ORD14972,2024-11-28,Widget A,7,12.5,87.5,John Smith
ORD14982,2024-06-18,Widget A,7,1250.0,8750.0,Fatima Ahmed
ORD14988,2024-09-17,Gadget Y,6,5.0,30.0,Ayesha Reyes
ORD14994,2024-07-13,Widget B,7,19.0,133.0,Sara Iqbal
ORD15001,2024-09-02,Widget B,3,17.0,51.0,Noor Iqbal
ORD15001,2024-11-08,Service Plan,8,49.99,399.92,John Chen
ORD15014,2024-06-28,Service Plan,7,49.0,343.0,Sara Iqbal
ORD15018,2024-07-08,Service Plan,2,5499.0,10998.0,Omar Iqbal
ORD15044,2024-06-27,Service Plan,2,4999.0,9998.0,Fatima Chen
ORD15047,2024-08-08,Widget B,4,19.0,76.0,Ali Ahmed
ORD15049,2024-10-18,Gadget Y,2,549.0,1098.0,Omar Lee
ORD15056,2024-07-06,Widget B,1,19.0,19.0,Fatima Smith
ORD15060,2024-02-06,Gadget Y,5,5.49,27.0,Noor Ahmed
ORD15071,2024-09-21,Widget B,8,19.99,159.92,Fatima Ahmed
ORD15083,2024-06-10,Gadget X,5,7.0,35.0,John Iqbal
ORD15087,2024-09-16,Gadget X,10,770.0,7700.0,John Lee
ORD15089,2024-10-23,Gadget X,9,7.0,63.0,Maria Ahmed
ORD15091,2024-12-29,Widget A,4,12.0,48.0,Zain Garcia
ORD15109,2024-12-12,Gadget Y,9,549.0,4941.0,Ali Patel
ORD15116,2024-12-18,Service Plan,9,49.99,449.91,Zain Iqbal
ORD15118,2024-06-30,Service Plan,7,4499.0,31493.0,Zain Patel
ORD15122,2024-09-10,Gadget Y,5,4.94,24.71,John Chen
ORD15136,2024-08-19,Service Plan,9,44.99,404.91,Fatima Smith
ORD15136,2024-10-08,Service Plan,6,49.99,299.94,Noor Smith
ORD15140,2024-05-12,Gadget Y,4,5.49,21.96,Fatima Hussain
ORD15143,2024-11-11,Gadget X,7,770.0,5390.0,Sara Ahmed
ORD15145,2024-06-14,Widget B,3,19.0,57.0,Maria Khan
ORD15158,2024-06-16,Gadget Y,3,4.94,14.82,Ali Ahmed
ORD15158,2024-12-26,Gadget Y,8,6.04,48.32,Zain Reyes
ORD15164,2024-10-19,Gadget Y,4,6.04,24.16,Noor Reyes
ORD15165,2024-09-09,Gadget Y,4,5.49,21.96,Maria Reyes
ORD15167,2024-09-25,Service Plan,9,49.99,449.91,Omar Patel
ORD15168,2024-06-24,Gadget X,10,7.0,70.0,Ali Chen
ORD15168,2024-10-06,Widget A,10,12.5,125.0,Hassan Garcia
ORD15169,2024-07-10,Widget A,4,12.0,48.0,Hassan Ahmed
ORD15171,2024-03-12,Gadget Y,8,549.0,4392.0,Maria Lee
ORD15181,2024-12-10,Widget A,5,11.0,55.0,John Khan
ORD15190,2024-07-10,Gadget X,7,7.0,49.0,Maria Ahmed
ORD15207,2024-08-28,Service Plan,8,54.99,439.0,Sara Chen
ORD15209,2024-10-17,Service Plan,4,4999.0,19996.0,Omar Reyes
ORD15214,2024-10-07,Gadget X,5,630.0,3150.0,Sara Smith
ORD15237,2024-09-30,Widget A,7,12.5,87.5,Fatima Iqbal
ORD15239,2024-06-10,Widget A,6,12.5,75.0,Sara Reyes
ORD15251,2024-12-08,Widget A,9,1125.0,10125.0,Noor Ahmed
ORD15263,2024-05-10,Widget B,3,21.0,63.0,Fatima Garcia
ORD15266,2024-09-19,Gadget Y,8,5.49,43.92,Fatima Lee
ORD15269,2024-03-07,Gadget Y,2,5.0,10.0,Ali Garcia
ORD15287,2024-08-26,Service Plan,4,49.99,199.96,Fatima Smith
ORD15289,2024-07-20,Gadget X,6,7.0,42.0,Omar Patel
ORD15302,2024-11-22,Gadget Y,5,604.0,3020.0,Sara Khan
ORD15313,2024-06-21,Gadget X,7,7.0,49.0,John Iqbal
ORD15313,2024-09-03,Gadget Y,6,5.49,32.94,Ali Patel
ORD15318,2024-09-07,Widget B,7,1999.0,13993.0,John Garcia
ORD15324,2024-11-03,Widget B,8,19.99,159.92,Omar Patel
ORD15341,2024-06-30,Widget A,6,12.0,72.0,Hassan Chen
ORD15344,2024-07-31,Gadget Y,8,6.04,48.32,Ayesha Reyes
ORD15361,2024-11-05,Gadget Y,8,5.49,43.92,Maria Lee
ORD15362,2024-05-11,Gadget X,10,7.0,70.0,Noor Iqbal
ORD15369,2024-09-23,Gadget Y,5,6.04,30.2,Zain Hussain
ORD15383,2024-08-28,Service Plan,7,49.0,343.0,Omar Hussain
ORD15392,2024-10-09,Service Plan,9,4499.0,40492.0,Noor Garcia
ORD15428,2024-12-06,Gadget Y,1,4.94,4.94,Ayesha Hussain
ORD15436,2024-12-05,Widget A,6,1250.0,7500.0,Noor Ahmed
ORD15446,2024-07-28,Widget A,2,11.0,22.0,John Ahmed
ORD15446,2024-10-10,Gadget Y,8,549.0,4392.0,Maria Patel
ORD15454,2024-12-21,Widget B,9,19.99,179.0,Zain Smith
ORD15456,2024-08-14,Service Plan,5,49.99,249.0,Noor Lee
ORD15461,2024-09-30,Service Plan,3,4499.0,13497.0,Noor Lee
ORD15461,2024-11-28,Widget B,6,19.99,119.94,Fatima Iqbal
ORD15490,2024-06-12,Gadget X,1,7.0,7.0,John Lee
ORD15491,2024-07-15,Gadget X,4,7.0,28.0,Noor Lee
ORD15492,2024-08-20,Gadget X,9,7.0,63.0,John Hussain
ORD15496,2024-10-04,Service Plan,1,49.99,49.99,Maria Khan
ORD15515,2024-09-18,Widget A,9,12.0,108.0,John Iqbal
ORD15519,2024-11-19,Gadget Y,2,6.0,12.0,Omar Smith
ORD15546,2024-08-16,Service Plan,9,4999.0,44991.0,Zain Chen
ORD15559,2024-08-02,Service Plan,9,54.99,494.9,Ayesha Garcia
ORD15572,2024-07-21,Widget A,1,11.25,11.25,Sara Garcia
ORD15588,2024-11-27,Widget A,4,1250.0,5000.0,Noor Patel
ORD15589,2024-07-19,Service Plan,5,44.99,224.95,John Khan
ORD15597,2024-06-06,Gadget Y,8,4.94,39.53,Hassan Garcia
ORD15609,2024-10-26,Gadget Y,4,5.0,20.0,Sara Ahmed
ORD15612,2024-11-10,Widget A,7,12.5,87.5,Ayesha Patel
ORD15622,2024-11-26,Gadget X,1,7.7,7.7,Sara Hussain
ORD15634,2024-09-22,Widget B,5,21.99,109.95,Zain Patel
ORD15646,2024-10-08,Gadget X,10,7.0,70.0,John Smith
ORD15653,2024-10-29,Gadget X,4,7.0,28.0,Omar Khan
ORD15663,2024-12-11,Gadget Y,10,6.04,60.0,John Garcia
ORD15664,2024-06-30,Service Plan,10,49.99,499.9,Ayesha Chen
ORD15665,2024-08-07,Widget B,9,17.99,161.92,Zain Iqbal
ORD15669,2024-07-11,Gadget X,3,7.0,21.0,Omar Reyes
ORD15670,2024-11-14,Gadget X,2,7.0,14.0,John Ahmed
ORD15686,2024-11-08,Gadget Y,9,6.04,54.35,Zain Reyes
ORD15694,2024-09-17,Gadget X,10,7.0,70.0,Hassan Reyes
ORD15699,2024-08-05,Widget B,1,1999.0,1999.0,Sara Iqbal
ORD15710,2024-07-31,Gadget X,9,700.0,6300.0,Zain Reyes
ORD15714,2024-10-22,Service Plan,3,49.99,149.97,Maria Ahmed
ORD15715,2024-08-28,Gadget X,3,6.0,18.0,Zain Hussain
ORD15716,2024-09-02,Service Plan,8,44.99,359.92,Maria Khan
ORD15716,2024-12-26,Widget A,1,12.5,12.5,Noor Chen
ORD15731,2024-12-08,Widget B,2,17.99,35.98,Omar Hussain
ORD15736,2024-11-10,Gadget Y,3,5.49,16.47,Omar Khan
ORD15742,2024-07-09,Gadget Y,1,6.04,6.0,Noor Reyes
ORD15756,2024-08-13,Service Plan,1,4999.0,4999.0,John Reyes
ORD15758,2024-12-23,Gadget X,1,700.0,700.0,Hassan Khan
ORD15763,2024-08-10,Widget A,9,1250.0,11250.0,Zain Reyes
ORD15765,2024-11-07,Widget A,4,12.5,50.0,John Ahmed
ORD15769,2024-09-18,Gadget Y,4,5.49,21.96,Fatima Ahmed
ORD15783,2024-10-23,Gadget Y,9,604.0,5436.0,Maria Reyes
ORD15791,2024-06-20,Gadget Y,8,549.0,4392.0,Ali Patel
ORD15796,2024-06-11,Gadget Y,9,5.0,45.0,Fatima Reyes
ORD15801,2024-10-15,Widget B,9,1799.0,16191.0,Fatima Ahmed
ORD15801,2024-10-29,Service Plan,5,5499.0,27495.0,John Ahmed
ORD15803,2024-04-10,Widget B,8,21.0,168.0,Omar Ahmed
ORD15804,2024-10-29,Service Plan,2,49.99,99.98,Hassan Chen
ORD15806,2024-10-18,Gadget X,3,7.7,23.1,Omar Khan
ORD15816,2024-12-22,Widget B,8,19.99,159.92,Noor Ahmed
ORD15817,2024-11-29,Gadget Y,1,4.94,4.94,Maria Patel
ORD15818,2024-11-08,Gadget X,10,7.7,77.0,Zain Patel
ORD15820,2024-06-30,Gadget X,5,700.0,3500.0,Omar Ahmed
ORD15828,2024-08-07,Service Plan,8,44.99,359.93,Fatima Hussain
ORD15828,2024-09-05,Gadget Y,10,5.49,54.0,Omar Garcia
ORD15831,2024-08-29,Widget A,2,13.75,27.5,Omar Lee
ORD15850,2024-09-27,Widget A,2,13.75,27.5,John Ahmed
ORD15855,2024-09-18,Gadget X,3,7.0,21.0,Hassan Smith
ORD15858,2024-11-16,Service Plan,4,54.0,219.96,Ali Garcia
ORD15875,2024-10-30,Widget B,3,19.0,57.0,Ali Lee
ORD15879,2024-07-15,Service Plan,4,49.99,199.96,Hassan Patel
ORD15895,2024-06-07,Widget B,9,1999.0,17991.0,John Garcia
ORD15898,2024-12-27,Gadget X,7,7.0,49.0,Ali Ahmed
ORD15899,2024-07-24,Gadget X,5,7.0,35.0,Noor Khan
ORD15902,2024-07-24,Widget B,2,1999.0,3998.0,Fatima Khan
ORD15903,2024-06-11,Widget A,5,12.5,62.5,Fatima Khan
ORD15907,2024-09-30,Widget A,9,11.25,101.25,Sara Chen
ORD15913,2024-11-22,Gadget Y,1,5.49,5.49,Fatima Lee
ORD15923,2024-11-24,Gadget Y,7,604.0,4228.0,Sara Lee
ORD15923,2024-12-25,Gadget X,1,7.0,7.0,Maria Garcia
ORD15929,2024-06-19,Gadget X,8,770.0,6160.0,Hassan Patel
ORD15937,2024-09-17,Service Plan,6,54.99,329.93,Zain Chen
ORD15941,2024-12-26,Service Plan,5,44.99,224.0,Fatima Patel
ORD15946,2024-09-21,Widget A,3,12.5,37.5,John Patel
ORD15966,2024-08-24,Gadget Y,8,5.49,43.92,Hassan Hussain
ORD15979,2024-12-23,Widget B,4,21.99,87.0,Zain Chen
ORD15987,2024-06-13,Gadget X,2,7.0,14.0,Omar Hussain
ORD15989,2024-09-23,Gadget Y,7,5.49,38.43,Ayesha Hussain
ORD15998,2024-10-02,Widget B,1,19.99,19.99,Sara Ahmed
ORD15998,2024-12-29,Widget A,1,12.5,12.5,Noor Khan
ORD16016,2024-07-12,Widget B,4,19.99,79.96,Noor Garcia
ORD16018,2024-07-06,Service Plan,5,49.99,249.95,Omar Chen
ORD16031,2024-06-08,Widget A,8,11.0,88.0,Ali Smith
ORD16039,2024-06-06,Service Plan,2,49.99,99.98,Fatima Garcia
ORD16039,2024-09-20,Gadget Y,7,6.04,42.0,Maria Garcia
ORD16049,2024-06-12,Gadget Y,8,4.94,39.53,Maria Iqbal
ORD16051,2024-10-01,Widget A,10,13.75,137.5,Ayesha Smith
ORD16057,2024-08-02,Gadget Y,10,5.49,54.0,Fatima Iqbal
ORD16065,2024-08-14,Gadget Y,7,4.0,28.0,Noor Lee
ORD16076,2024-10-11,Widget A,2,12.5,25.0,Zain Lee
ORD16112,2024-08-07,Gadget X,5,7.0,35.0,Hassan Iqbal
ORD16113,2024-12-13,Gadget X,3,7.7,23.1,Maria Chen
ORD16117,2024-08-13,Widget B,2,19.99,39.98,Fatima Garcia
ORD16119,2024-09-08,Gadget Y,4,4.94,19.76,Zain Reyes
ORD16133,2024-08-10,Gadget Y,2,549.0,1098.0,Noor Khan
ORD16141,2024-10-21,Widget A,2,12.0,24.0,Ali Khan
ORD16156,2024-09-21,Gadget Y,1,549.0,549.0,Fatima Khan
ORD16158,2024-07-02,Gadget Y,5,494.0,2470.0,Zain Reyes
ORD16164,2024-06-15,Service Plan,5,49.99,249.95,Ayesha Ahmed
ORD16166,2024-09-26,Widget A,7,12.5,87.5,Zain Garcia
ORD16169,2024-10-09,Widget B,1,21.99,21.99,Hassan Khan
ORD16170,2024-09-22,Service Plan,9,54.99,494.0,Maria Hussain
ORD16178,2024-11-25,Service Plan,8,49.99,399.92,Zain Hussain
ORD16195,2024-09-14,Gadget Y,3,5.0,15.0,Fatima Ahmed
ORD16196,2024-12-12,Widget B,8,21.99,175.92,Hassan Chen
ORD16198,2024-09-12,Gadget Y,4,6.04,24.16,Fatima Ahmed
ORD16216,2024-08-24,Widget B,1,1999.0,1999.0,Noor Ahmed
ORD16224,2024-09-10,Gadget Y,2,549.0,1098.0,Maria Chen
ORD16236,2024-07-28,Service Plan,4,49.99,199.0,Noor Reyes
ORD16241,2024-12-17,Gadget X,3,7.0,21.0,Noor Ahmed
ORD16246,2024-09-17,Service Plan,9,44.99,404.0,Ayesha Khan
ORD16253,2024-09-10,Widget A,3,12.0,36.0,Fatima Hussain
ORD16255,2024-10-20,Widget A,1,11.25,11.25,John Hussain
ORD16271,2024-07-14,Service Plan,3,44.99,134.97,Fatima Ahmed
ORD16278,2024-10-01,Widget B,6,19.99,119.94,Ali Smith
ORD16282,2024-03-06,Service Plan,2,49.99,99.98,Noor Patel
ORD16286,2024-07-14,Gadget X,7,7.0,49.0,Fatima Patel
ORD16294,2024-07-09,Widget A,6,12.5,75.0,Omar Reyes
ORD16294,2024-08-26,Widget A,1,12.5,12.5,Omar Khan
ORD16301,2024-06-08,Gadget Y,4,5.49,21.96,John Patel
ORD16310,2024-09-07,Gadget Y,7,5.0,35.0,Sara Reyes
ORD16317,2024-09-22,Gadget X,8,6.3,50.4,Omar Garcia
ORD16345,2024-09-01,Gadget X,3,7.0,21.0,Ayesha Smith
ORD16356,2024-11-17,Gadget X,1,7.0,7.0,John Smith
ORD16360,2024-11-07,Widget B,2,19.99,39.98,Fatima Garcia
ORD16390,2024-09-26,Gadget X,1,770.0,770.0,Maria Garcia
ORD16400,2024-09-04,Service Plan,8,4999.0,39992.0,John Chen
ORD16402,2024-12-29,Gadget X,2,770.0,1540.0,Maria Patel
ORD16407,2024-07-08,Gadget X,2,700.0,1400.0,Sara Ahmed
ORD16411,2024-09-11,Gadget X,7,6.0,42.0,Ali Ahmed
ORD16422,2024-09-02,Gadget X,3,6.3,18.9,Ali Iqbal
ORD16426,2024-06-28,Gadget Y,3,5.49,16.47,Hassan Reyes
ORD16430,2024-07-02,Gadget Y,9,5.49,49.41,Fatima Smith
ORD16457,2024-07-27,Service Plan,9,44.99,404.91,Noor Iqbal
ORD16461,2024-09-11,Gadget Y,7,5.49,38.43,Ayesha Khan
ORD16481,2024-06-24,Widget A,10,12.0,120.0,Omar Hussain
ORD16519,2024-07-08,Service Plan,1,5499.0,5499.0,Omar Garcia
ORD16526,2024-12-22,Service Plan,8,49.99,399.92,Maria Ahmed
ORD16528,2024-08-11,Gadget Y,3,4.94,14.82,Ayesha Patel
ORD16528,2024-10-24,Gadget Y,10,549.0,5490.0,Ali Ahmed
ORD16536,2024-10-10,Widget B,10,19.99,199.9,Noor Khan
ORD16540,2024-06-12,Widget A,10,12.5,125.0,Hassan Garcia
ORD16553,2024-01-12,Widget A,7,12.0,84.0,Noor Smith
ORD16558,2024-11-12,Service Plan,8,49.0,392.0,Hassan Khan
ORD16559,2024-06-14,Widget B,6,2199.0,13194.0,Ayesha Garcia
ORD16563,2024-06-09,Gadget X,6,7.0,42.0,Noor Smith
ORD16567,2024-09-29,Gadget Y,10,5.49,54.9,Noor Iqbal
ORD16581,2024-06-06,Widget B,6,19.99,119.0,Ali Iqbal
ORD16589,2024-07-24,Gadget Y,2,494.0,988.0,Omar Iqbal
ORD16592,2024-06-29,Gadget X,8,700.0,5600.0,Noor Ahmed
ORD16602,2024-11-09,Gadget Y,6,5.49,32.94,Zain Iqbal
ORD16608,2024-07-26,Widget B,6,1999.0,11994.0,Maria Chen
ORD16661,2024-06-15,Gadget Y,9,4.94,44.47,Omar Smith
ORD16672,2024-09-17,Gadget Y,7,549.0,3843.0,Zain Ahmed
ORD16676,2024-11-10,Gadget X,9,7.0,63.0,Noor Khan
ORD16685,2024-12-31,Widget B,2,1999.0,3998.0,Ayesha Patel
ORD16706,2024-07-30,Gadget X,7,7.0,49.0,Maria Garcia
ORD16707,2024-12-23,Gadget X,8,700.0,5600.0,Sara Chen
ORD16712,2024-06-01,Widget B,1,17.99,17.99,Sara Smith
ORD16713,2024-12-23,Service Plan,7,44.99,314.93,Fatima Chen
ORD16714,2024-09-10,Gadget Y,2,4.0,8.0,Fatima Smith
ORD16714,2024-10-02,Service Plan,8,5499.0,43991.0,Omar Hussain
ORD16725,2024-11-10,Widget A,2,12.5,25.0,John Ahmed
ORD16752,2024-09-17,Gadget X,9,7.7,69.3,Fatima Chen
ORD16752,2024-11-12,Widget B,4,1799.0,7196.0,John Smith
ORD16756,2024-12-19,Gadget X,1,7.0,7.0,Sara Smith
ORD16758,2024-10-03,Service Plan,2,44.99,89.98,Omar Iqbal
ORD16784,2024-06-06,Widget B,4,19.99,79.96,Fatima Smith
ORD16791,2024-08-03,Gadget X,10,7.0,70.0,Omar Chen
ORD16817,2024-10-28,Gadget X,8,7.7,61.6,Omar Patel
ORD16834,2024-10-25,Widget B,5,17.99,89.95,Noor Ahmed
ORD16841,2024-08-02,Widget A,2,1375.0,2750.0,Ayesha Ahmed
ORD16842,2024-10-13,Widget B,8,19.99,159.92,Omar Khan
ORD16848,2024-06-05,Gadget Y,6,494.0,2965.0,John Smith
ORD16849,2024-08-12,Widget A,5,13.0,65.0,Ayesha Iqbal
ORD16849,2024-11-17,Gadget X,1,6.3,6.3,John Patel
ORD16871,2024-08-23,Service Plan,8,49.99,399.92,Omar Smith
ORD16875,2024-07-28,Gadget Y,4,549.0,2196.0,Sara Lee
ORD16877,2024-01-07,Service Plan,6,44.0,264.0,Ayesha Iqbal
ORD16894,2024-09-05,Gadget X,4,7.7,30.8,Noor Reyes
ORD16895,2024-07-23,Widget B,5,2199.0,10995.0,Zain Lee
ORD16907,2024-07-18,Gadget Y,3,4.94,14.82,Ayesha Smith
ORD16909,2024-10-31,Gadget X,8,7.0,56.0,Omar Ahmed
ORD16938,2024-09-16,Gadget Y,6,5.49,32.94,Fatima Khan
ORD16941,2024-06-14,Gadget Y,2,4.94,9.88,Zain Garcia
ORD16953,2024-11-28,Gadget Y,1,5.49,5.49,Maria Smith
ORD16956,2024-06-15,Service Plan,7,54.99,384.92,Noor Lee
ORD16956,2024-12-07,Gadget X,10,7.7,77.0,Fatima Smith
ORD16970,2024-04-10,Gadget Y,2,4.94,9.88,Maria Lee
ORD16970,2024-06-25,Gadget X,7,700.0,4900.0,Omar Chen
ORD17000,2024-07-03,Widget B,9,19.0,171.0,Ayesha Ahmed
ORD17002,2024-12-24,Widget B,10,19.99,199.9,Omar Garcia
ORD17004,2024-09-13,Gadget Y,2,5.49,10.98,Sara Smith
ORD17005,2024-10-19,Gadget X,8,7.7,61.6,Omar Smith
ORD17017,2024-09-15,Widget B,1,1799.0,1799.0,Omar Garcia
ORD17019,2024-07-23,Gadget Y,6,5.49,32.94,Fatima Smith
ORD17025,2024-08-26,Widget A,6,12.5,75.0,Zain Khan
ORD17026,2024-07-09,Widget B,10,19.99,199.9,Noor Patel
ORD17029,2024-07-19,Widget B,3,19.99,59.97,Maria Khan
ORD17031,2024-12-24,Widget A,8,12.5,100.0,Omar Ahmed
ORD17036,2024-11-15,Widget A,7,11.25,78.75,Noor Smith
ORD17044,2024-12-02,Gadget X,6,7.7,46.2,Zain Iqbal
ORD17047,2024-10-03,Gadget Y,4,5.49,21.96,Fatima Ahmed
ORD17052,2024-10-15,Service Plan,1,44.0,44.0,Noor Lee
ORD17056,2024-06-30,Gadget X,10,7.0,70.0,Hassan Iqbal
ORD17082,2024-09-28,Gadget X,8,7.0,56.0,Omar Reyes
ORD17086,2024-03-06,Gadget X,3,7.0,21.0,Fatima Patel
ORD17100,2024-11-20,Widget A,1,13.75,13.75,Fatima Smith
ORD17102,2024-12-06,Widget A,1,12.0,12.0,Ayesha Lee
ORD17125,2024-11-23,Service Plan,4,49.99,199.96,Sara Khan
ORD17134,2024-10-18,Gadget Y,9,5.0,45.0,Ali Khan
ORD17137,2024-06-07,Gadget Y,4,604.0,2416.0,Ayesha Chen
ORD17140,2024-12-28,Gadget X,7,7.0,49.0,Zain Chen
ORD17144,2024-09-01,Widget A,7,12.0,84.0,Ayesha Smith
ORD17148,2024-07-30,Widget A,6,12.5,75.0,Zain Ahmed
ORD17153,2024-12-28,Service Plan,5,49.0,245.0,Ayesha Patel
ORD17157,2024-09-17,Gadget X,4,7.0,28.0,Fatima Patel
ORD17158,2024-11-20,Widget A,5,13.75,68.75,Sara Ahmed
ORD17190,2024-07-28,Service Plan,8,49.99,399.92,Sara Lee
ORD17207,2024-09-29,Widget B,4,19.0,76.0,Ali Iqbal
ORD17213,2024-11-28,Widget B,5,19.99,99.95,Ali Smith
ORD17238,2024-06-21,Widget B,1,1999.0,1999.0,Hassan Khan
ORD17241,2024-08-08,Widget B,7,1999.0,13993.0,Noor Garcia
ORD17251,2024-09-24,Gadget X,9,7.0,63.0,Zain Smith
ORD17251,2024-12-16,Gadget Y,6,549.0,3294.0,Maria Patel
ORD17261,2024-08-19,Service Plan,10,44.99,449.9,Noor Reyes
ORD17275,2024-12-19,Gadget X,9,7.0,63.0,Ayesha Garcia
ORD17283,2024-09-07,Widget A,9,12.5,112.5,Zain Khan
ORD17290,2024-06-07,Gadget Y,5,5.49,27.45,Maria Hussain
ORD17311,2024-07-18,Service Plan,3,4999.0,14997.0,John Chen
ORD17313,2024-12-09,Widget B,5,19.99,99.0,Hassan Reyes
ORD17323,2024-06-30,Gadget Y,3,6.04,18.12,Zain Patel
ORD17331,2024-08-05,Gadget X,4,7.0,28.0,Fatima Lee
ORD17351,2024-06-30,Widget B,6,19.99,119.94,Zain Reyes
ORD17362,2024-07-30,Service Plan,4,4999.0,19996.0,Hassan Hussain
ORD17369,2024-07-26,Service Plan,6,49.99,299.94,Noor Patel
ORD17399,2024-07-07,Widget B,7,17.99,125.93,Noor Patel
ORD17414,2024-08-26,Widget B,1,1999.0,1999.0,Ayesha Ahmed
ORD17419,2024-03-12,Gadget Y,4,4.94,19.76,Fatima Garcia
ORD17421,2024-06-26,Gadget Y,4,4.0,16.0,Ali Ahmed
ORD17422,2024-10-09,Widget A,10,12.5,125.0,Hassan Smith
ORD17424,2024-10-18,Widget A,10,13.75,137.0,John Lee
ORD17432,2024-10-15,Widget B,4,1999.0,7996.0,Noor Patel
ORD17441,2024-07-26,Widget B,6,19.99,119.94,Zain Chen
ORD17442,2024-12-21,Service Plan,4,54.99,219.96,Fatima Iqbal
ORD17450,2024-12-18,Widget B,8,1999.0,15992.0,Zain Lee
ORD17456,2024-11-01,Widget B,1,1999.0,1999.0,Noor Smith
ORD17465,2024-12-08,Gadget X,3,630.0,1890.0,Sara Chen
ORD17466,2024-11-15,Gadget X,3,6.3,18.9,Maria Garcia
ORD17468,2024-10-25,Gadget X,2,7.0,14.0,John Chen
ORD17473,2024-07-08,Widget A,4,12.0,48.0,Fatima Chen
ORD17473,2024-08-18,Widget A,4,12.5,50.0,Sara Smith
ORD17473,2024-11-13,Widget B,4,19.0,76.0,Ali Ahmed
ORD17477,2024-10-01,Widget B,3,19.99,59.97,John Lee
ORD17492,2024-07-13,Gadget X,8,630.0,5040.0,Maria Chen
ORD17498,2024-11-23,Gadget X,6,6.3,37.8,Fatima Patel
ORD17513,2024-12-08,Service Plan,2,44.99,89.0,Ali Lee
ORD17518,2024-12-03,Gadget X,9,700.0,6300.0,John Reyes
ORD17521,2024-07-31,Widget A,9,12.5,112.5,Ayesha Ahmed
ORD17523,2024-09-06,Widget B,7,19.99,139.93,Maria Ahmed
ORD17527,2024-09-30,Service Plan,3,49.0,147.0,Zain Lee
ORD17549,2024-11-17,Widget B,7,17.99,125.93,John Ahmed
ORD17608,2024-07-03,Widget B,10,19.99,199.9,John Patel
ORD17611,2024-12-09,Widget A,4,11.25,45.0,Hassan Reyes
ORD17614,2024-06-30,Widget A,1,13.75,13.75,Ayesha Smith
ORD17614,2024-08-12,Gadget X,9,6.3,56.7,Maria Reyes
ORD17618,2024-11-21,Service Plan,6,49.99,299.0,Hassan Ahmed
ORD17626,2024-11-30,Gadget Y,3,6.04,18.12,Ali Chen
ORD17632,2024-07-24,Widget A,1,12.5,12.5,Fatima Hussain
ORD17632,2024-12-04,Service Plan,2,49.99,99.98,Sara Iqbal
ORD17635,2024-06-28,Gadget X,7,7.0,49.0,John Lee
ORD17637,2024-10-08,Widget B,1,21.0,21.0,Noor Reyes
ORD17639,2024-08-01,Gadget X,4,630.0,2520.0,Zain Smith
ORD17639,2024-12-06,Gadget Y,9,494.0,4446.0,Ali Smith
ORD17640,2024-11-29,Gadget Y,10,549.0,5490.0,Maria Chen
ORD17665,2024-10-27,Service Plan,1,49.99,49.99,Sara Smith
ORD17679,2024-07-06,Service Plan,2,49.99,99.0,Zain Patel
ORD17686,2024-07-18,Widget A,1,12.5,12.5,Zain Reyes
ORD17688,2024-11-26,Widget B,8,19.99,159.92,Noor Ahmed
ORD17694,2024-12-24,Widget B,1,19.99,19.99,Ayesha Reyes
ORD17696,2024-12-13,Gadget X,3,7.7,23.0,Noor Patel
ORD17698,2024-11-15,Gadget X,3,770.0,2310.0,Omar Chen
ORD17700,2024-06-14,Gadget X,4,7.7,30.8,Ali Garcia
ORD17700,2024-06-22,Widget B,2,21.0,42.0,Maria Khan
ORD17713,2024-07-16,Service Plan,2,49.99,99.98,Maria Chen
ORD17722,2024-11-16,Widget B,6,19.99,119.0,John Khan
ORD17739,2024-08-08,Widget A,2,1125.0,2250.0,Ali Khan
ORD17743,2024-12-21,Service Plan,7,49.99,349.93,Hassan Hussain
ORD17753,2024-11-03,Gadget X,4,6.0,24.0,Ayesha Reyes
ORD17755,2024-06-14,Gadget X,9,700.0,6300.0,Ayesha Iqbal
ORD17759,2024-12-24,Widget B,10,17.99,179.0,Omar Patel
ORD17764,2024-11-10,Gadget Y,1,5.0,5.0,Ali Hussain
ORD17798,2024-08-09,Widget B,10,2199.0,21990.0,Hassan Patel
ORD17806,2024-09-03,Service Plan,7,5499.0,38493.0,John Lee
ORD17807,2024-10-07,Gadget X,2,6.3,12.6,Ali Smith
ORD17810,2024-12-09,Gadget Y,9,549.0,4941.0,Hassan Iqbal
ORD17812,2024-09-28,Service Plan,2,49.99,99.98,John Khan
ORD17816,2024-05-06,Widget B,6,19.0,114.0,Fatima Patel
ORD17829,2024-08-22,Service Plan,1,49.0,49.0,Zain Hussain
ORD17836,2024-08-14,Gadget Y,1,5.0,5.0,Sara Smith
ORD17849,2024-08-17,Service Plan,7,44.0,308.0,Hassan Smith
ORD17875,2024-12-19,Gadget Y,10,4.94,49.41,Omar Reyes
ORD17882,2024-12-06,Service Plan,6,49.99,299.94,Zain Iqbal
ORD17887,2024-12-13,Gadget Y,2,5.49,10.98,Sara Patel
ORD17888,2024-09-05,Gadget Y,2,5.49,10.98,Ali Hussain
ORD17889,2024-06-16,Service Plan,3,49.99,149.97,Noor Iqbal
ORD17903,2024-10-21,Widget B,2,19.0,38.0,Hassan Hussain
ORD17904,2024-07-13,Service Plan,10,49.0,490.0,Ali Iqbal
ORD17910,2024-06-17,Gadget X,5,7.0,35.0,Zain Hussain
ORD17920,2024-09-24,Gadget Y,1,5.49,5.49,Omar Lee
ORD17924,2024-08-08,Service Plan,1,4999.0,4999.0,John Garcia
ORD17924,2024-08-08,Widget A,7,12.0,84.0,Zain Garcia
ORD17938,2024-09-30,Widget B,9,2199.0,19791.0,Zain Hussain
ORD17955,2024-09-12,Widget A,2,1250.0,2500.0,John Lee
ORD17968,2024-08-05,Widget A,2,12.5,25.0,Hassan Hussain
ORD18004,2024-10-22,Widget A,1,11.25,11.25,Ayesha Chen
ORD18019,2024-10-31,Widget B,5,19.0,95.0,Hassan Smith
ORD18025,2024-07-13,Gadget X,3,6.0,18.0,Ali Chen
ORD18028,2024-07-18,Service Plan,1,54.99,54.99,Maria Lee
ORD18029,2024-09-11,Widget B,2,17.99,35.98,Ayesha Iqbal
ORD18029,2024-12-30,Gadget Y,2,4.94,9.88,Omar Garcia
ORD18037,2024-09-22,Widget A,10,11.25,112.5,John Garcia
ORD18050,2024-06-08,Service Plan,1,49.99,49.99,Omar Ahmed
ORD18053,2024-07-07,Gadget Y,10,6.04,60.4,Fatima Hussain
ORD18058,2024-06-03,Gadget Y,2,5.49,10.98,Fatima Lee
ORD18059,2024-06-29,Widget B,1,19.99,20.0,Fatima Smith
ORD18064,2024-11-20,Gadget X,1,700.0,700.0,Ayesha Hussain
ORD18082,2024-08-14,Widget B,5,1999.0,9995.0,Maria Reyes
ORD18097,2024-06-12,Gadget X,10,7.0,70.0,Omar Smith
ORD18104,2024-09-21,Widget B,10,1799.0,17991.0,John Garcia
ORD18113,2024-09-28,Gadget Y,9,5.0,45.0,Maria Chen
ORD18116,2024-10-09,Service Plan,9,44.99,404.91,Hassan Iqbal
ORD18122,2024-11-17,Gadget Y,4,5.49,21.96,Zain Patel
ORD18138,2024-07-18,Service Plan,3,54.99,164.97,Sara Garcia
ORD18139,2024-12-25,Gadget Y,1,6.04,6.04,Ayesha Ahmed
ORD18141,2024-11-07,Widget B,6,19.99,119.0,Ayesha Lee
ORD18161,2024-12-07,Gadget Y,1,5.49,5.49,Sara Smith
ORD18162,2024-08-12,Service Plan,6,49.0,299.0,Fatima Khan
ORD18171,2024-09-19,Widget A,9,12.5,112.5,Zain Chen
ORD18189,2024-11-26,Widget B,2,17.99,35.98,Sara Ahmed
ORD18200,2024-10-26,Widget A,9,12.0,108.0,Zain Hussain
ORD18211,2024-06-28,Widget A,4,11.0,44.0,Omar Chen
ORD18249,2024-08-21,Widget B,5,19.99,99.95,John Khan
ORD18251,2024-07-24,Widget A,1,11.25,11.25,Sara Patel
ORD18251,2024-11-23,Gadget Y,8,5.49,43.92,Ayesha Smith
ORD18259,2024-07-14,Widget A,4,12.0,48.0,Ayesha Iqbal
ORD18261,2024-12-17,Widget B,2,17.99,35.98,Ayesha Smith
ORD18262,2024-10-13,Gadget X,2,6.0,12.0,John Khan
ORD18280,2024-10-21,Gadget Y,4,5.49,21.96,Maria Ahmed
ORD18285,2024-12-29,Widget B,5,19.0,95.0,Noor Patel
ORD18301,2024-08-06,Widget A,10,12.5,125.0,Ali Lee
ORD18302,2024-11-16,Service Plan,7,49.99,349.93,Maria Iqbal
ORD18321,2024-11-09,Widget B,6,21.0,126.0,Hassan Iqbal
ORD18325,2024-06-11,Widget B,1,17.0,17.0,Omar Lee
ORD18332,2024-11-05,Gadget Y,2,6.04,12.08,Ali Khan
ORD18336,2024-07-29,Service Plan,1,49.0,49.0,Ayesha Hussain
ORD18343,2024-07-02,Widget B,2,2199.0,4398.0,Omar Hussain
ORD18346,2024-08-15,Widget A,4,11.25,45.0,Zain Iqbal
ORD18357,2024-10-17,Widget A,2,13.75,27.5,Maria Iqbal
ORD18361,2024-12-14,Gadget X,3,7.0,21.0,Hassan Patel
ORD18365,2024-11-18,Gadget X,5,7.0,35.0,John Ahmed
ORD18378,2024-07-13,Widget A,6,1250.0,7500.0,Omar Chen
ORD18382,2024-09-08,Widget B,3,1999.0,5997.0,Ayesha Iqbal
ORD18385,2024-08-31,Widget B,4,19.99,79.96,Sara Smith
ORD18392,2024-07-07,Gadget X,1,7.0,7.0,Noor Khan
ORD18399,2024-09-16,Gadget X,4,7.0,28.0,Ayesha Iqbal
ORD18400,2024-07-17,Widget B,6,17.0,102.0,John Chen
ORD18400,2024-08-07,Service Plan,4,4499.0,17996.0,Ayesha Reyes
ORD18404,2024-10-17,Gadget X,1,7.0,7.0,Noor Chen
ORD18415,2024-09-05,Widget B,10,21.99,219.0,Noor Smith
ORD18421,2024-07-07,Gadget X,2,7.7,15.4,Hassan Iqbal
ORD18424,2024-06-09,Gadget Y,5,5.49,27.45,Ayesha Iqbal
ORD18426,2024-07-14,Gadget X,10,7.0,70.0,Hassan Hussain
ORD18427,2024-10-23,Gadget X,2,7.0,14.0,Hassan Ahmed
ORD18435,2024-06-10,Service Plan,9,49.99,449.91,Fatima Reyes
ORD18465,2024-09-21,Service Plan,7,54.99,384.93,John Garcia
ORD18466,2024-11-29,Widget B,9,21.99,197.0,Maria Iqbal
ORD18476,2024-09-25,Gadget Y,6,5.49,32.94,Hassan Hussain
ORD18486,2024-12-31,Service Plan,8,49.99,399.92,Fatima Patel
ORD18487,2024-11-12,Widget B,7,17.0,119.0,Ayesha Patel
ORD18488,2024-09-22,Widget A,3,11.25,33.75,Noor Lee
ORD18491,2024-09-19,Widget B,4,17.0,68.0,Maria Reyes
ORD18497,2024-10-26,Widget A,7,12.5,87.5,Omar Chen
ORD18501,2024-08-21,Gadget Y,7,549.0,3843.0,John Patel
ORD18520,2024-09-26,Widget A,3,1250.0,3750.0,Omar Reyes
ORD18520,2024-12-15,Widget A,4,12.0,48.0,Sara Smith
ORD18524,2024-09-30,Gadget X,6,7.0,42.0,Maria Hussain
ORD18541,2024-10-10,Widget B,2,19.99,39.98,Ayesha Smith
ORD18561,2024-07-25,Service Plan,1,49.99,49.99,Noor Khan
ORD18561,2024-10-14,Widget A,5,13.75,68.75,John Ahmed
ORD18562,2024-06-04,Widget B,2,17.99,35.98,Maria Smith
ORD18562,2024-07-01,Gadget X,5,7.7,38.0,Fatima Hussain
ORD18564,2024-07-27,Widget A,1,12.0,12.0,Hassan Ahmed
ORD18571,2024-07-16,Widget A,9,1250.0,11250.0,Ayesha Lee
ORD18582,2024-08-31,Gadget X,6,7.0,42.0,Noor Ahmed
ORD18586,2024-06-15,Widget B,10,17.0,170.0,Noor Chen
ORD18597,2024-09-25,Widget B,7,19.0,133.0,John Chen
ORD18621,2024-03-10,Gadget X,9,7.0,63.0,Hassan Patel
ORD18639,2024-08-24,Widget A,9,13.75,123.75,Hassan Hussain
ORD18640,2024-07-13,Widget B,8,1999.0,15992.0,Ayesha Khan
ORD18645,2024-09-30,Service Plan,10,49.99,499.9,Ayesha Patel
ORD18653,2024-09-01,Service Plan,6,44.0,264.0,John Garcia
ORD18683,2024-12-18,Widget B,4,1999.0,7996.0,Ali Chen
ORD18687,2024-06-08,Gadget Y,10,549.0,5490.0,Ali Chen
ORD18710,2024-09-08,Gadget Y,6,549.0,3294.0,Fatima Patel
ORD18730,2024-08-24,Gadget Y,2,6.04,12.08,Hassan Chen
ORD18732,2024-06-26,Gadget X,10,700.0,7000.0,Ali Garcia
ORD18741,2024-06-23,Gadget X,10,7.0,70.0,John Ahmed
ORD18745,2024-08-03,Gadget X,2,7.0,14.0,Noor Smith
ORD18757,2024-06-09,Service Plan,4,54.0,219.0,Fatima Lee
ORD18770,2024-12-31,Widget B,8,1999.0,15992.0,Sara Patel
ORD18776,2024-09-17,Gadget X,3,700.0,2100.0,Zain Lee
ORD18778,2024-11-27,Gadget X,5,7.7,38.0,Maria Smith
ORD18796,2024-12-29,Widget A,10,12.0,120.0,Ayesha Chen
ORD18801,2024-07-19,Widget B,2,19.0,38.0,John Chen
ORD18806,2024-08-20,Widget B,4,19.0,76.0,Noor Patel
ORD18813,2024-12-07,Service Plan,6,44.99,269.0,Maria Hussain
ORD18825,2024-09-08,Widget B,10,21.0,210.0,Hassan Ahmed
ORD18840,2024-06-18,Widget B,1,19.99,19.99,Sara Garcia
ORD18841,2024-06-05,Gadget X,3,7.0,21.0,Maria Garcia
ORD18850,2024-11-15,Gadget Y,2,5.49,10.98,Hassan Iqbal
ORD18853,2024-06-25,Gadget Y,2,604.0,1208.0,Fatima Khan
ORD18857,2024-06-15,Gadget X,4,770.0,3080.0,Noor Chen
ORD18881,2024-12-24,Widget A,10,12.5,125.0,Ali Hussain
ORD18894,2024-01-10,Service Plan,4,4999.0,19996.0,Sara Hussain
ORD18905,2024-12-28,Service Plan,5,4499.0,22495.0,John Patel
ORD18916,2024-07-07,Widget A,10,11.25,112.5,Hassan Hussain
ORD18927,2024-11-19,Service Plan,1,44.99,44.99,Fatima Patel
ORD18936,2024-12-19,Service Plan,3,54.99,164.97,Maria Hussain
ORD18939,2024-08-07,Widget A,8,1375.0,11000.0,Noor Garcia
ORD18951,2024-07-19,Widget B,2,17.0,34.0,Noor Chen
ORD18951,2024-11-24,Widget B,7,19.99,139.93,Maria Ahmed
ORD18953,2024-07-07,Service Plan,9,54.99,494.9,Hassan Lee
ORD18961,2024-08-06,Widget A,4,12.5,50.0,Fatima Patel
ORD18965,2024-12-03,Widget B,8,1999.0,15992.0,Ayesha Ahmed
ORD18967,2024-09-01,Widget B,6,19.99,119.0,Noor Patel
ORD18977,2024-09-17,Widget A,9,1375.0,12375.0,Ayesha Patel
ORD18980,2024-12-26,Widget A,6,13.0,78.0,Hassan Hussain
ORD18987,2024-11-19,Gadget Y,1,4.94,4.94,Sara Khan
ORD19005,2024-11-24,Gadget X,8,7.0,56.0,Zain Khan
ORD19010,2024-06-25,Service Plan,1,49.0,49.0,Zain Ahmed
ORD19015,2024-08-06,Gadget X,9,7.0,63.0,Ayesha Chen
ORD19025,2024-10-04,Widget B,7,1999.0,13993.0,Noor Reyes
ORD19026,2024-09-18,Widget A,7,12.0,84.0,Maria Hussain
ORD19037,2024-06-17,Widget B,7,1999.0,13993.0,Zain Garcia
ORD19060,2024-10-07,Service Plan,8,54.99,439.92,Omar Reyes
ORD19063,2024-09-01,Service Plan,7,49.99,349.93,Omar Patel
ORD19077,2024-08-10,Gadget Y,2,5.0,10.0,Hassan Khan
ORD19096,2024-08-03,Widget A,6,12.5,75.0,Sara Garcia
ORD19096,2024-08-18,Gadget X,3,6.3,18.9,Sara Garcia
ORD19096,2024-11-25,Gadget X,1,7.7,7.7,Zain Chen
ORD19104,2024-12-24,Gadget Y,7,5.49,38.43,Hassan Chen
ORD19109,2024-09-09,Widget B,8,21.99,175.91,John Smith
ORD19110,2024-04-12,Gadget Y,3,5.0,15.0,Sara Iqbal
ORD19122,2024-06-03,Gadget X,10,7.7,77.0,Sara Smith
ORD19138,2024-11-06,Widget A,8,1125.0,9000.0,John Lee
ORD19141,2024-06-04,Widget A,10,12.5,125.0,Zain Chen
ORD19150,2024-06-15,Gadget X,3,6.3,18.9,John Reyes
ORD19157,2024-12-31,Widget A,2,12.5,25.0,Maria Hussain
ORD19164,2024-10-15,Gadget X,5,7.0,35.0,Maria Hussain
ORD19171,2024-12-19,Service Plan,5,49.0,245.0,Ali Khan
ORD19172,2024-09-25,Widget A,6,11.0,66.0,Hassan Chen
ORD19180,2024-10-21,Gadget Y,10,5.0,50.0,Fatima Hussain
ORD19186,2024-07-16,Gadget X,10,7.0,70.0,Fatima Smith
ORD19189,2024-11-23,Widget A,9,13.75,123.75,Zain Reyes
ORD19205,2024-10-27,Gadget Y,7,5.49,38.43,Sara Patel
ORD19209,2024-08-04,Service Plan,3,54.99,164.97,Sara Khan
ORD19210,2024-07-23,Widget B,9,1999.0,17991.0,Ali Chen
ORD19212,2024-06-14,Gadget X,5,6.3,31.5,Noor Lee
ORD19220,2024-04-07,Service Plan,10,44.99,449.0,John Iqbal
ORD19254,2024-10-18,Gadget Y,5,5.49,27.45,Zain Chen
ORD19259,2024-11-16,Widget B,5,19.0,95.0,Fatima Ahmed
ORD19262,2024-09-14,Gadget X,1,7.0,7.0,Zain Khan
ORD19271,2024-06-09,Widget A,7,11.25,78.0,Hassan Iqbal
ORD19278,2024-09-15,Widget B,7,21.99,153.0,Fatima Garcia
ORD19278,2024-12-16,Widget A,8,12.0,96.0,Zain Khan
ORD19282,2024-10-15,Gadget X,7,7.7,53.9,Noor Lee
ORD19285,2024-08-16,Widget B,4,21.99,87.96,Ali Chen
ORD19285,2024-10-12,Gadget X,8,7.7,61.6,Noor Lee
ORD19287,2024-06-29,Widget A,6,1250.0,7500.0,Omar Ahmed
ORD19307,2024-05-11,Widget A,9,13.75,123.75,Hassan Khan
ORD19311,2024-11-23,Widget A,3,1125.0,3375.0,Ali Smith
ORD19335,2024-08-31,Gadget X,5,7.0,35.0,Zain Hussain
ORD19336,2024-09-13,Widget A,2,13.75,27.5,Maria Chen
ORD19338,2024-12-13,Gadget X,3,7.0,21.0,Noor Khan
ORD19351,2024-10-17,Widget B,8,19.99,159.92,John Ahmed
ORD19355,2024-11-01,Widget B,6,19.99,119.94,Omar Hussain
ORD19374,2024-07-28,Service Plan,1,54.0,54.0,Maria Lee
ORD19386,2024-06-07,Widget B,1,17.0,17.0,Ayesha Iqbal
ORD19394,2024-08-28,Widget B,7,1799.0,12593.0,Ali Ahmed
ORD19398,2024-06-18,Widget A,7,11.25,78.75,Hassan Hussain
ORD19404,2024-12-19,Gadget Y,6,6.04,36.23,Omar Ahmed
ORD19420,2024-08-20,Service Plan,5,5499.0,27495.0,Fatima Hussain
ORD19429,2024-08-07,Widget B,1,21.99,21.99,Zain Chen
ORD19429,2024-09-03,Gadget Y,1,604.0,604.0,Ayesha Patel
ORD19432,2024-08-27,Widget B,9,21.0,189.0,Noor Chen
ORD19433,2024-06-22,Service Plan,5,49.99,249.95,Sara Smith
ORD19441,2024-06-10,Widget B,8,19.99,159.92,Ali Smith
ORD19457,2024-07-24,Gadget Y,9,4.94,44.46,John Lee
ORD19471,2024-12-23,Widget B,8,21.0,168.0,Maria Patel
ORD19472,2024-07-30,Widget B,9,19.0,171.0,John Khan
ORD19479,2024-12-23,Gadget Y,3,5.49,16.47,Hassan Ahmed
ORD19495,2024-11-26,Gadget Y,3,5.49,16.47,Noor Garcia
ORD19522,2024-08-17,Widget B,8,19.99,159.92,Omar Reyes
ORD19533,2024-08-15,Gadget X,8,7.7,61.6,Maria Patel
ORD19535,2024-07-31,Widget B,2,19.99,39.98,Fatima Khan
ORD19535,2024-10-25,Widget B,6,17.99,107.95,Noor Chen
ORD19537,2024-06-20,Widget A,8,12.5,100.0,John Ahmed
ORD19540,2024-06-07,Gadget X,2,6.3,12.6,Maria Smith
ORD19542,2024-12-30,Widget B,1,17.99,17.99,Ayesha Chen
ORD19558,2024-07-22,Gadget Y,8,5.49,43.92,Omar Chen
ORD19560,2024-10-03,Service Plan,6,44.99,269.0,Maria Patel
ORD19562,2024-08-02,Widget A,4,12.5,50.0,Fatima Reyes
ORD19593,2024-07-20,Widget B,7,19.99,139.93,Sara Smith
ORD19601,2024-11-07,Widget B,8,17.99,143.0,Ayesha Iqbal
ORD19610,2024-10-06,Widget A,8,12.5,100.0,Ayesha Ahmed
ORD19613,2024-07-07,Gadget X,8,7.0,56.0,Ali Smith
ORD19613,2024-07-20,Widget B,6,19.99,119.0,Maria Chen
ORD19630,2024-06-29,Service Plan,7,49.99,349.93,Noor Khan
ORD19650,2024-10-20,Widget A,5,12.0,60.0,Hassan Ahmed
ORD19656,2024-07-11,Widget A,3,12.0,36.0,Sara Hussain
ORD19684,2024-09-22,Widget A,10,1375.0,13750.0,Sara Garcia
ORD19692,2024-11-27,Service Plan,10,54.99,549.89,Maria Chen
ORD19708,2024-09-26,Gadget Y,4,549.0,2196.0,Noor Garcia
ORD19716,2024-12-03,Gadget X,7,7.0,49.0,Zain Smith
ORD19716,2024-12-24,Gadget Y,5,5.49,27.0,John Chen
ORD19719,2024-12-07,Widget B,5,21.99,109.95,John Patel
ORD19720,2024-09-24,Gadget Y,9,5.0,45.0,Sara Chen
ORD19734,2024-07-20,Widget A,9,11.0,99.0,Sara Hussain
ORD19744,2024-10-08,Service Plan,10,49.0,499.0,Fatima Chen
ORD19744,2024-11-23,Gadget X,9,630.0,5670.0,Noor Smith
ORD19745,2024-08-23,Widget B,9,19.99,179.91,Ali Iqbal
ORD19749,2024-09-19,Gadget Y,10,6.0,60.39,Fatima Ahmed
ORD19756,2024-09-07,Widget B,8,1999.0,15992.0,John Chen
ORD19782,2024-10-29,Widget A,10,12.5,125.0,John Khan
ORD19814,2024-12-22,Widget A,10,12.5,125.0,Hassan Garcia
ORD19830,2024-10-19,Widget A,6,11.25,67.5,Noor Iqbal
ORD19839,2024-08-12,Gadget Y,2,4.94,9.88,Hassan Iqbal
ORD19848,2024-06-06,Service Plan,9,49.99,449.91,Ali Iqbal
ORD19853,2024-07-28,Widget B,10,19.99,199.9,Zain Garcia
ORD19879,2024-11-25,Service Plan,8,49.99,399.92,Maria Garcia
ORD19890,2024-11-27,Gadget Y,10,6.04,60.39,Fatima Garcia
ORD19905,2024-11-15,Gadget Y,8,549.0,4392.0,Omar Ahmed
ORD19923,2024-12-01,Service Plan,1,49.0,49.0,Maria Hussain
ORD19932,2024-07-19,Widget B,6,19.0,114.0,Ayesha Iqbal
ORD19952,2024-08-25,Gadget Y,9,5.0,45.0,Noor Patel
ORD19970,2024-06-04,Gadget Y,8,549.0,4392.0,Ayesha Smith
ORD19975,2024-12-23,Gadget X,9,6.3,56.7,Noor Khan
ORD19982,2024-12-11,Service Plan,1,49.99,49.99,Noor Garcia
ORD19990,2024-06-07,Service Plan,2,49.99,99.98,Omar Smith
ORD19995,2024-11-21,Gadget X,6,6.3,37.8,Maria Smith
ORD19999,2024-08-04,Widget B,5,17.99,89.95,Fatima Patel
ORD20021,2024-10-06,Widget B,8,21.0,168.0,Noor Garcia
ORD20029,2024-10-12,Widget A,2,11.0,22.0,Maria Smith
ORD20052,2024-08-16,Gadget Y,6,4.0,24.0,Omar Lee
ORD20063,2024-07-09,Widget B,2,17.99,35.98,Ayesha Patel
ORD20069,2024-07-21,Gadget Y,8,5.49,43.92,Maria Patel
ORD20073,2024-12-25,Gadget X,1,7.0,7.0,Ayesha Ahmed
ORD20076,2024-08-25,Service Plan,5,44.99,224.95,Ali Smith
ORD20076,2024-12-14,Gadget Y,2,5.0,10.0,Fatima Chen
ORD20089,2024-07-14,Widget A,10,12.5,125.0,Fatima Ahmed
ORD20089,2024-10-29,Widget A,4,11.0,44.0,Hassan Reyes
ORD20104,2024-08-31,Widget B,9,19.99,179.91,Omar Iqbal
ORD20115,2024-09-28,Widget A,4,13.75,55.0,Noor Smith
ORD20130,2024-11-01,Gadget Y,2,4.94,9.88,Noor Chen
ORD20135,2024-09-18,Widget B,10,21.0,208.0,John Ahmed
ORD20137,2024-07-24,Service Plan,7,49.0,343.0,Hassan Hussain
ORD20139,2024-11-01,Gadget Y,3,604.0,1812.0,John Lee
ORD20149,2024-06-09,Gadget Y,5,5.49,27.45,Sara Ahmed
ORD20157,2024-08-02,Gadget X,6,7.0,42.0,Hassan Patel
ORD20160,2024-08-27,Gadget Y,5,4.94,24.71,Fatima Hussain
ORD20190,2024-10-18,Gadget Y,8,5.49,43.92,Omar Smith
ORD20217,2024-10-08,Widget A,5,12.0,60.0,Sara Smith
ORD20241,2024-02-12,Gadget X,1,700.0,700.0,Omar Khan
ORD20248,2024-10-10,Gadget Y,4,5.0,20.0,Hassan Iqbal
ORD20262,2024-11-01,Gadget X,1,7.0,7.0,Noor Patel
ORD20275,2024-10-22,Service Plan,10,49.99,499.9,Hassan Chen
ORD20282,2024-11-21,Widget A,6,11.25,67.5,Hassan Iqbal
ORD20288,2024-08-11,Widget A,4,12.5,50.0,Ali Hussain
ORD20293,2024-12-13,Widget A,5,12.5,62.5,Hassan Lee
ORD20301,2024-06-09,Widget B,7,1999.0,13993.0,John Garcia
ORD20303,2024-09-23,Widget B,5,19.99,99.95,Noor Lee
ORD20322,2024-06-22,Gadget Y,2,4.0,8.0,John Chen
ORD20322,2024-11-07,Widget B,2,19.99,39.98,Sara Garcia
ORD20328,2024-10-20,Gadget X,10,7.0,70.0,Sara Lee
ORD20356,2024-08-11,Widget A,9,12.0,108.0,Noor Patel
ORD20356,2024-12-04,Widget B,6,19.99,119.94,Fatima Garcia
ORD20364,2024-06-28,Widget B,6,17.99,107.94,Fatima Reyes
ORD20381,2024-12-11,Widget A,1,11.0,11.0,Noor Ahmed
ORD20398,2024-06-02,Gadget X,2,7.0,14.0,Zain Ahmed
ORD20401,2024-06-14,Gadget Y,7,5.49,38.0,Sara Chen
ORD20403,2024-11-04,Gadget Y,1,5.49,5.49,Ayesha Garcia
ORD20408,2024-06-25,Widget A,2,11.0,22.0,Ali Hussain
ORD20413,2024-11-16,Gadget Y,2,5.0,10.0,Noor Chen
ORD20414,2024-06-16,Service Plan,2,49.99,99.98,Maria Hussain
ORD20416,2024-03-09,Gadget Y,3,4.0,12.0,Omar Chen
ORD20428,2024-08-13,Service Plan,7,49.99,349.93,Ali Hussain
ORD20434,2024-08-28,Gadget Y,4,6.04,24.16,Fatima Reyes
ORD20448,2024-08-26,Gadget X,10,7.0,70.0,Ali Hussain
ORD20460,2024-10-06,Gadget Y,10,6.0,60.39,Maria Iqbal
ORD20461,2024-11-24,Service Plan,6,54.0,324.0,John Hussain
ORD20474,2024-05-06,Gadget X,5,6.3,31.0,Fatima Chen
ORD20481,2024-09-13,Widget B,4,19.99,79.96,Ali Smith
ORD20506,2024-12-06,Gadget X,8,7.0,56.0,Ali Khan
ORD20508,2024-07-08,Service Plan,8,54.0,439.91,Noor Smith
ORD20508,2024-09-09,Widget B,5,19.99,99.95,Zain Khan
ORD20515,2024-12-10,Widget B,1,19.99,19.99,John Iqbal
ORD20520,2024-06-19,Widget A,7,12.5,87.5,Maria Iqbal
ORD20528,2024-11-24,Gadget Y,6,5.49,32.94,Fatima Chen
ORD20531,2024-10-11,Widget B,7,1999.0,13993.0,Omar Patel
ORD20561,2024-06-07,Widget B,4,21.99,87.96,Zain Reyes
ORD20577,2024-06-01,Widget A,6,13.75,82.5,Fatima Khan
ORD20577,2024-06-24,Gadget Y,5,5.0,25.0,Ali Ahmed
ORD20598,2024-06-30,Service Plan,9,49.99,449.91,Noor Hussain
ORD20613,2024-09-04,Widget B,1,19.99,19.99,Ali Smith
ORD20616,2024-08-19,Gadget X,1,7.7,7.7,Maria Iqbal
ORD20618,2024-11-03,Widget B,10,19.99,199.9,Noor Lee
ORD20621,2024-09-17,Gadget Y,10,549.0,5490.0,Hassan Garcia
ORD20624,2024-08-12,Service Plan,5,49.99,249.95,Ali Reyes
ORD20625,2024-10-13,Service Plan,10,49.99,499.0,Sara Patel
ORD20627,2024-11-16,Widget B,10,19.99,199.9,Omar Lee
ORD20630,2024-11-27,Service Plan,10,4999.0,49990.0,Ali Reyes
ORD20638,2024-12-16,Gadget X,10,630.0,6300.0,Sara Ahmed
ORD20639,2024-06-01,Widget B,7,1999.0,13993.0,Omar Hussain
ORD20642,2024-08-16,Gadget X,3,700.0,2100.0,Ali Lee
ORD20665,2024-12-06,Gadget X,6,7.0,42.0,Sara Smith
ORD20668,2024-09-18,Gadget Y,6,549.0,3294.0,Hassan Chen
ORD20669,2024-09-20,Gadget X,9,7.0,63.0,Ali Iqbal
ORD20671,2024-11-17,Widget B,6,21.99,131.93,Fatima Patel
ORD20673,2024-06-27,Gadget Y,2,6.04,12.08,Ayesha Reyes
ORD20675,2024-11-07,Widget B,5,19.99,99.95,Zain Patel
ORD20705,2024-11-09,Widget B,3,19.99,59.97,Hassan Lee
ORD20713,2024-09-19,Widget A,7,12.5,87.5,Fatima Lee
ORD20770,2024-01-09,Widget B,9,19.99,179.91,Omar Patel
ORD20776,2024-09-08,Widget B,1,21.99,21.99,Sara Chen
ORD20793,2024-07-06,Widget B,7,1799.0,12593.0,Maria Lee
ORD20807,2024-09-22,Gadget X,9,630.0,5670.0,Zain Chen
ORD20814,2024-11-01,Gadget Y,2,5.49,10.98,Ali Garcia
ORD20823,2024-06-24,Widget A,7,12.5,87.5,Maria Ahmed
ORD20825,2024-10-15,Service Plan,2,4499.0,8998.0,Omar Hussain
ORD20829,2024-12-09,Gadget Y,3,5.0,15.0,Sara Khan
ORD20852,2024-11-14,Service Plan,4,54.99,219.96,Omar Khan
ORD20854,2024-12-23,Service Plan,1,4999.0,4999.0,Maria Lee
ORD20866,2024-08-20,Widget B,2,19.99,39.98,Ali Smith
ORD20868,2024-07-11,Service Plan,7,44.0,314.0,John Iqbal
ORD20871,2024-12-20,Widget B,10,21.99,219.89,Sara Iqbal
ORD20876,2024-12-25,Gadget Y,6,5.49,32.94,Maria Lee
ORD20911,2024-12-01,Widget B,4,19.99,79.96,Hassan Lee
ORD20919,2024-10-17,Gadget X,6,700.0,4200.0,Ayesha Chen
ORD20931,2024-12-18,Service Plan,7,54.99,384.92,Noor Garcia
ORD20932,2024-01-12,Service Plan,3,4999.0,14997.0,Noor Iqbal
ORD20934,2024-06-02,Widget A,5,11.25,56.25,Hassan Garcia
ORD20939,2024-07-12,Widget A,4,1250.0,5000.0,Fatima Smith
ORD20945,2024-07-23,Gadget Y,4,6.04,24.16,Ali Lee
ORD20947,2024-09-20,Gadget Y,6,5.49,32.94,Ayesha Lee
ORD20953,2024-08-24,Widget B,4,17.99,71.96,Hassan Iqbal
ORD20962,2024-08-22,Widget B,10,19.99,199.9,Maria Khan
ORD20976,2024-06-30,Widget B,4,21.99,87.96,John Chen
ORD20982,2024-07-09,Widget A,10,11.0,110.0,Zain Patel
ORD20983,2024-09-14,Widget B,8,17.99,143.93,Ayesha Lee
ORD20984,2024-11-28,Service Plan,6,49.99,299.94,John Iqbal
ORD20998,2024-05-11,Gadget Y,4,549.0,2196.0,Omar Lee
ORD21010,2024-09-17,Gadget X,6,7.7,46.2,Sara Chen
ORD21020,2024-07-31,Widget B,8,17.99,143.92,Ali Patel
ORD21020,2024-09-04,Gadget X,6,700.0,4200.0,Hassan Patel
ORD21042,2024-09-22,Widget A,10,12.0,120.0,Noor Lee
ORD21044,2024-10-28,Widget A,5,12.5,62.0,John Iqbal
ORD21074,2024-06-16,Gadget X,10,7.0,70.0,Ayesha Iqbal
ORD21082,2024-06-10,Widget B,10,2199.0,21990.0,Noor Ahmed
ORD21084,2024-07-07,Gadget Y,2,5.49,10.98,Hassan Ahmed
ORD21096,2024-12-31,Widget B,9,1999.0,17991.0,John Khan
ORD21101,2024-12-03,Service Plan,4,44.99,179.96,John Reyes
ORD21110,2024-06-20,Widget A,6,12.0,72.0,Zain Ahmed
ORD21113,2024-11-04,Service Plan,5,54.99,274.95,Ali Patel
ORD21115,2024-06-12,Service Plan,3,49.99,149.0,Hassan Garcia
ORD21122,2024-11-13,Service Plan,2,49.0,98.0,Sara Chen
ORD21130,2024-12-03,Widget A,5,11.25,56.25,Omar Khan
ORD21135,2024-08-30,Gadget Y,6,604.0,3624.0,Zain Reyes
ORD21152,2024-07-27,Gadget X,6,7.0,42.0,Omar Iqbal
ORD21159,2024-06-14,Service Plan,8,54.99,439.0,Omar Hussain
ORD21159,2024-11-30,Service Plan,1,49.0,49.0,Ayesha Reyes
ORD21171,2024-08-08,Gadget X,7,7.0,49.0,Omar Lee
ORD21192,2024-10-28,Service Plan,10,49.99,499.9,Omar Ahmed
ORD21196,2024-11-24,Gadget Y,7,5.49,38.43,Ali Smith
ORD21200,2024-10-06,Gadget X,4,7.0,28.0,Maria Smith
ORD21204,2024-07-07,Gadget Y,2,4.0,8.0,Sara Patel
ORD21208,2024-06-15,Service Plan,2,49.99,99.98,Noor Hussain
ORD21220,2024-07-13,Widget A,4,13.75,55.0,Zain Hussain
ORD21226,2024-09-11,Gadget X,6,630.0,3780.0,Ali Lee
ORD21227,2024-11-21,Service Plan,3,44.99,134.0,Omar Patel
ORD21235,2024-07-25,Widget B,1,21.99,21.99,Maria Hussain
ORD21237,2024-07-18,Gadget X,5,7.0,35.0,Maria Iqbal
ORD21245,2024-11-26,Widget B,7,19.99,139.0,Noor Smith
ORD21246,2024-08-22,Gadget Y,6,4.94,29.65,Noor Iqbal
ORD21247,2024-06-29,Widget A,4,11.25,45.0,John Reyes
ORD21285,2024-12-09,Widget A,5,13.0,65.0,Ayesha Reyes
ORD21286,2024-07-08,Widget A,7,1250.0,8750.0,Sara Khan
ORD21297,2024-08-21,Gadget X,6,6.0,36.0,Fatima Hussain
ORD21298,2024-12-19,Widget A,3,12.5,37.5,John Hussain
ORD21300,2024-07-29,Widget B,2,19.0,38.0,Ali Patel
ORD21308,2024-08-04,Gadget Y,6,549.0,3294.0,Ayesha Patel
ORD21318,2024-08-12,Widget A,1,1250.0,1250.0,Zain Reyes
ORD21338,2024-06-17,Widget B,8,21.99,175.91,Ayesha Garcia
ORD21338,2024-08-25,Widget B,9,17.99,161.0,Omar Hussain
ORD21339,2024-07-18,Gadget Y,10,4.0,40.0,Fatima Iqbal
ORD21340,2024-06-09,Gadget Y,4,5.49,21.96,Omar Hussain
ORD21343,2024-08-21,Service Plan,10,54.99,549.89,Noor Smith
ORD21359,2024-08-11,Gadget Y,4,604.0,2416.0,Hassan Reyes
ORD21362,2024-08-23,Gadget Y,4,5.49,21.96,Sara Iqbal
ORD21365,2024-09-07,Widget B,8,19.99,159.92,Noor Garcia
ORD21378,2024-10-15,Gadget X,8,7.0,56.0,Ayesha Ahmed
ORD21389,2024-10-01,Gadget X,1,7.7,7.7,John Khan
ORD21401,2024-09-21,Widget A,4,1250.0,5000.0,Omar Smith
ORD21419,2024-06-21,Service Plan,1,49.0,49.0,John Lee
ORD21420,2024-11-19,Gadget Y,1,604.0,604.0,Ayesha Reyes
ORD21433,2024-11-17,Widget B,8,19.0,152.0,Hassan Iqbal
ORD21437,2024-10-10,Gadget Y,6,604.0,3624.0,Ali Iqbal
ORD21438,2024-09-20,Service Plan,10,49.99,499.9,Noor Patel
ORD21444,2024-06-12,Service Plan,1,49.0,49.0,Zain Iqbal
ORD21447,2024-12-27,Gadget X,6,770.0,4620.0,Maria Ahmed
ORD21453,2024-08-14,Widget A,3,12.5,37.5,Ali Smith
ORD21453,2024-12-03,Gadget Y,7,549.0,3843.0,Noor Ahmed
ORD21460,2024-10-29,Widget B,7,19.99,139.93,Zain Smith
ORD21463,2024-11-22,Widget A,10,12.5,125.0,Zain Hussain
ORD21473,2024-10-22,Gadget X,10,7.0,70.0,Zain Reyes
ORD21477,2024-12-27,Gadget X,3,7.0,21.0,Hassan Iqbal
ORD21483,2024-10-14,Service Plan,5,49.99,249.95,Noor Patel
ORD21487,2024-11-14,Gadget Y,6,5.49,32.94,Hassan Chen
ORD21492,2024-06-29,Widget A,6,11.25,67.5,Omar Patel
ORD21497,2024-08-05,Widget B,1,19.99,19.99,Sara Ahmed
ORD21499,2024-09-25,Gadget X,3,700.0,2100.0,Maria Ahmed
ORD21534,2024-09-25,Widget A,1,13.75,13.75,Fatima Smith
ORD21537,2024-07-18,Widget B,9,21.99,197.9,John Hussain
ORD21539,2024-11-11,Service Plan,4,49.0,196.0,John Chen
ORD21557,2024-09-05,Widget B,10,17.99,179.91,Maria Ahmed
ORD21561,2024-07-18,Widget B,6,21.99,131.94,Noor Reyes
ORD21561,2024-10-07,Gadget X,1,7.0,7.0,Maria Hussain
ORD21570,2024-10-06,Gadget X,9,7.0,63.0,Fatima Lee
ORD21582,2024-12-13,Service Plan,5,49.99,249.95,Omar Iqbal
ORD21589,2024-09-01,Service Plan,10,49.99,499.9,Fatima Chen
ORD21604,2024-12-23,Service Plan,7,49.0,343.0,Zain Khan
ORD21612,2024-10-14,Gadget X,7,6.3,44.1,Zain Chen
ORD21621,2024-08-25,Widget A,10,1125.0,11250.0,Omar Smith
ORD21648,2024-06-28,Service Plan,6,49.0,294.0,Hassan Reyes
ORD21658,2024-06-06,Widget B,9,17.99,161.92,Ayesha Patel
ORD21662,2024-01-09,Gadget X,5,700.0,3500.0,Ayesha Iqbal
ORD21721,2024-11-08,Gadget X,9,6.3,56.7,Ayesha Smith
ORD21736,2024-04-12,Service Plan,9,5499.0,49491.0,Zain Lee
ORD21745,2024-07-29,Widget A,1,13.0,13.0,Hassan Patel
ORD21747,2024-10-07,Gadget X,7,7.0,49.0,Omar Ahmed
ORD21748,2024-06-07,Gadget Y,8,5.49,43.92,Ayesha Garcia
ORD21761,2024-12-03,Widget B,4,19.99,79.96,Ali Garcia
ORD21770,2024-10-10,Widget B,9,21.99,197.9,Fatima Smith
ORD21794,2024-07-02,Gadget X,2,7.7,15.4,Omar Patel
ORD21806,2024-11-28,Widget A,6,1250.0,7500.0,Maria Lee
ORD21812,2024-07-08,Gadget Y,1,5.0,5.0,Ayesha Khan
ORD21824,2024-11-19,Widget B,8,19.99,159.92,Hassan Garcia
ORD21825,2024-12-11,Gadget Y,6,4.94,29.64,Ayesha Smith
ORD21828,2024-12-29,Gadget X,2,7.7,15.4,Noor Smith
ORD21836,2024-09-19,Widget B,5,19.99,99.95,Sara Iqbal
ORD21847,2024-11-21,Widget A,9,11.25,101.25,Fatima Smith
ORD21860,2024-12-11,Service Plan,2,49.99,99.98,John Smith
ORD21870,2024-07-17,Widget A,3,12.5,37.5,Maria Reyes
ORD21902,2024-07-31,Widget B,1,1999.0,1999.0,Noor Lee
ORD21911,2024-10-06,Widget B,4,19.99,79.96,Hassan Smith
ORD21934,2024-06-03,Service Plan,4,49.99,199.96,Zain Khan
ORD21939,2024-12-28,Widget B,8,1799.0,14392.0,Noor Khan
ORD21941,2024-08-13,Gadget Y,6,5.0,30.0,Omar Reyes
ORD21953,2024-11-29,Widget B,7,17.99,125.93,Hassan Lee
ORD21983,2024-12-25,Widget A,10,12.5,125.0,Hassan Khan
ORD21985,2024-08-23,Gadget Y,4,4.94,19.76,Noor Patel
ORD21985,2024-10-18,Service Plan,8,49.99,399.92,Maria Ahmed
ORD22006,2024-11-24,Service Plan,3,49.0,147.0,Ali Smith
ORD22027,2024-09-22,Service Plan,9,54.99,494.9,Omar Garcia
ORD22056,2024-11-04,Gadget X,8,7.0,56.0,Sara Lee
ORD22061,2024-12-24,Gadget X,5,770.0,3850.0,John Khan
ORD22067,2024-12-20,Widget A,9,12.5,112.5,Omar Hussain
ORD22101,2024-09-18,Gadget Y,9,5.49,49.0,Hassan Smith
ORD22105,2024-12-30,Gadget X,4,700.0,2800.0,Zain Patel
ORD22107,2024-11-22,Gadget X,9,700.0,6300.0,Hassan Ahmed
ORD22132,2024-12-13,Service Plan,4,4499.0,17996.0,Ali Chen
ORD22152,2024-01-11,Gadget Y,3,5.49,16.47,Noor Reyes
ORD22177,2024-06-14,Widget B,3,17.99,53.0,Ayesha Smith
ORD22185,2024-10-13,Gadget Y,4,6.0,24.0,Noor Lee
ORD22191,2024-06-16,Widget B,2,17.99,35.98,Noor Khan
ORD22212,2024-07-05,Widget A,3,12.5,37.5,Ayesha Patel
ORD22213,2024-06-19,Gadget Y,5,5.49,27.0,Fatima Ahmed
ORD22221,2024-11-10,Widget B,8,19.99,159.0,Sara Smith
ORD22225,2024-06-29,Service Plan,1,44.99,44.99,Hassan Ahmed
ORD22225,2024-10-24,Gadget X,2,7.0,14.0,Noor Lee
ORD22229,2024-07-14,Widget A,2,11.25,22.5,Hassan Lee
ORD22232,2024-10-14,Widget A,2,11.25,22.5,Ayesha Garcia
ORD22234,2024-11-15,Gadget X,5,7.0,35.0,Ayesha Iqbal
ORD22238,2024-07-16,Service Plan,10,49.99,499.9,Zain Hussain
ORD22240,2024-07-11,Gadget Y,10,549.0,5490.0,Zain Garcia
ORD22243,2024-06-28,Gadget X,9,7.0,63.0,Noor Reyes
ORD22245,2024-10-07,Widget B,10,17.99,179.9,Sara Khan
ORD22271,2024-12-04,Gadget X,8,7.0,56.0,Noor Khan
ORD22278,2024-09-24,Gadget Y,5,4.94,24.7,Fatima Hussain
ORD22293,2024-07-27,Gadget X,10,630.0,6300.0,Maria Patel
ORD22295,2024-12-14,Service Plan,7,49.99,349.93,Hassan Ahmed
ORD22301,2024-09-09,Gadget X,7,7.7,53.9,Ali Chen
ORD22321,2024-09-25,Gadget Y,6,5.49,32.94,Fatima Lee
ORD22330,2024-11-11,Widget B,7,17.99,125.93,Sara Chen
ORD22340,2024-12-18,Service Plan,3,49.99,149.97,Fatima Ahmed
ORD22356,2024-07-28,Widget B,2,19.99,39.98,Fatima Smith
ORD22358,2024-06-12,Widget A,3,12.5,37.5,Fatima Chen
ORD22366,2024-07-24,Service Plan,3,49.99,149.0,Omar Garcia
ORD22373,2024-07-06,Widget A,4,11.25,45.0,Sara Hussain
ORD22377,2024-08-07,Gadget Y,6,4.94,29.65,Ayesha Patel
ORD22387,2024-11-01,Widget B,9,1999.0,17991.0,Sara Chen
ORD22388,2024-09-19,Gadget X,5,700.0,3500.0,Fatima Chen
ORD22395,2024-07-18,Gadget X,4,7.0,28.0,Sara Smith
ORD22401,2024-08-12,Gadget X,1,7.0,7.0,Fatima Lee
ORD22424,2024-12-01,Gadget Y,5,4.94,24.7,Maria Reyes
ORD22446,2024-06-09,Service Plan,5,49.99,249.95,Ali Lee
ORD22449,2024-07-23,Widget A,9,12.5,112.5,Fatima Chen
ORD22465,2024-11-01,Widget B,6,19.99,119.94,Omar Chen
ORD22466,2024-07-08,Widget B,2,1999.0,3998.0,Ali Garcia
ORD22467,2024-12-30,Gadget Y,5,5.0,25.0,Fatima Patel
ORD22473,2024-06-29,Service Plan,4,54.99,219.0,John Chen
ORD22480,2024-11-19,Widget A,3,11.25,33.75,Ayesha Chen
ORD22486,2024-06-24,Service Plan,1,4999.0,4999.0,Omar Iqbal
ORD22492,2024-06-27,Service Plan,4,54.99,219.96,Maria Garcia
ORD22500,2024-06-17,Widget B,4,21.99,87.96,Fatima Khan
ORD22502,2024-07-18,Widget B,8,1999.0,15992.0,John Hussain
ORD22520,2024-09-22,Gadget X,6,7.0,42.0,Zain Reyes
ORD22524,2024-06-17,Gadget Y,9,5.49,49.41,Hassan Ahmed
ORD22531,2024-11-15,Gadget X,5,770.0,3850.0,Zain Khan
ORD22531,2024-11-17,Service Plan,1,49.99,49.99,Noor Ahmed
ORD22537,2024-10-25,Service Plan,2,49.99,99.98,Zain Smith
ORD22551,2024-10-11,Widget B,10,19.99,199.9,Sara Garcia
ORD22562,2024-10-10,Gadget X,9,7.0,63.0,Hassan Garcia
ORD22569,2024-12-25,Service Plan,1,44.99,44.99,Hassan Reyes
ORD22572,2024-08-15,Service Plan,8,49.99,399.92,Hassan Patel
ORD22581,2024-10-29,Service Plan,9,54.99,494.91,Maria Reyes
ORD22581,2024-12-13,Gadget Y,10,6.04,60.39,Omar Khan
ORD22583,2024-12-07,Widget B,10,19.99,199.9,Omar Smith
ORD22587,2024-10-27,Widget A,1,11.25,11.25,Hassan Iqbal
ORD22605,2024-12-15,Service Plan,2,54.0,108.0,Maria Lee
ORD22608,2024-08-28,Widget B,8,2199.0,17592.0,Sara Chen
ORD22630,2024-12-12,Gadget X,1,7.7,7.7,Omar Reyes
ORD22645,2024-10-30,Gadget X,6,7.0,42.0,John Chen
ORD22659,2024-12-18,Service Plan,5,49.99,249.95,Hassan Lee
ORD22661,2024-10-07,Service Plan,6,49.99,299.94,Ali Ahmed
ORD22677,2024-07-06,Service Plan,3,44.99,134.97,Noor Khan
ORD22682,2024-09-11,Widget B,7,19.99,139.93,Fatima Lee
ORD22687,2024-06-24,Widget B,9,19.0,171.0,John Garcia
ORD22689,2024-06-13,Gadget X,7,630.0,4410.0,Ayesha Smith
ORD22699,2024-12-30,Widget B,10,19.99,199.9,Ali Ahmed
ORD22700,2024-10-09,Widget A,3,13.0,39.0,John Lee
ORD22707,2024-06-20,Gadget Y,2,604.0,1208.0,Maria Lee
ORD22725,2024-11-09,Widget B,4,19.99,79.96,Ali Hussain
ORD22726,2024-07-20,Widget B,2,19.99,39.98,Ayesha Smith
ORD22729,2024-06-26,Widget B,9,21.99,197.91,Omar Ahmed
ORD22738,2024-07-03,Widget A,2,1250.0,2500.0,Maria Khan
ORD22739,2024-12-21,Gadget Y,5,5.49,27.45,Hassan Hussain
ORD22745,2024-09-27,Service Plan,2,49.99,99.0,Maria Chen
ORD22750,2024-10-03,Widget A,9,1250.0,11250.0,John Garcia
ORD22752,2024-09-25,Service Plan,3,44.0,132.0,Ayesha Ahmed
ORD22753,2024-09-08,Widget B,6,21.99,131.0,Omar Chen
ORD22763,2024-07-31,Gadget Y,8,5.49,43.92,Ali Hussain
ORD22763,2024-08-24,Gadget Y,9,5.49,49.0,Fatima Patel
ORD22763,2024-12-18,Gadget X,1,630.0,630.0,Omar Reyes
ORD22765,2024-12-27,Widget B,8,21.99,175.92,Fatima Reyes
ORD22776,2024-10-18,Gadget X,4,630.0,2520.0,Noor Hussain
ORD22780,2024-08-11,Service Plan,1,49.99,49.99,Ayesha Lee
ORD22780,2024-10-02,Gadget X,8,7.0,56.0,Hassan Chen
ORD22793,2024-12-13,Gadget X,5,6.3,31.5,Ali Lee
ORD22803,2024-09-20,Widget B,2,19.99,39.98,Ali Garcia
ORD22813,2024-10-28,Gadget X,1,7.0,7.0,Zain Ahmed
ORD22827,2024-10-05,Gadget X,7,6.3,44.1,John Ahmed
ORD22851,2024-09-29,Service Plan,8,4499.0,35992.0,Ali Khan
ORD22857,2024-12-06,Gadget Y,10,4.0,40.0,Ayesha Ahmed
ORD22905,2024-11-07,Gadget X,1,7.0,7.0,John Ahmed
ORD22919,2024-09-20,Widget A,2,12.5,25.0,Omar Khan
ORD22928,2024-11-08,Service Plan,6,49.99,299.94,Omar Chen
ORD22939,2024-07-08,Widget B,3,21.0,63.0,Sara Garcia
ORD22948,2024-12-14,Service Plan,8,49.99,399.92,Ayesha Smith
ORD22954,2024-09-08,Service Plan,5,5499.0,27495.0,Zain Patel
ORD22966,2024-08-28,Service Plan,9,44.99,404.0,Maria Chen
ORD22974,2024-11-14,Gadget Y,4,6.04,24.16,Noor Hussain
ORD22981,2024-07-31,Gadget Y,8,6.0,48.31,Ayesha Smith
ORD22990,2024-09-08,Service Plan,2,49.99,99.98,Zain Smith
ORD22999,2024-12-21,Widget A,9,12.0,108.0,Omar Iqbal
ORD23005,2024-06-23,Widget A,2,12.5,25.0,Zain Ahmed
ORD23012,2024-06-09,Widget B,7,17.99,125.93,Maria Khan
ORD23049,2024-06-02,Gadget Y,1,494.0,494.0,John Smith
ORD23051,2024-10-31,Gadget X,1,6.0,6.0,Sara Reyes
ORD23071,2024-08-12,Widget A,4,12.5,50.0,Ayesha Hussain
ORD23083,2024-09-18,Gadget X,5,6.3,31.0,Sara Chen
ORD23096,2024-06-24,Gadget X,9,7.0,63.0,Zain Khan
ORD23104,2024-06-19,Service Plan,4,44.99,179.96,John Smith
ORD23116,2024-10-07,Gadget X,5,6.3,31.5,Hassan Hussain
ORD23124,2024-02-08,Widget B,5,21.99,109.95,Zain Chen
ORD23133,2024-06-28,Service Plan,2,49.0,99.0,Noor Patel
ORD23134,2024-07-18,Gadget X,5,7.0,35.0,Fatima Patel
ORD23142,2024-05-10,Widget A,9,13.0,117.0,Ayesha Garcia
ORD23146,2024-12-12,Widget A,2,11.25,22.5,Ali Reyes
ORD23160,2024-07-07,Widget B,1,21.0,21.0,Fatima Reyes
ORD23163,2024-07-16,Widget A,9,11.25,101.25,Fatima Patel
ORD23163,2024-09-12,Gadget X,1,700.0,700.0,Maria Chen
ORD23163,2024-12-29,Widget B,3,19.0,57.0,Ali Ahmed
ORD23170,2024-12-05,Widget A,10,11.25,112.5,Omar Smith
ORD23180,2024-06-27,Service Plan,6,54.0,329.93,Fatima Reyes
ORD23192,2024-09-20,Widget A,7,13.75,96.25,Hassan Hussain
ORD23199,2024-07-12,Gadget Y,6,5.49,32.94,Fatima Iqbal
ORD23217,2024-06-19,Gadget X,6,7.7,46.2,Ali Reyes
ORD23229,2024-06-09,Widget B,10,1999.0,19990.0,Ayesha Smith
ORD23244,2024-09-20,Widget B,10,21.99,219.89,Omar Patel
ORD23252,2024-10-21,Gadget Y,4,5.49,21.96,John Chen
ORD23254,2024-06-19,Widget B,10,1999.0,19990.0,John Hussain
ORD23257,2024-09-06,Gadget X,6,7.0,42.0,Sara Smith
ORD23260,2024-08-31,Widget B,1,19.99,19.99,John Garcia
ORD23262,2024-08-26,Gadget X,8,6.3,50.0,Ali Garcia
ORD23269,2024-10-25,Gadget Y,2,4.94,9.88,Ayesha Iqbal
ORD23275,2024-06-13,Service Plan,10,49.0,490.0,Noor Chen
ORD23277,2024-09-07,Widget B,7,17.0,119.0,Zain Lee
ORD23285,2024-11-14,Gadget Y,6,5.49,32.94,Maria Garcia
ORD23291,2024-09-12,Widget A,9,12.5,112.5,Maria Khan
ORD23345,2024-06-21,Gadget Y,9,6.0,54.35,Sara Patel
ORD23352,2024-12-28,Service Plan,1,4499.0,4499.0,Fatima Chen
ORD23359,2024-07-20,Service Plan,7,49.0,343.0,Ali Garcia
ORD23379,2024-07-18,Gadget X,9,7.0,63.0,John Ahmed
ORD23385,2024-09-03,Gadget Y,9,5.49,49.41,Maria Patel
ORD23402,2024-10-12,Widget B,4,1999.0,7996.0,Sara Reyes
ORD23408,2024-08-08,Widget A,7,12.0,84.0,Fatima Lee
ORD23410,2024-10-08,Service Plan,9,54.99,494.91,Maria Reyes
ORD23443,2024-10-25,Gadget X,1,7.0,7.0,Zain Smith
ORD23453,2024-08-27,Gadget X,7,7.0,49.0,Fatima Ahmed
ORD23459,2024-12-18,Gadget X,10,7.0,70.0,Hassan Lee
ORD23469,2024-08-14,Widget A,9,12.5,112.5,Fatima Iqbal
ORD23475,2024-09-20,Widget A,5,12.5,62.0,Hassan Iqbal
ORD23483,2024-07-27,Widget A,4,1125.0,4500.0,Ayesha Ahmed
ORD23489,2024-12-23,Service Plan,1,4999.0,4999.0,Fatima Smith
ORD23491,2024-09-12,Widget A,6,11.25,67.5,Omar Lee
ORD23508,2024-11-27,Service Plan,10,49.99,499.9,John Lee
ORD23514,2024-12-30,Widget B,7,19.99,139.93,Noor Lee
ORD23519,2024-09-04,Gadget Y,9,5.49,49.0,Omar Reyes
ORD23527,2024-11-11,Widget B,9,21.99,197.9,Zain Lee
ORD23534,2024-06-27,Gadget Y,2,5.0,10.0,Fatima Hussain
ORD23554,2024-06-09,Gadget X,3,7.0,21.0,Ayesha Chen
ORD23554,2024-12-17,Gadget X,5,7.0,35.0,Sara Patel
ORD23570,2024-03-06,Service Plan,5,49.99,249.95,Maria Iqbal
ORD23579,2024-09-30,Widget A,9,1375.0,12375.0,Ayesha Chen
ORD23583,2024-09-20,Widget B,3,17.99,53.97,Noor Chen
ORD23588,2024-08-17,Widget B,10,19.0,190.0,Maria Lee
ORD23591,2024-08-11,Widget B,1,19.99,19.99,Fatima Khan
ORD23593,2024-07-15,Gadget Y,5,5.0,25.0,Zain Ahmed
ORD23600,2024-09-25,Widget B,10,1999.0,19990.0,Ayesha Chen
ORD23603,2024-12-14,Gadget X,8,6.0,48.0,Zain Ahmed
ORD23611,2024-06-19,Service Plan,4,49.99,199.96,Ayesha Khan
ORD23619,2024-06-07,Gadget X,10,7.0,70.0,Fatima Garcia
ORD23621,2024-07-23,Service Plan,7,49.99,349.93,Ali Ahmed
ORD23621,2024-08-09,Gadget Y,6,5.49,32.94,Hassan Hussain
ORD23621,2024-08-25,Gadget X,2,7.0,14.0,Maria Khan
ORD23637,2024-09-12,Gadget X,7,700.0,4900.0,Noor Khan
ORD23644,2024-06-13,Gadget Y,10,5.0,50.0,Fatima Lee
ORD23659,2024-12-18,Widget B,1,21.99,21.99,Ayesha Garcia
ORD23680,2024-12-15,Widget B,1,17.99,17.99,Maria Reyes
ORD23684,2024-11-06,Widget A,5,11.0,55.0,Maria Khan
ORD23686,2024-12-20,Widget A,4,12.0,48.0,Omar Reyes
ORD23687,2024-10-15,Service Plan,7,4499.0,31493.0,Fatima Garcia
ORD23714,2024-08-19,Widget A,5,12.5,62.5,Maria Garcia
ORD23738,2024-11-09,Gadget Y,2,4.94,9.88,John Khan
ORD23744,2024-09-21,Widget A,7,13.75,96.25,Omar Patel
ORD23781,2024-07-06,Widget A,1,13.75,13.75,Hassan Lee
ORD23790,2024-08-07,Gadget X,10,700.0,7000.0,Maria Garcia
ORD23791,2024-09-23,Gadget X,10,7.7,77.0,Fatima Ahmed
ORD23799,2024-09-04,Service Plan,3,49.99,149.97,Ali Garcia
ORD23810,2024-09-22,Gadget Y,10,5.49,54.0,Noor Lee
ORD23810,2024-10-29,Widget A,2,12.5,25.0,Sara Reyes
ORD23814,2024-08-19,Widget B,1,19.0,19.0,Ali Hussain
ORD23825,2024-06-11,Service Plan,4,4999.0,19996.0,Hassan Garcia
ORD23830,2024-07-24,Service Plan,10,49.99,499.9,Ayesha Iqbal
ORD23831,2024-09-20,Gadget Y,3,5.0,15.0,Sara Smith
ORD23846,2024-12-01,Widget B,1,19.0,19.0,Ayesha Ahmed
ORD23851,2024-09-08,Widget B,9,17.99,161.91,Sara Chen
ORD23852,2024-12-28,Widget B,1,19.99,19.99,Ali Lee
ORD23870,2024-12-03,Widget A,4,13.75,55.0,Fatima Smith
ORD23891,2024-12-12,Gadget X,8,700.0,5600.0,Omar Iqbal
ORD23898,2024-02-06,Widget B,10,21.99,219.9,Ali Patel
ORD23898,2024-06-01,Widget A,7,13.75,96.25,Maria Lee
ORD23899,2024-06-02,Widget B,5,17.0,85.0,Ali Khan
ORD23910,2024-09-19,Gadget Y,7,5.49,38.43,Omar Iqbal
ORD23911,2024-10-06,Service Plan,6,4999.0,29994.0,John Patel
ORD23918,2024-11-08,Gadget Y,1,5.0,5.0,Zain Reyes
ORD23921,2024-10-22,Gadget Y,6,549.0,3294.0,Maria Khan
ORD23928,2024-08-25,Gadget X,9,7.0,63.0,Fatima Patel
ORD23941,2024-04-07,Service Plan,2,49.99,99.98,Sara Chen
ORD23943,2024-11-11,Service Plan,8,54.99,439.91,Hassan Reyes
ORD23949,2024-07-28,Gadget Y,3,5.49,16.47,John Lee
ORD23958,2024-12-28,Widget B,9,19.99,179.91,Sara Chen
ORD23965,2024-07-10,Gadget X,7,7.0,49.0,Ali Ahmed
ORD23970,2024-10-15,Widget A,1,12.5,12.5,Ali Ahmed
ORD23975,2024-08-14,Widget B,1,1999.0,1999.0,Zain Lee
ORD23982,2024-08-09,Widget A,4,1250.0,5000.0,Ayesha Iqbal
ORD23983,2024-08-30,Widget B,2,19.99,39.98,John Hussain
ORD23989,2024-12-08,Widget B,4,17.99,71.96,Maria Reyes
ORD23990,2024-11-28,Widget A,3,12.5,37.5,Maria Hussain
ORD23999,2024-08-18,Widget B,8,2199.0,17592.0,Noor Lee
ORD24015,2024-07-09,Service Plan,1,49.99,49.99,Zain Iqbal
ORD24021,2024-11-22,Widget B,8,17.99,143.92,Fatima Iqbal
ORD24026,2024-12-26,Gadget X,6,7.0,42.0,Maria Hussain
ORD24031,2024-08-02,Widget A,3,12.5,37.5,Maria Patel
ORD24033,2024-08-03,Gadget X,3,7.0,21.0,Noor Patel
ORD24040,2024-12-22,Gadget Y,5,4.0,20.0,Omar Garcia
ORD24052,2024-08-09,Service Plan,2,49.99,99.98,John Khan
ORD24053,2024-11-25,Widget A,8,12.5,100.0,Maria Iqbal
ORD24063,2024-11-05,Service Plan,1,49.0,49.0,Omar Chen
ORD24065,2024-10-26,Service Plan,6,44.99,269.95,Ayesha Khan
ORD24073,2024-08-05,Gadget Y,6,5.49,32.94,Hassan Ahmed
ORD24093,2024-08-23,Gadget X,4,700.0,2800.0,Omar Reyes
ORD24112,2024-08-27,Gadget X,7,700.0,4900.0,Zain Hussain
ORD24116,2024-10-18,Gadget Y,3,5.49,16.47,Sara Iqbal
ORD24127,2024-06-05,Gadget X,4,7.7,30.8,Zain Khan
ORD24146,2024-08-17,Gadget X,8,7.0,56.0,Ayesha Khan
ORD24150,2024-07-04,Widget B,1,21.99,21.99,Omar Chen
ORD24153,2024-11-21,Widget B,5,21.99,109.95,Zain Patel
ORD24156,2024-06-27,Widget A,10,12.5,125.0,John Hussain
ORD24156,2024-07-03,Gadget Y,7,4.94,34.59,Noor Hussain
ORD24166,2024-09-30,Gadget Y,7,549.0,3843.0,Ali Ahmed
ORD24168,2024-09-06,Widget A,8,1250.0,10000.0,Ayesha Khan
ORD24191,2024-11-28,Service Plan,4,4999.0,19996.0,Maria Hussain
ORD24196,2024-11-10,Gadget Y,2,4.94,9.88,Ayesha Patel
ORD24211,2024-03-12,Widget A,4,13.75,55.0,Ayesha Chen
ORD24214,2024-07-10,Gadget Y,9,5.0,45.0,Zain Reyes
ORD24219,2024-06-02,Gadget X,1,7.0,7.0,John Chen
ORD24224,2024-09-18,Widget A,2,12.5,25.0,Noor Hussain
ORD24232,2024-11-28,Service Plan,8,5499.0,43992.0,John Ahmed
ORD24243,2024-08-14,Widget A,5,1125.0,5625.0,Fatima Smith
ORD24243,2024-11-23,Gadget X,10,630.0,6300.0,Sara Chen
ORD24249,2024-12-13,Widget B,4,19.99,79.96,Noor Lee
ORD24250,2024-11-26,Service Plan,4,44.99,179.0,Hassan Chen
ORD24253,2024-11-23,Service Plan,7,49.99,349.93,Noor Khan
ORD24267,2024-08-26,Widget A,8,12.5,100.0,Fatima Reyes
ORD24280,2024-11-12,Gadget X,6,7.0,42.0,Fatima Patel
ORD24293,2024-07-13,Widget A,8,12.5,100.0,Sara Ahmed
ORD24311,2024-11-01,Widget A,6,12.5,75.0,Zain Reyes
ORD24312,2024-11-10,Gadget Y,5,5.0,25.0,Omar Hussain
ORD24314,2024-06-09,Widget A,5,13.75,68.75,Zain Lee
ORD24314,2024-12-26,Widget A,6,1250.0,7500.0,Ali Patel
ORD24321,2024-11-22,Widget A,10,12.0,120.0,Maria Chen
ORD24338,2024-10-05,Widget A,3,1250.0,3750.0,Fatima Smith
ORD24345,2024-11-19,Gadget Y,4,5.0,20.0,Fatima Hussain
ORD24351,2024-12-07,Gadget Y,1,4.94,4.94,Noor Chen
ORD24367,2024-11-21,Widget B,5,19.99,99.95,Ali Khan
ORD24371,2024-10-09,Widget B,9,19.99,179.91,John Garcia
ORD24390,2024-02-07,Gadget X,5,770.0,3850.0,Ayesha Ahmed
ORD24393,2024-09-28,Widget A,4,1375.0,5500.0,Zain Ahmed
ORD24405,2024-07-18,Widget B,9,19.0,171.0,Fatima Iqbal
ORD24405,2024-10-27,Widget A,8,13.75,110.0,Maria Hussain
ORD24406,2024-06-17,Gadget X,5,7.0,35.0,Zain Patel
ORD24426,2024-10-17,Gadget Y,2,5.49,10.98,Maria Ahmed
ORD24429,2024-11-14,Gadget X,10,7.0,70.0,Noor Lee
ORD24444,2024-08-01,Widget A,8,12.5,100.0,Sara Chen
ORD24483,2024-07-31,Gadget X,10,630.0,6300.0,Maria Patel
ORD24490,2024-08-24,Gadget Y,6,6.04,36.24,Sara Khan
ORD24500,2024-10-25,Gadget X,3,7.0,21.0,Omar Patel
ORD24505,2024-07-19,Gadget X,1,7.0,7.0,Fatima Garcia
ORD24513,2024-07-18,Service Plan,7,44.99,314.93,Sara Khan
ORD24515,2024-12-23,Widget A,1,12.5,12.5,Ayesha Ahmed
ORD24523,2024-06-07,Gadget Y,4,5.0,20.0,John Khan
ORD24530,2024-06-19,Gadget X,2,7.0,14.0,Hassan Lee
ORD24531,2024-09-06,Widget B,4,19.99,79.96,Sara Iqbal
ORD24544,2024-12-05,Widget B,1,19.99,19.99,Noor Reyes
ORD24564,2024-08-29,Gadget Y,6,4.0,24.0,Hassan Chen
ORD24566,2024-07-01,Service Plan,5,49.0,245.0,Zain Smith
ORD24570,2024-07-06,Service Plan,2,54.99,109.98,Maria Patel
ORD24582,2024-06-21,Widget A,7,13.75,96.25,John Khan
ORD24614,2024-06-05,Gadget X,5,7.0,35.0,Noor Lee
ORD24625,2024-07-07,Service Plan,7,49.99,349.93,Maria Lee
ORD24638,2024-11-16,Gadget Y,5,5.49,27.45,Sara Reyes
ORD24652,2024-06-25,Gadget X,4,6.0,24.0,John Iqbal
ORD24662,2024-12-30,Gadget Y,2,4.94,9.88,Ayesha Khan
ORD24676,2024-06-03,Widget A,7,1250.0,8750.0,Sara Iqbal
ORD24676,2024-11-14,Widget A,3,11.25,33.75,Sara Ahmed
ORD24684,2024-09-11,Widget B,7,19.99,139.93,John Iqbal
ORD24688,2024-10-07,Gadget Y,4,4.94,19.76,Maria Patel
ORD24723,2024-08-17,Widget A,10,13.75,137.5,Sara Patel
ORD24726,2024-10-31,Widget A,8,12.5,100.0,John Smith
ORD24727,2024-08-26,Gadget Y,2,5.49,10.98,John Iqbal
ORD24733,2024-09-30,Gadget Y,7,4.94,34.0,John Smith
ORD24743,2024-09-14,Service Plan,5,49.99,249.95,Ali Chen
ORD24790,2024-06-09,Gadget Y,10,5.49,54.0,Noor Khan
ORD24793,2024-11-19,Gadget X,10,6.0,60.0,Sara Chen
ORD24818,2024-07-04,Widget A,3,12.0,36.0,Hassan Patel
ORD24821,2024-08-23,Widget B,6,1799.0,10795.0,Fatima Hussain
ORD24832,2024-10-22,Gadget Y,7,4.94,34.59,Ayesha Smith
ORD24837,2024-09-18,Gadget X,2,6.3,12.6,Sara Iqbal
ORD24838,2024-06-24,Widget B,10,17.99,179.0,Hassan Lee
ORD24853,2024-06-24,Widget A,5,12.5,62.5,John Hussain
ORD24857,2024-07-24,Service Plan,3,49.99,149.97,Sara Khan
ORD24863,2024-08-23,Service Plan,2,49.99,99.98,John Patel
ORD24869,2024-06-07,Widget B,8,17.99,143.92,Fatima Lee
ORD24869,2024-10-02,Service Plan,1,49.99,49.99,Zain Lee
ORD24871,2024-09-27,Widget A,3,13.75,41.0,Fatima Reyes
ORD24879,2024-11-06,Widget B,6,19.99,119.94,Zain Chen
ORD24880,2024-06-25,Gadget Y,9,5.49,49.0,Sara Iqbal
ORD24896,2024-12-08,Widget A,8,13.75,110.0,Ayesha Patel
ORD24896,2024-12-10,Gadget Y,3,549.0,1647.0,Omar Patel
ORD24899,2024-03-08,Widget A,9,13.75,123.75,Ali Smith
ORD24906,2024-12-25,Widget B,1,19.99,19.99,John Iqbal
ORD24908,2024-07-05,Service Plan,7,49.99,349.93,Maria Iqbal
ORD24918,2024-12-21,Widget B,4,19.99,79.96,Omar Iqbal
ORD24920,2024-08-23,Gadget Y,9,4.0,36.0,Noor Reyes
ORD24937,2024-12-27,Widget B,10,21.99,219.89,Fatima Reyes
ORD24946,2024-07-16,Widget B,3,19.99,59.97,Ayesha Smith
ORD24957,2024-07-17,Service Plan,1,44.0,44.0,Maria Smith
ORD24960,2024-06-05,Gadget X,2,7.0,14.0,Omar Khan
ORD24962,2024-10-26,Gadget Y,8,549.0,4392.0,Fatima Chen
ORD24964,2024-09-24,Widget A,3,11.25,33.75,Fatima Chen
ORD24986,2024-08-21,Gadget X,1,7.7,7.7,Omar Khan
ORD25005,2024-07-20,Gadget Y,5,5.49,27.45,Omar Hussain
ORD25008,2024-06-09,Widget B,2,17.99,35.98,Noor Smith
ORD25010,2024-12-18,Gadget X,7,7.0,49.0,Sara Ahmed
ORD25012,2024-12-23,Gadget X,3,6.0,18.0,Ali Patel
ORD25022,2024-09-12,Service Plan,4,49.99,199.96,Sara Lee
ORD25033,2024-12-31,Service Plan,2,49.0,98.0,Ali Patel
ORD25050,2024-06-11,Gadget X,9,7.0,63.0,Ali Khan
ORD25050,2024-09-14,Service Plan,3,49.0,147.0,Hassan Chen
ORD25054,2024-06-27,Gadget X,2,7.0,14.0,Ayesha Hussain
ORD25076,2024-07-30,Widget B,5,1999.0,9995.0,Maria Iqbal
ORD25076,2024-12-20,Gadget X,6,6.3,37.8,Ali Patel
ORD25090,2024-11-30,Gadget X,1,630.0,630.0,Ali Lee
ORD25095,2024-07-08,Gadget Y,1,5.49,5.49,Omar Reyes
ORD25095,2024-11-03,Widget A,2,12.5,25.0,Sara Patel
ORD25108,2024-06-13,Widget B,6,21.99,131.93,Ali Khan
ORD25112,2024-11-13,Gadget X,5,6.3,31.5,Ayesha Patel
ORD25117,2024-07-29,Service Plan,1,49.99,49.99,Omar Smith
ORD25126,2024-11-18,Widget B,2,19.0,38.0,Omar Patel
ORD25141,2024-09-20,Gadget X,10,7.0,70.0,Sara Chen
ORD25169,2024-12-02,Widget B,10,1999.0,19990.0,John Garcia
ORD25174,2024-06-14,Gadget Y,9,604.0,5435.0,Ali Lee
ORD25178,2024-06-22,Gadget Y,4,4.94,19.76,Ayesha Khan
ORD25179,2024-08-24,Widget B,6,19.99,119.94,Zain Chen
ORD25180,2024-07-16,Gadget Y,6,5.49,32.94,Fatima Patel
ORD25195,2024-07-19,Gadget Y,6,5.49,32.94,Ayesha Patel
ORD25208,2024-08-19,Service Plan,3,49.99,149.97,Ali Khan
ORD25229,2024-11-23,Gadget Y,2,549.0,1098.0,Omar Ahmed
ORD25234,2024-09-14,Widget B,7,21.99,153.92,John Ahmed
ORD25251,2024-08-19,Widget B,9,21.99,197.91,Ayesha Ahmed
ORD25260,2024-08-07,Gadget Y,5,6.04,30.2,Fatima Khan
ORD25267,2024-06-13,Gadget Y,10,604.0,6039.0,Noor Lee
ORD25284,2024-12-09,Service Plan,1,49.99,49.99,Ali Ahmed
ORD25289,2024-07-23,Widget A,5,1250.0,6250.0,John Reyes
ORD25291,2024-11-26,Widget A,7,11.25,78.75,Omar Reyes
ORD25296,2024-07-24,Service Plan,9,54.99,494.9,Zain Lee
ORD25302,2024-08-22,Service Plan,1,44.99,44.99,Maria Khan
ORD25306,2024-09-26,Service Plan,2,49.99,99.98,Zain Garcia
ORD25309,2024-12-23,Widget B,2,2199.0,4398.0,Ayesha Smith
ORD25313,2024-11-05,Gadget Y,3,4.94,14.82,Ayesha Ahmed
ORD25336,2024-12-23,Service Plan,5,4499.0,22495.0,Noor Reyes
ORD25361,2024-04-08,Widget B,5,1999.0,9995.0,Omar Patel
ORD25374,2024-08-01,Service Plan,7,5499.0,38493.0,Maria Chen
ORD25381,2024-12-31,Gadget X,4,6.3,25.0,Ali Garcia
ORD25385,2024-12-25,Gadget Y,1,5.49,5.49,Zain Reyes
ORD25390,2024-11-09,Widget A,7,12.0,84.0,Noor Ahmed
ORD25392,2024-12-19,Widget B,4,1999.0,7996.0,Ali Reyes
ORD25401,2024-10-14,Widget A,10,12.5,125.0,John Khan
ORD25406,2024-12-26,Gadget Y,4,4.0,16.0,Noor Reyes
ORD25420,2024-11-17,Widget B,3,21.99,65.97,Ali Lee
ORD25420,2024-12-13,Service Plan,2,49.99,99.98,John Patel
ORD25421,2024-08-19,Service Plan,4,54.0,219.0,John Khan
ORD25423,2024-07-13,Gadget Y,9,4.94,44.47,John Patel
ORD25433,2024-07-19,Service Plan,10,49.99,499.9,Omar Patel
ORD25433,2024-09-26,Service Plan,6,44.99,269.94,Hassan Hussain
ORD25464,2024-11-13,Widget B,10,19.99,199.9,Zain Smith
ORD25467,2024-11-18,Widget B,6,1999.0,11994.0,Hassan Ahmed
ORD25473,2024-11-09,Gadget X,8,7.0,56.0,Ali Reyes
ORD25482,2024-12-20,Widget A,6,12.0,72.0,John Chen
ORD25501,2024-11-05,Gadget X,6,7.0,42.0,Omar Iqbal
ORD25504,2024-09-01,Service Plan,6,49.99,299.94,Zain Khan
ORD25516,2024-12-31,Service Plan,4,49.0,199.0,Ali Khan
ORD25532,2024-09-29,Widget A,9,1375.0,12375.0,Fatima Ahmed
ORD25542,2024-07-20,Widget A,1,11.25,11.25,Fatima Ahmed
ORD25554,2024-08-16,Gadget Y,3,6.04,18.12,Ayesha Khan
ORD25578,2024-07-13,Widget B,4,21.99,87.96,John Reyes
ORD25593,2024-08-28,Widget A,2,12.5,25.0,Hassan Ahmed
ORD25596,2024-11-24,Gadget X,2,770.0,1540.0,Zain Lee
ORD25599,2024-08-31,Widget A,6,12.5,75.0,Sara Lee
ORD25603,2024-09-01,Gadget X,4,6.3,25.2,Ayesha Iqbal
ORD25611,2024-10-17,Widget A,3,1125.0,3375.0,Sara Hussain
ORD25628,2024-10-31,Widget B,9,1799.0,16191.0,Sara Hussain
ORD25631,2024-06-20,Gadget X,7,7.0,49.0,Ayesha Khan
ORD25632,2024-10-10,Gadget Y,2,604.0,1208.0,Zain Garcia
ORD25639,2024-12-24,Gadget Y,9,5.49,49.41,Fatima Iqbal
ORD25646,2024-10-26,Service Plan,2,44.99,89.98,Zain Patel
ORD25647,2024-06-06,Gadget Y,3,4.94,14.82,Hassan Reyes
ORD25648,2024-08-22,Service Plan,10,4999.0,49990.0,John Patel
ORD25663,2024-08-24,Widget A,2,13.0,26.0,Hassan Hussain
ORD25663,2024-11-21,Widget B,7,1999.0,13993.0,Omar Iqbal
ORD25675,2024-11-14,Widget B,6,21.99,131.93,Maria Khan
ORD25678,2024-09-02,Widget A,1,12.0,12.0,Sara Garcia
ORD25687,2024-10-17,Widget A,6,11.25,67.5,Ayesha Garcia
ORD25701,2024-10-07,Widget B,2,2199.0,4398.0,Sara Chen
ORD25703,2024-06-03,Widget B,9,1999.0,17991.0,Maria Hussain
ORD25712,2024-06-21,Gadget Y,10,5.49,54.9,Noor Hussain
ORD25724,2024-08-01,Service Plan,10,54.99,549.0,Noor Smith
ORD25726,2024-11-09,Widget B,2,21.99,43.98,Ayesha Lee
ORD25730,2024-09-13,Service Plan,2,44.0,88.0,Noor Hussain
ORD25732,2024-12-07,Widget A,6,12.5,75.0,Ayesha Chen
ORD25737,2024-11-17,Gadget X,3,630.0,1890.0,Hassan Khan
ORD25744,2024-06-04,Service Plan,7,49.0,343.0,Fatima Chen
ORD25744,2024-10-13,Service Plan,9,49.99,449.91,Fatima Chen
ORD25753,2024-04-08,Widget B,5,21.99,109.95,Zain Garcia
ORD25763,2024-08-12,Service Plan,4,44.0,176.0,Fatima Smith
ORD25766,2024-09-17,Widget B,5,21.99,109.0,Fatima Iqbal
ORD25784,2024-07-17,Widget B,1,19.99,19.99,Maria Iqbal
ORD25793,2024-08-28,Widget B,9,19.99,179.91,Noor Hussain
ORD25794,2024-07-05,Gadget Y,5,6.04,30.2,Sara Patel
ORD25802,2024-09-20,Gadget X,10,7.0,70.0,Omar Iqbal
ORD25804,2024-09-30,Widget A,2,1250.0,2500.0,John Iqbal
ORD25809,2024-08-09,Widget A,3,12.5,37.5,Hassan Smith
ORD25809,2024-09-04,Gadget Y,2,6.04,12.08,Maria Iqbal
ORD25818,2024-06-08,Service Plan,2,44.99,89.98,Sara Garcia
ORD25829,2024-08-16,Gadget Y,2,604.0,1208.0,Sara Khan
ORD25844,2024-12-12,Gadget Y,3,5.49,16.47,Omar Khan
ORD25856,2024-07-11,Widget A,6,12.5,75.0,Sara Smith
ORD25871,2024-06-23,Gadget Y,5,5.49,27.45,Noor Lee
ORD25875,2024-09-17,Widget A,4,12.5,50.0,Hassan Reyes
ORD25894,2024-08-02,Gadget Y,1,4.94,4.94,Ali Garcia
ORD25896,2024-09-16,Widget A,6,12.5,75.0,Sara Chen
ORD25897,2024-06-27,Gadget Y,2,5.49,10.98,Sara Iqbal
ORD25910,2024-10-27,Gadget Y,8,5.49,43.92,Maria Khan
ORD25917,2024-12-07,Service Plan,9,49.99,449.0,Hassan Lee
ORD25926,2024-12-21,Gadget X,4,7.0,28.0,Maria Chen
ORD25928,2024-08-09,Widget B,8,21.99,175.92,Ayesha Khan
ORD25930,2024-07-02,Service Plan,4,44.99,179.96,John Smith
ORD25943,2024-05-08,Gadget X,2,6.3,12.6,Hassan Ahmed
ORD25952,2024-10-24,Service Plan,6,49.99,299.94,Maria Iqbal
ORD25961,2024-11-16,Widget A,3,13.75,41.25,Zain Khan
ORD25982,2024-10-13,Widget B,5,17.99,89.0,Zain Hussain
ORD26008,2024-08-08,Gadget X,1,7.0,7.0,Zain Khan
ORD26009,2024-08-29,Service Plan,6,44.99,269.95,Maria Chen
ORD26011,2024-12-28,Gadget Y,2,5.49,10.98,Ayesha Smith
ORD26012,2024-12-16,Widget B,5,21.99,109.95,Noor Khan
ORD26016,2024-10-19,Service Plan,7,54.99,384.93,Ayesha Ahmed
ORD26027,2024-11-12,Service Plan,4,54.0,216.0,Omar Iqbal
ORD26047,2024-09-10,Gadget X,9,7.7,69.3,Noor Patel
ORD26050,2024-11-05,Service Plan,1,49.0,49.0,Maria Ahmed
ORD26072,2024-08-20,Service Plan,10,49.99,499.0,Omar Khan
ORD26072,2024-10-22,Service Plan,7,44.99,314.94,Noor Khan
ORD26085,2024-07-22,Widget B,6,21.99,131.94,Sara Garcia
ORD26099,2024-08-20,Gadget Y,6,4.0,24.0,Sara Smith
ORD26117,2024-12-10,Gadget X,10,6.0,60.0,Zain Iqbal
ORD26118,2024-12-30,Widget B,9,19.99,179.91,Maria Garcia
ORD26125,2024-08-24,Widget B,6,19.99,119.94,Omar Chen
ORD26142,2024-10-29,Gadget Y,6,6.04,36.23,Ayesha Chen
ORD26143,2024-06-17,Service Plan,6,49.0,294.0,Hassan Lee
ORD26173,2024-09-21,Gadget X,9,7.0,63.0,Omar Iqbal
ORD26180,2024-10-23,Gadget Y,6,5.49,32.94,Omar Reyes
ORD26182,2024-08-10,Service Plan,8,49.99,399.92,Hassan Lee
ORD26187,2024-07-15,Service Plan,5,44.99,224.95,John Chen
ORD26188,2024-07-10,Service Plan,3,49.99,149.97,Sara Chen
ORD26190,2024-11-29,Gadget X,1,700.0,700.0,Omar Lee
ORD26193,2024-10-23,Gadget Y,1,5.49,5.49,Noor Reyes
ORD26213,2024-12-29,Service Plan,7,54.99,384.0,Fatima Garcia
ORD26223,2024-10-18,Widget A,10,12.5,125.0,Omar Hussain
ORD26225,2024-11-02,Widget B,10,19.99,199.9,Noor Hussain
ORD26228,2024-07-16,Widget B,7,19.99,139.93,Ali Lee
ORD26250,2024-12-06,Widget B,5,19.99,99.95,Hassan Patel
ORD26296,2024-07-10,Widget B,9,19.99,179.91,Ali Khan
ORD26302,2024-11-09,Widget A,6,12.5,75.0,Ali Garcia
ORD26327,2024-03-11,Service Plan,8,44.99,359.92,Hassan Lee
ORD26335,2024-11-19,Widget A,3,1250.0,3750.0,Noor Reyes
ORD26342,2024-08-10,Widget A,6,12.0,72.0,Ali Khan
ORD26343,2024-07-08,Widget A,3,12.5,37.0,Omar Garcia
ORD26345,2024-07-25,Gadget X,3,7.0,21.0,Noor Chen
ORD26357,2024-12-18,Widget B,5,21.0,105.0,John Ahmed
ORD26361,2024-07-13,Gadget X,9,700.0,6300.0,Zain Iqbal
ORD26366,2024-10-05,Gadget Y,4,604.0,2416.0,Noor Smith
ORD26376,2024-12-17,Widget A,1,13.75,13.75,Sara Ahmed
ORD26377,2024-11-23,Widget B,3,19.99,59.97,Ali Lee
ORD26386,2024-07-19,Widget B,1,19.99,19.99,Fatima Lee
ORD26403,2024-06-23,Widget B,10,19.99,199.9,Omar Smith
ORD26418,2024-11-16,Service Plan,9,49.0,441.0,Ali Ahmed
ORD26453,2024-08-25,Gadget Y,4,549.0,2196.0,Hassan Iqbal
ORD26454,2024-09-06,Gadget X,9,7.0,63.0,Ali Chen
ORD26461,2024-10-09,Gadget X,9,7.7,69.0,Ali Garcia
ORD26480,2024-10-11,Service Plan,2,4999.0,9998.0,Hassan Lee
ORD26500,2024-06-06,Widget B,10,19.99,199.9,Noor Iqbal
ORD26502,2024-07-09,Widget B,6,19.0,114.0,Omar Khan
ORD26517,2024-10-25,Service Plan,7,44.0,308.0,Sara Chen
ORD26528,2024-08-31,Gadget X,6,7.0,42.0,Maria Chen
ORD26533,2024-11-24,Gadget Y,6,6.04,36.23,Ayesha Khan
ORD26539,2024-11-06,Gadget Y,2,6.04,12.08,Sara Iqbal
ORD26557,2024-09-12,Gadget Y,10,6.04,60.39,Noor Patel
ORD26558,2024-10-08,Widget A,10,13.75,137.5,Ayesha Ahmed
ORD26561,2024-12-01,Gadget X,8,6.3,50.0,Sara Patel
ORD26562,2024-06-20,Widget B,1,17.99,17.99,John Patel
ORD26565,2024-08-24,Service Plan,5,49.99,249.95,Noor Lee
ORD26568,2024-06-02,Gadget X,6,7.0,42.0,John Ahmed
ORD26568,2024-12-30,Service Plan,10,49.99,499.9,Zain Smith
ORD26571,2024-07-03,Widget A,2,12.5,25.0,Noor Hussain
ORD26572,2024-06-21,Widget B,4,17.99,71.0,Maria Khan
ORD26588,2024-07-14,Service Plan,6,5499.0,32993.0,Ali Smith
ORD26590,2024-09-14,Gadget Y,3,6.04,18.12,John Iqbal
ORD26609,2024-11-17,Gadget X,7,7.7,53.9,Maria Garcia
ORD26633,2024-09-24,Service Plan,5,49.99,249.95,Ayesha Lee
ORD26652,2024-12-07,Gadget Y,5,4.94,24.7,John Hussain
ORD26656,2024-07-28,Widget A,8,12.0,96.0,Hassan Iqbal
ORD26688,2024-10-17,Gadget X,2,7.0,14.0,Omar Garcia
ORD26703,2024-11-15,Service Plan,9,49.99,449.91,Ayesha Hussain
ORD26740,2024-06-08,Gadget Y,7,5.49,38.43,Noor Garcia
ORD26754,2024-06-15,Gadget X,4,7.0,28.0,Maria Iqbal
ORD26757,2024-11-15,Gadget X,6,700.0,4200.0,Fatima Reyes
ORD26761,2024-01-09,Gadget Y,9,5.0,45.0,Maria Ahmed
ORD26767,2024-08-26,Gadget X,9,7.0,63.0,Sara Hussain
ORD26787,2024-06-30,Widget B,5,1999.0,9995.0,John Iqbal
ORD26794,2024-09-03,Service Plan,8,49.99,399.92,Ayesha Hussain
ORD26795,2024-06-14,Gadget X,10,7.0,70.0,Hassan Khan
ORD26811,2024-11-11,Gadget X,4,7.0,28.0,Ali Hussain
ORD26826,2024-09-11,Service Plan,10,49.99,499.0,Ali Smith
ORD26837,2024-10-12,Widget B,5,1799.0,8995.0,Zain Smith
ORD26843,2024-08-21,Widget B,7,19.99,139.93,Maria Reyes
ORD26850,2024-07-07,Service Plan,1,49.99,49.99,Sara Hussain
ORD26852,2024-08-13,Gadget Y,2,5.49,10.98,Sara Chen
ORD26880,2024-09-18,Gadget X,1,6.3,6.3,Omar Lee
ORD26906,2024-09-10,Gadget X,1,6.3,6.3,Ali Ahmed
ORD26908,2024-08-01,Widget A,5,1250.0,6250.0,John Hussain
ORD26913,2024-10-31,Widget B,1,17.0,17.0,Hassan Khan
ORD26924,2024-08-29,Widget A,10,1250.0,12500.0,Hassan Patel
ORD26926,2024-08-27,Gadget Y,9,5.49,49.0,Sara Chen
ORD26970,2024-07-14,Gadget Y,3,6.04,18.12,John Lee
ORD26972,2024-08-21,Service Plan,10,49.99,499.9,Ali Iqbal
ORD26985,2024-11-18,Gadget Y,6,5.49,32.94,Ali Smith
ORD26998,2024-12-29,Widget A,4,11.25,45.0,Fatima Patel
ORD27000,2024-09-14,Widget B,5,21.99,109.95,Fatima Chen
ORD27000,2024-10-13,Service Plan,4,54.99,219.96,Maria Chen
ORD27025,2024-11-09,Service Plan,5,49.99,249.95,Ayesha Patel
ORD27036,2024-09-04,Service Plan,2,49.99,99.98,Maria Chen
ORD27039,2024-08-02,Service Plan,1,49.99,49.99,Fatima Patel
ORD27051,2024-08-30,Widget B,4,19.99,79.96,Omar Khan
ORD27054,2024-10-21,Widget A,10,11.0,112.0,Ali Garcia
ORD27075,2024-06-10,Gadget X,9,7.0,63.0,John Reyes
ORD27075,2024-07-20,Widget B,10,17.99,179.9,Ali Ahmed
ORD27094,2024-03-11,Widget B,9,17.99,161.91,Hassan Garcia
ORD27099,2024-09-27,Gadget X,5,6.3,31.5,Hassan Chen
ORD27099,2024-09-27,Gadget Y,10,4.0,40.0,Ayesha Khan
ORD27109,2024-09-24,Gadget X,4,7.0,28.0,Hassan Garcia
ORD27109,2024-12-22,Service Plan,5,49.99,249.95,John Khan
ORD27128,2024-10-14,Service Plan,2,4999.0,9998.0,Omar Chen
ORD27134,2024-09-08,Service Plan,5,49.99,249.95,Maria Reyes
ORD27140,2024-06-10,Widget A,2,13.75,27.5,Noor Hussain
ORD27144,2024-10-21,Gadget Y,10,4.0,40.0,Ali Iqbal
ORD27146,2024-10-10,Widget A,3,12.5,37.5,John Hussain
ORD27148,2024-06-30,Gadget X,10,6.0,60.0,Zain Smith
ORD27155,2024-11-17,Widget B,5,21.99,109.95,Omar Lee
ORD27162,2024-07-12,Gadget Y,4,5.49,21.96,Noor Reyes
ORD27169,2024-11-18,Widget B,3,21.0,63.0,Maria Reyes
ORD27176,2024-06-05,Widget B,4,19.0,76.0,Fatima Smith
ORD27199,2024-07-12,Gadget Y,3,6.04,18.12,Hassan Reyes
ORD27204,2024-10-15,Service Plan,3,4999.0,14997.0,Zain Smith
ORD27209,2024-08-01,Service Plan,9,49.99,449.91,Omar Patel
ORD27214,2024-06-16,Gadget X,6,7.0,42.0,Ali Chen
ORD27221,2024-09-12,Widget B,4,2199.0,8796.0,Noor Ahmed
ORD27229,2024-12-26,Service Plan,7,4999.0,34993.0,Ayesha Lee
ORD27232,2024-09-07,Widget B,6,1999.0,11994.0,Fatima Hussain
ORD27236,2024-10-31,Gadget X,5,7.7,38.5,Hassan Reyes
ORD27240,2024-07-28,Widget B,1,19.99,19.99,Zain Hussain
ORD27243,2024-08-04,Widget A,8,12.0,96.0,Omar Patel
ORD27261,2024-07-09,Gadget X,2,7.0,14.0,John Chen
ORD27268,2024-07-18,Gadget X,3,7.0,21.0,Noor Garcia
ORD27268,2024-12-01,Widget B,7,21.99,153.92,John Khan
ORD27270,2024-09-10,Gadget Y,7,549.0,3843.0,Ayesha Smith
ORD27277,2024-07-04,Widget B,1,19.99,19.99,Fatima Khan
ORD27279,2024-08-21,Service Plan,10,44.0,440.0,Hassan Reyes
ORD27287,2024-06-27,Service Plan,6,4999.0,29994.0,Hassan Khan
ORD27304,2024-10-05,Gadget X,10,6.3,63.0,Sara Patel
ORD27305,2024-10-27,Widget A,3,11.25,33.75,Ali Garcia
ORD27314,2024-09-27,Gadget X,9,7.0,63.0,Noor Patel
ORD27322,2024-11-24,Widget A,3,12.5,37.0,Ali Lee
ORD27322,2024-12-07,Gadget Y,8,6.04,48.31,Omar Iqbal
ORD27325,2024-09-03,Gadget Y,4,6.04,24.16,Maria Reyes
ORD27337,2024-07-16,Service Plan,6,49.99,299.94,Noor Khan
ORD27339,2024-12-20,Gadget X,10,6.3,63.0,Noor Iqbal
ORD27353,2024-11-22,Service Plan,2,49.0,99.0,Noor Reyes
ORD27399,2024-06-14,Service Plan,3,49.99,149.97,Ayesha Iqbal
ORD27404,2024-11-28,Widget A,1,12.5,12.5,Hassan Hussain
ORD27432,2024-06-12,Service Plan,2,54.99,109.98,Maria Iqbal
ORD27470,2024-11-24,Service Plan,1,44.0,44.0,Ali Reyes
ORD27487,2024-07-08,Gadget Y,4,4.94,19.76,Maria Ahmed
ORD27499,2024-09-23,Widget A,2,12.5,25.0,Noor Iqbal
ORD27510,2024-06-29,Widget A,6,1250.0,7500.0,Omar Lee
ORD27541,2024-06-09,Gadget Y,6,5.0,30.0,Noor Iqbal
ORD27541,2024-06-19,Widget A,4,11.25,45.0,Ali Reyes
ORD27542,2024-07-04,Widget A,7,12.5,87.5,Fatima Garcia
ORD27543,2024-10-06,Widget B,1,19.0,19.0,John Iqbal
ORD27544,2024-11-24,Gadget Y,3,549.0,1647.0,Hassan Hussain
ORD27550,2024-11-02,Gadget Y,8,5.49,43.92,Noor Garcia
ORD27565,2024-12-04,Gadget X,2,7.0,14.0,Ali Lee
ORD27569,2024-12-20,Widget B,1,1999.0,1999.0,Noor Ahmed
ORD27572,2024-09-05,Widget B,8,19.99,159.92,Omar Reyes
ORD27577,2024-11-17,Widget B,8,21.0,168.0,Fatima Reyes
ORD27593,2024-03-08,Gadget X,3,7.0,21.0,Maria Iqbal
ORD27611,2024-11-24,Service Plan,10,4999.0,49990.0,John Lee
ORD27631,2024-12-15,Gadget Y,3,5.49,16.47,Maria Chen
ORD27634,2024-06-16,Service Plan,10,49.0,490.0,Noor Iqbal
ORD27641,2024-10-15,Gadget X,2,7.0,14.0,Noor Garcia
ORD27649,2024-06-07,Service Plan,8,54.99,439.0,Sara Reyes
ORD27659,2024-07-29,Gadget Y,9,604.0,5435.0,Maria Hussain
ORD27675,2024-11-13,Widget B,4,19.99,79.0,John Smith
ORD27682,2024-12-01,Gadget Y,5,5.49,27.45,Hassan Khan
ORD27707,2024-07-27,Gadget Y,7,549.0,3843.0,Zain Ahmed
ORD27709,2024-04-06,Widget B,2,19.99,39.98,Ayesha Iqbal
ORD27710,2024-10-30,Gadget X,9,7.7,69.3,Ali Smith
ORD27723,2024-09-03,Gadget Y,4,5.0,20.0,Omar Ahmed
ORD27723,2024-11-13,Widget B,8,21.99,175.91,Sara Smith
ORD27724,2024-08-13,Gadget X,3,7.0,21.0,Omar Reyes
ORD27727,2024-09-19,Widget B,10,19.99,199.9,Hassan Hussain
ORD27727,2024-12-18,Widget B,1,19.99,19.99,Omar Khan
ORD27730,2024-12-01,Gadget Y,8,4.94,39.52,Sara Lee
ORD27736,2024-11-21,Gadget Y,4,4.0,16.0,Hassan Lee
ORD27759,2024-08-31,Widget B,1,19.99,19.99,Sara Chen
ORD27763,2024-11-21,Gadget Y,2,549.0,1098.0,Ali Ahmed
ORD27778,2024-06-09,Gadget X,4,7.0,28.0,Fatima Hussain
ORD27783,2024-11-10,Gadget Y,1,549.0,549.0,Fatima Hussain
ORD27792,2024-12-10,Widget A,2,1250.0,2500.0,Zain Garcia
ORD27814,2024-11-02,Widget B,10,19.99,199.9,Hassan Ahmed
ORD27820,2024-06-23,Gadget Y,1,494.0,494.0,Sara Chen
ORD27826,2024-05-10,Gadget Y,4,5.49,21.96,Omar Smith
ORD27826,2024-06-04,Service Plan,10,49.0,490.0,Zain Lee
ORD27834,2024-09-03,Gadget Y,6,5.49,32.94,Maria Garcia
ORD27849,2024-04-10,Service Plan,5,49.99,249.95,Noor Khan
ORD27851,2024-12-02,Service Plan,4,5499.0,21996.0,Hassan Reyes
ORD27853,2024-12-09,Service Plan,7,44.99,314.94,Omar Garcia
ORD27860,2024-09-10,Widget B,2,19.99,39.98,Ayesha Khan
ORD27864,2024-06-05,Widget B,6,21.99,131.93,Ayesha Khan
ORD27865,2024-08-28,Gadget X,8,630.0,5040.0,John Patel
ORD27878,2024-12-29,Gadget Y,4,5.49,21.96,Omar Hussain
ORD27883,2024-07-13,Widget B,9,19.0,171.0,John Smith
ORD27887,2024-09-24,Gadget X,5,7.0,35.0,Maria Smith
ORD27890,2024-07-17,Widget B,5,19.99,99.95,Ali Smith
ORD27897,2024-12-29,Gadget Y,1,5.49,5.49,Ali Khan
ORD27908,2024-11-25,Widget A,10,12.5,125.0,Ayesha Smith
ORD27916,2024-10-09,Service Plan,5,44.0,224.0,Fatima Chen
ORD27922,2024-09-21,Widget B,5,19.99,99.95,Noor Khan
ORD27927,2024-08-22,Widget B,6,2199.0,13194.0,Ayesha Khan
ORD27948,2024-09-14,Service Plan,4,44.99,179.0,Sara Ahmed
ORD27968,2024-06-05,Gadget X,3,7.7,23.0,Sara Smith
ORD27991,2024-08-15,Gadget Y,1,5.0,5.0,John Smith
ORD27998,2024-10-28,Gadget X,8,630.0,5040.0,Maria Iqbal
ORD28004,2024-10-18,Widget A,9,11.0,99.0,Fatima Ahmed
ORD28011,2024-12-29,Gadget X,8,6.3,50.4,Hassan Hussain
ORD28015,2024-11-02,Gadget Y,6,549.0,3294.0,Ali Reyes
ORD28017,2024-08-06,Gadget Y,8,5.0,40.0,Omar Khan
ORD28024,2024-05-07,Widget A,6,12.5,75.0,Ali Garcia
ORD28031,2024-08-28,Gadget X,3,7.0,21.0,Noor Lee
ORD28033,2024-08-17,Widget B,6,17.99,107.95,Hassan Patel
ORD28040,2024-09-19,Gadget Y,6,6.04,36.23,Hassan Reyes
ORD28047,2024-10-31,Widget B,9,2199.0,19791.0,Zain Smith
ORD28057,2024-10-26,Gadget Y,2,6.04,12.0,Maria Khan
ORD28061,2024-07-01,Widget B,7,1999.0,13993.0,Noor Ahmed
ORD28070,2024-09-12,Gadget Y,2,494.0,988.0,Fatima Khan
ORD28070,2024-11-25,Gadget X,1,700.0,700.0,Fatima Smith
ORD28075,2024-09-14,Service Plan,1,44.99,44.99,John Patel
ORD28078,2024-12-10,Gadget X,3,7.0,21.0,Hassan Reyes
ORD28087,2024-07-09,Gadget Y,6,6.04,36.0,Hassan Garcia
ORD28087,2024-10-13,Service Plan,9,44.99,404.0,Ali Khan
ORD28095,2024-06-17,Widget A,10,13.75,137.5,Hassan Khan
ORD28098,2024-10-06,Widget B,1,1999.0,1999.0,Omar Smith
ORD28107,2024-10-05,Gadget X,1,7.0,7.0,Omar Patel
ORD28119,2024-12-28,Gadget Y,6,549.0,3294.0,Noor Reyes
ORD28120,2024-09-05,Service Plan,8,54.99,439.0,Fatima Garcia
ORD28124,2024-11-13,Widget B,6,21.99,131.93,Maria Khan
ORD28150,2024-07-01,Widget A,3,13.75,41.25,Fatima Patel
ORD28151,2024-06-19,Widget B,10,19.99,199.9,John Reyes
ORD28156,2024-09-15,Gadget X,7,7.0,49.0,Zain Chen
ORD28174,2024-08-08,Service Plan,5,4999.0,24995.0,Fatima Khan
ORD28176,2024-09-05,Gadget Y,2,6.04,12.08,Zain Khan
ORD28184,2024-11-17,Widget A,9,12.5,112.5,Zain Ahmed
ORD28185,2024-06-14,Gadget X,8,7.7,61.6,Omar Smith
ORD28185,2024-10-23,Gadget X,9,700.0,6300.0,Fatima Smith
ORD28196,2024-07-12,Widget B,5,17.0,85.0,Maria Chen
ORD28197,2024-06-23,Service Plan,5,49.0,245.0,Zain Iqbal
ORD28202,2024-06-02,Widget B,3,21.0,63.0,Ali Ahmed
ORD28218,2024-10-30,Gadget X,4,7.7,30.8,Hassan Garcia
ORD28226,2024-08-07,Gadget Y,2,6.04,12.08,Hassan Iqbal
ORD28228,2024-12-26,Widget A,3,13.75,41.25,John Patel
ORD28248,2024-12-26,Widget A,9,11.25,101.25,John Garcia
ORD28254,2024-10-29,Gadget Y,8,5.49,43.92,Noor Khan
ORD28255,2024-12-23,Gadget X,4,700.0,2800.0,Noor Chen
ORD28256,2024-07-23,Service Plan,6,49.99,299.94,Maria Ahmed
ORD28258,2024-09-28,Gadget Y,5,5.49,27.45,Ayesha Hussain
ORD28258,2024-10-13,Gadget Y,4,5.49,21.96,Noor Patel
ORD28270,2024-10-20,Widget B,3,19.99,59.97,Maria Ahmed
ORD28284,2024-10-31,Gadget X,6,7.0,42.0,Noor Ahmed
ORD28287,2024-08-03,Service Plan,9,54.0,494.9,Omar Smith
ORD28308,2024-07-24,Service Plan,4,49.99,199.96,Noor Ahmed
ORD28313,2024-06-11,Gadget X,3,7.0,21.0,Maria Chen
ORD28323,2024-12-03,Widget A,10,13.75,137.5,Omar Lee
ORD28325,2024-08-06,Widget A,2,12.0,24.0,Sara Lee
ORD28327,2024-09-18,Service Plan,2,49.99,99.0,Fatima Khan
ORD28337,2024-11-27,Gadget X,9,6.3,56.7,Omar Smith
ORD28339,2024-12-27,Service Plan,3,54.99,164.97,Maria Hussain
ORD28341,2024-06-28,Gadget Y,9,4.94,44.47,John Reyes
ORD28345,2024-09-30,Gadget Y,5,5.0,25.0,Ayesha Reyes
ORD28349,2024-09-10,Widget B,1,19.99,19.99,Noor Smith
ORD28396,2024-08-30,Service Plan,5,49.99,249.95,Omar Lee
ORD28402,2024-09-13,Gadget X,7,7.7,53.9,Omar Khan
ORD28411,2024-12-15,Widget A,6,12.5,75.0,Ayesha Reyes
ORD28427,2024-06-22,Gadget X,2,6.3,12.6,Fatima Lee
ORD28446,2024-06-06,Gadget Y,4,5.49,21.96,Fatima Chen
ORD28452,2024-09-26,Widget B,5,17.99,89.95,Noor Garcia
ORD28490,2024-12-07,Gadget Y,8,6.04,48.32,Noor Hussain
ORD28520,2024-09-21,Service Plan,10,54.99,549.89,John Chen
ORD28536,2024-10-07,Service Plan,3,4999.0,14997.0,Sara Garcia
ORD28550,2024-07-23,Widget B,2,19.99,39.98,Fatima Garcia
ORD28557,2024-10-06,Widget B,4,19.99,79.96,Sara Smith
ORD28557,2024-10-21,Widget A,4,13.75,55.0,John Iqbal
ORD28565,2024-06-01,Gadget Y,6,5.0,30.0,Noor Smith
ORD28565,2024-07-24,Service Plan,6,44.99,269.95,John Ahmed
ORD28569,2024-09-30,Widget A,4,1375.0,5500.0,Zain Garcia
ORD28574,2024-05-07,Widget B,8,19.99,159.0,John Garcia
ORD28575,2024-09-28,Widget A,7,1125.0,7875.0,Ayesha Patel
ORD28578,2024-06-30,Gadget X,10,7.7,77.0,John Iqbal
ORD28585,2024-08-04,Widget A,1,12.5,12.5,John Garcia
ORD28606,2024-09-30,Widget A,7,11.0,77.0,Sara Patel
ORD28607,2024-06-10,Widget B,8,21.0,168.0,John Patel
ORD28621,2024-09-26,Gadget Y,3,5.49,16.47,Fatima Hussain
ORD28628,2024-07-30,Gadget X,5,700.0,3500.0,Noor Garcia
ORD28630,2024-09-01,Service Plan,8,49.0,399.0,Sara Khan
ORD28632,2024-07-12,Gadget Y,7,5.49,38.43,Zain Ahmed
ORD28645,2024-09-20,Gadget Y,3,5.49,16.47,Sara Chen
ORD28657,2024-09-27,Service Plan,5,49.99,249.95,Fatima Smith
ORD28661,2024-11-30,Gadget X,2,7.0,14.0,Fatima Ahmed
ORD28668,2024-07-06,Widget B,10,1999.0,19990.0,John Khan
ORD28672,2024-12-11,Service Plan,4,49.99,199.96,John Reyes
ORD28695,2024-11-08,Service Plan,1,49.99,49.99,Sara Lee
ORD28700,2024-10-13,Widget A,9,12.5,112.5,Noor Ahmed
ORD28701,2024-12-02,Widget A,5,1250.0,6250.0,Zain Khan
ORD28711,2024-09-22,Service Plan,1,44.99,44.99,Noor Khan
ORD28717,2024-07-30,Gadget Y,10,5.49,54.9,John Smith
ORD28724,2024-09-24,Widget A,7,11.25,78.75,Zain Garcia
ORD28738,2024-07-13,Widget B,5,19.0,95.0,Omar Garcia
ORD28747,2024-11-17,Widget A,2,1125.0,2250.0,Noor Smith
ORD28750,2024-12-29,Service Plan,10,4999.0,49990.0,Ayesha Smith
ORD28753,2024-06-07,Gadget X,10,700.0,7000.0,Noor Khan
ORD28757,2024-09-06,Widget A,8,13.75,110.0,John Hussain
ORD28759,2024-07-27,Gadget X,6,7.0,42.0,Hassan Patel
ORD28765,2024-09-08,Gadget X,4,7.7,30.8,Ali Iqbal
ORD28769,2024-06-11,Widget B,7,1799.0,12594.0,Hassan Ahmed
ORD28788,2024-09-22,Widget A,1,12.5,12.5,John Patel
ORD28790,2024-12-24,Gadget X,9,7.0,63.0,Sara Iqbal
ORD28794,2024-07-09,Widget B,9,19.0,171.0,Maria Iqbal
ORD28804,2024-07-12,Widget A,6,12.5,75.0,Maria Chen
ORD28805,2024-08-27,Widget A,6,11.25,67.5,Maria Hussain
ORD28811,2024-06-05,Gadget Y,2,5.49,10.98,Omar Ahmed
ORD28819,2024-08-10,Service Plan,3,49.99,149.97,Omar Iqbal
ORD28825,2024-09-15,Gadget X,2,6.3,12.6,Omar Patel
ORD28842,2024-08-30,Service Plan,9,54.99,494.0,Omar Lee
ORD28858,2024-11-23,Gadget Y,9,494.0,4446.0,Omar Smith
ORD28859,2024-08-03,Gadget X,9,7.0,63.0,Fatima Reyes
ORD28869,2024-12-17,Gadget Y,2,5.49,10.98,Omar Hussain
ORD28876,2024-12-16,Widget B,4,21.99,87.96,Maria Ahmed
ORD28919,2024-09-13,Widget A,9,13.75,123.75,Maria Lee
ORD28920,2024-12-24,Gadget Y,1,4.94,4.94,Ayesha Garcia
ORD28925,2024-03-10,Gadget Y,8,5.0,40.0,Omar Hussain
ORD28928,2024-07-27,Gadget Y,2,6.04,12.08,Ayesha Reyes
ORD28940,2024-06-20,Service Plan,6,49.99,299.94,Noor Ahmed
ORD28946,2024-04-10,Service Plan,8,44.99,359.93,Ali Chen
ORD28946,2024-11-12,Gadget X,1,7.0,7.0,John Chen
ORD28955,2024-09-18,Widget A,3,12.5,37.5,Fatima Reyes
ORD28958,2024-11-10,Gadget Y,7,5.49,38.43,Noor Reyes
ORD28993,2024-09-01,Gadget Y,6,5.49,32.94,John Hussain
ORD28998,2024-11-20,Service Plan,7,49.99,349.93,John Ahmed
ORD29001,2024-10-27,Gadget X,3,7.0,21.0,Omar Smith
ORD29001,2024-12-17,Service Plan,2,49.0,98.0,John Ahmed
ORD29013,2024-12-07,Service Plan,10,54.99,549.89,Ali Ahmed
ORD29014,2024-04-12,Widget B,1,19.99,19.99,Hassan Lee
ORD29038,2024-12-27,Gadget Y,4,5.0,20.0,Ali Patel
ORD29043,2024-11-23,Gadget X,10,6.3,63.0,Noor Lee
ORD29047,2024-11-20,Gadget X,2,7.0,14.0,Ali Ahmed
ORD29047,2024-12-29,Gadget X,3,7.7,23.1,Sara Hussain
ORD29062,2024-09-26,Service Plan,6,49.0,294.0,Zain Hussain
ORD29076,2024-07-10,Gadget Y,7,5.49,38.43,Sara Chen
ORD29079,2024-12-15,Widget A,6,1250.0,7500.0,Noor Hussain
ORD29082,2024-11-11,Widget B,2,19.0,38.0,John Hussain
ORD29093,2024-10-22,Widget B,6,17.0,102.0,Omar Ahmed
ORD29106,2024-06-08,Widget A,8,12.0,96.0,Ayesha Chen
ORD29115,2024-07-06,Service Plan,5,4999.0,24995.0,Noor Smith
ORD29116,2024-12-22,Widget B,8,19.99,159.92,Fatima Garcia
ORD29136,2024-08-01,Widget B,10,19.99,199.9,John Iqbal
ORD29157,2024-01-06,Widget B,9,17.99,161.92,Fatima Khan
ORD29162,2024-01-08,Gadget Y,9,4.94,44.46,Hassan Ahmed
ORD29174,2024-10-04,Service Plan,8,54.99,439.0,Ali Khan
ORD29191,2024-12-25,Widget A,6,1125.0,6750.0,Zain Khan
ORD29197,2024-11-25,Gadget Y,6,6.04,36.24,Ayesha Khan
ORD29198,2024-12-31,Service Plan,1,49.0,49.0,Omar Smith
ORD29200,2024-07-07,Widget B,8,19.99,159.0,Omar Reyes
ORD29201,2024-09-16,Gadget X,3,7.0,21.0,John Garcia
ORD29202,2024-08-03,Widget B,6,1999.0,11994.0,Maria Patel
ORD29221,2024-09-22,Widget A,1,12.0,12.0,Noor Hussain
ORD29225,2024-09-06,Gadget X,6,6.3,37.8,Omar Smith
ORD29234,2024-08-18,Gadget X,10,770.0,7700.0,Hassan Hussain
ORD29234,2024-10-11,Gadget Y,2,5.49,10.98,Ayesha Khan
ORD29234,2024-11-11,Widget B,5,21.99,109.95,John Ahmed
ORD29253,2024-04-12,Service Plan,6,4499.0,26994.0,Fatima Hussain
ORD29264,2024-06-16,Service Plan,3,49.99,149.97,Noor Patel
ORD29268,2024-08-11,Widget A,2,1250.0,2500.0,Noor Smith
ORD29285,2024-11-14,Widget A,4,12.5,50.0,Maria Chen
ORD29295,2024-10-13,Service Plan,9,49.0,441.0,Omar Hussain
ORD29299,2024-09-12,Service Plan,6,4499.0,26994.0,Omar Patel
ORD29301,2024-08-08,Gadget X,4,770.0,3080.0,John Iqbal
ORD29306,2024-10-16,Service Plan,10,49.99,499.0,Hassan Chen
ORD29319,2024-08-20,Widget A,8,11.0,88.0,Maria Khan
ORD29319,2024-11-09,Widget A,4,11.25,45.0,Ayesha Smith
ORD29321,2024-09-29,Gadget X,10,7.0,70.0,Ali Lee
ORD29352,2024-06-19,Gadget X,6,6.3,37.8,Ayesha Ahmed
ORD29359,2024-11-26,Widget B,7,1999.0,13993.0,Noor Ahmed
ORD29365,2024-08-01,Widget B,5,21.99,109.95,John Smith
ORD29376,2024-08-30,Gadget Y,6,4.94,29.65,Zain Ahmed
ORD29388,2024-06-17,Service Plan,2,49.99,99.98,Noor Patel
ORD29401,2024-10-12,Gadget X,1,700.0,700.0,Hassan Patel
ORD29405,2024-02-07,Gadget X,2,7.0,14.0,Noor Patel
ORD29410,2024-09-19,Widget B,1,1999.0,1999.0,Sara Hussain
ORD29420,2024-06-08,Gadget X,8,7.0,56.0,Fatima Khan
ORD29433,2024-10-22,Widget B,8,19.0,152.0,Noor Garcia
ORD29441,2024-06-24,Widget B,6,2199.0,13194.0,Ali Iqbal
ORD29442,2024-06-17,Widget B,5,1799.0,8995.0,Zain Garcia
ORD29443,2024-12-07,Widget B,5,19.99,99.95,Maria Chen
ORD29453,2024-10-25,Widget B,9,19.0,171.0,Hassan Khan
ORD29466,2024-07-31,Gadget X,6,7.0,42.0,Hassan Lee
ORD29472,2024-08-23,Widget B,1,19.99,19.99,Sara Reyes
ORD29484,2024-12-29,Service Plan,10,49.0,490.0,Sara Reyes
ORD29505,2024-11-23,Widget B,7,1999.0,13993.0,Fatima Iqbal
ORD29533,2024-08-03,Widget A,1,1250.0,1250.0,Fatima Hussain
ORD29554,2024-12-21,Service Plan,3,49.99,149.0,Fatima Patel
ORD29558,2024-06-23,Widget A,1,12.0,12.0,Omar Ahmed
ORD29573,2024-07-31,Widget B,6,17.99,107.94,Ayesha Hussain
ORD29590,2024-08-02,Service Plan,9,44.0,396.0,Sara Reyes
ORD29593,2024-06-29,Widget B,6,1999.0,11994.0,Ali Patel
ORD29598,2024-09-23,Gadget X,6,7.0,42.0,Hassan Iqbal
ORD29600,2024-06-02,Service Plan,8,54.0,439.91,Omar Smith
ORD29608,2024-12-20,Widget A,7,12.5,87.5,Zain Khan
ORD29611,2024-10-07,Widget B,9,17.99,161.91,Omar Reyes
ORD29614,2024-07-30,Gadget X,4,6.3,25.2,Zain Iqbal
ORD29638,2024-08-15,Widget A,8,12.5,100.0,Omar Hussain
ORD29651,2024-11-12,Widget B,1,19.99,19.99,Noor Garcia
ORD29666,2024-08-28,Service Plan,3,49.99,149.97,Hassan Hussain
ORD29666,2024-10-17,Gadget Y,8,5.49,43.92,Ali Smith
ORD29669,2024-10-30,Widget A,2,11.25,22.5,Noor Hussain
ORD29697,2024-06-23,Service Plan,3,44.99,134.97,John Chen
ORD29697,2024-11-15,Service Plan,9,44.0,396.0,Maria Reyes
ORD29702,2024-08-01,Widget B,7,17.0,119.0,Ayesha Iqbal
ORD29715,2024-10-22,Widget A,5,12.5,62.5,Omar Smith
ORD29722,2024-10-12,Gadget X,6,700.0,4200.0,John Patel
ORD29725,2024-06-25,Service Plan,9,4999.0,44991.0,Ayesha Smith
ORD29730,2024-06-14,Widget B,4,19.99,79.96,Sara Ahmed
ORD29734,2024-11-28,Gadget Y,7,6.04,42.28,Fatima Patel
ORD29742,2024-09-10,Service Plan,7,4499.0,31493.0,Omar Iqbal
ORD29742,2024-12-24,Gadget Y,8,604.0,4832.0,Fatima Iqbal
ORD29776,2024-09-12,Widget A,10,13.75,137.0,Omar Reyes
ORD29786,2024-09-21,Widget A,8,13.75,110.0,Sara Garcia
ORD29797,2024-06-29,Gadget X,3,7.7,23.1,Ayesha Iqbal
ORD29798,2024-12-20,Widget B,4,1799.0,7196.0,Maria Reyes
ORD29799,2024-06-04,Service Plan,5,4999.0,24995.0,Fatima Ahmed
ORD29809,2024-11-06,Widget A,10,12.5,125.0,Fatima Garcia
ORD29820,2024-07-05,Service Plan,9,49.0,441.0,Maria Chen
ORD29820,2024-10-20,Service Plan,3,54.99,164.97,Omar Chen
ORD29828,2024-09-27,Gadget Y,2,549.0,1098.0,Zain Reyes
ORD29839,2024-10-11,Gadget Y,9,6.04,54.36,Maria Patel
ORD29843,2024-09-16,Widget A,1,11.25,11.25,John Reyes
ORD29859,2024-11-28,Widget A,8,11.25,90.0,Fatima Lee
ORD29863,2024-06-07,Widget A,9,12.5,112.5,Zain Lee
ORD29865,2024-12-21,Widget A,8,1250.0,10000.0,Omar Iqbal
ORD29871,2024-07-12,Gadget X,2,7.0,14.0,John Ahmed
ORD29902,2024-06-25,Service Plan,7,4999.0,34993.0,John Garcia
ORD29908,2024-08-01,Widget B,1,17.99,17.99,Ali Iqbal
ORD29916,2024-07-02,Widget A,1,12.0,12.0,Hassan Khan
ORD29921,2024-12-21,Service Plan,9,49.99,449.91,Maria Garcia
ORD29925,2024-07-12,Gadget Y,2,4.94,9.88,John Lee
ORD29925,2024-07-15,Gadget X,8,7.0,56.0,Hassan Chen
ORD29967,2024-10-11,Widget B,6,19.99,119.94,John Patel
ORD29981,2024-07-08,Widget B,1,19.99,19.99,Zain Patel
ORD29987,2024-12-04,Service Plan,3,4999.0,14997.0,Omar Lee
ORD29988,2024-06-28,Gadget Y,5,5.49,27.45,Zain Garcia
ORD29997,2024-11-18,Widget B,9,19.99,179.91,Hassan Reyes
ORD30001,2024-07-29,Gadget Y,8,5.0,40.0,Ali Garcia
ORD30013,2024-11-24,Widget A,9,12.0,108.0,Sara Reyes
ORD30018,2024-06-23,Gadget X,4,6.3,25.2,Ali Khan
ORD30037,2024-12-31,Widget A,7,11.25,78.75,Omar Patel
ORD30043,2024-06-01,Gadget Y,10,4.0,40.0,Fatima Patel
ORD30051,2024-12-09,Service Plan,8,44.99,359.93,Noor Hussain
ORD30052,2024-09-20,Widget B,9,19.0,171.0,John Hussain
ORD30058,2024-08-11,Gadget X,7,7.0,49.0,Omar Khan
ORD30074,2024-10-18,Gadget X,3,7.7,23.1,Omar Ahmed
ORD30081,2024-11-30,Service Plan,9,49.99,449.91,Maria Reyes
ORD30089,2024-12-10,Widget B,4,19.99,79.96,Zain Lee
ORD30097,2024-12-29,Gadget Y,6,6.04,36.23,Sara Patel
ORD30110,2024-09-08,Service Plan,9,44.99,404.91,Ali Garcia
ORD30111,2024-10-29,Widget B,7,19.99,139.0,Ayesha Garcia
ORD30116,2024-10-24,Gadget Y,2,5.49,10.98,Maria Reyes
ORD30116,2024-11-04,Gadget Y,3,4.94,14.82,Omar Khan
ORD30117,2024-08-14,Gadget Y,10,6.0,60.39,Ayesha Ahmed
ORD30127,2024-12-23,Service Plan,6,4999.0,29994.0,Zain Lee
ORD30129,2024-08-11,Widget A,5,11.25,56.25,Fatima Smith
ORD30129,2024-12-13,Service Plan,7,4999.0,34993.0,Fatima Garcia
ORD30142,2024-06-19,Gadget X,5,7.0,35.0,Noor Smith
ORD30143,2024-12-02,Widget A,8,12.5,100.0,Sara Smith
ORD30157,2024-07-18,Widget A,10,12.5,125.0,Omar Khan
ORD30163,2024-06-02,Widget A,3,12.5,37.5,John Garcia
ORD30182,2024-07-05,Widget B,6,17.99,107.95,Ali Chen
ORD30191,2024-09-15,Gadget Y,1,549.0,549.0,Omar Patel
ORD30195,2024-06-18,Widget B,4,19.99,79.96,Ayesha Iqbal
ORD30202,2024-07-05,Service Plan,2,49.99,99.98,Hassan Reyes
ORD30207,2024-06-20,Widget B,7,19.99,139.0,Hassan Smith
ORD30219,2024-09-13,Gadget Y,3,4.0,12.0,Zain Iqbal
ORD30222,2024-12-30,Service Plan,6,4999.0,29994.0,Sara Khan
ORD30223,2024-11-13,Gadget X,6,7.0,42.0,Ayesha Reyes
ORD30255,2024-12-14,Gadget Y,6,5.49,32.94,John Chen
ORD30257,2024-09-26,Service Plan,10,49.99,499.9,Noor Garcia
ORD30270,2024-07-19,Gadget X,4,7.0,28.0,John Garcia
ORD30272,2024-08-31,Gadget X,9,7.0,63.0,Ali Iqbal
ORD30274,2024-11-17,Service Plan,7,4999.0,34993.0,Ayesha Chen
ORD30275,2024-07-14,Widget B,1,1799.0,1799.0,John Smith
ORD30280,2024-12-20,Widget A,7,1375.0,9625.0,Maria Lee
ORD30286,2024-08-17,Gadget X,1,7.7,7.7,Noor Ahmed
ORD30288,2024-12-27,Gadget X,3,7.0,21.0,Fatima Iqbal
ORD30290,2024-06-11,Widget B,6,17.99,107.94,Maria Chen
ORD30296,2024-08-22,Service Plan,6,5499.0,32994.0,Zain Ahmed
ORD30317,2024-10-27,Gadget X,3,7.0,21.0,Omar Reyes
ORD30323,2024-06-07,Widget A,6,13.75,82.5,Fatima Garcia
ORD30354,2024-11-21,Widget A,2,12.0,24.0,Fatima Garcia
ORD30359,2024-09-19,Widget B,2,2199.0,4398.0,Sara Smith
ORD30362,2024-08-16,Gadget Y,9,6.04,54.36,Hassan Garcia
ORD30364,2024-11-17,Service Plan,9,54.99,494.91,Maria Smith
ORD30377,2024-10-04,Service Plan,10,5499.0,54990.0,Maria Hussain
ORD30390,2024-11-18,Widget A,6,1375.0,8250.0,John Iqbal
ORD30398,2024-07-05,Gadget X,7,7.0,49.0,Sara Smith
ORD30400,2024-07-24,Widget A,1,12.0,12.0,Noor Lee
ORD30409,2024-10-07,Widget A,3,12.0,36.0,Hassan Hussain
ORD30424,2024-08-19,Gadget X,7,7.7,53.9,Ayesha Iqbal
ORD30424,2024-10-04,Widget A,9,12.0,108.0,Ali Garcia
ORD30424,2024-10-20,Service Plan,7,4999.0,34993.0,Noor Ahmed
ORD30427,2024-06-30,Gadget Y,7,5.49,38.43,Fatima Lee
ORD30433,2024-06-02,Service Plan,1,49.99,49.99,John Lee
ORD30443,2024-09-10,Widget A,6,11.25,67.5,Sara Reyes
ORD30453,2024-07-27,Gadget X,7,7.0,49.0,Maria Reyes
ORD30453,2024-08-18,Widget B,9,19.0,171.0,Omar Khan
ORD30481,2024-11-27,Gadget X,4,7.7,30.8,Fatima Hussain
ORD30497,2024-11-30,Widget A,2,12.5,25.0,Ayesha Reyes
ORD30498,2024-07-20,Gadget Y,3,549.0,1647.0,Noor Iqbal
ORD30533,2024-12-20,Service Plan,7,49.99,349.93,John Reyes
ORD30534,2024-06-09,Widget A,6,12.5,75.0,Ali Chen
ORD30541,2024-11-16,Gadget Y,9,6.04,54.36,John Patel
ORD30548,2024-11-08,Widget A,7,11.25,78.75,Omar Ahmed
ORD30554,2024-10-04,Service Plan,3,44.99,134.97,Ali Khan
ORD30555,2024-06-23,Service Plan,1,44.0,44.0,Ali Patel
ORD30563,2024-09-27,Gadget X,7,7.0,49.0,Zain Smith
ORD30578,2024-11-30,Widget A,7,13.75,96.0,Fatima Reyes
ORD30601,2024-08-25,Gadget X,1,7.0,7.0,Maria Garcia
ORD30605,2024-09-04,Gadget X,9,7.0,63.0,Noor Khan
ORD30605,2024-09-27,Service Plan,1,44.99,44.99,Sara Khan
ORD30623,2024-11-25,Gadget X,4,7.0,28.0,Sara Chen
ORD30630,2024-10-06,Gadget Y,5,5.49,27.45,Maria Smith
ORD30631,2024-02-11,Gadget X,3,7.0,21.0,Hassan Reyes
ORD30633,2024-12-15,Service Plan,8,54.99,439.92,Noor Ahmed
ORD30636,2024-11-06,Widget A,4,12.0,48.0,Ali Patel
ORD30660,2024-11-28,Gadget Y,9,4.94,44.0,Ayesha Hussain
ORD30674,2024-08-06,Widget B,10,17.99,179.91,Maria Garcia
ORD30676,2024-11-12,Widget B,10,1999.0,19990.0,Zain Reyes
ORD30686,2024-06-09,Gadget X,1,700.0,700.0,Noor Iqbal
ORD30689,2024-06-28,Gadget Y,7,5.49,38.43,Fatima Khan
ORD30694,2024-07-07,Gadget Y,7,5.49,38.43,Ali Lee
ORD30697,2024-09-15,Widget A,2,1250.0,2500.0,John Reyes
ORD30719,2024-02-12,Widget A,4,11.25,45.0,Sara Garcia
ORD30731,2024-11-15,Service Plan,4,4999.0,19996.0,Hassan Ahmed
ORD30732,2024-06-08,Widget B,6,19.99,119.94,Hassan Smith
ORD30735,2024-06-19,Service Plan,3,49.99,149.0,Sara Garcia
ORD30754,2024-12-18,Service Plan,2,49.0,98.0,Hassan Lee
ORD30756,2024-11-17,Widget A,5,12.5,62.5,Noor Chen
ORD30759,2024-08-31,Widget A,6,12.5,75.0,John Chen
ORD30769,2024-11-17,Widget A,4,1375.0,5500.0,Ayesha Hussain
ORD30770,2024-11-06,Service Plan,3,49.99,149.97,Ali Iqbal
ORD30788,2024-09-17,Service Plan,8,49.0,392.0,Ayesha Chen
ORD30793,2024-11-29,Gadget Y,8,4.94,39.53,Fatima Khan
ORD30819,2024-10-03,Widget B,5,21.99,109.95,John Reyes
ORD30828,2024-10-28,Gadget Y,9,5.49,49.41,John Garcia
ORD30831,2024-07-08,Widget A,6,12.5,75.0,Maria Garcia
ORD30845,2024-09-21,Gadget X,10,6.3,63.0,Noor Chen
ORD30854,2024-12-22,Gadget Y,2,5.49,10.98,Sara Garcia
ORD30865,2024-09-28,Gadget X,4,7.0,28.0,Ali Hussain
ORD30873,2024-12-09,Service Plan,9,49.99,449.91,Omar Chen
ORD30878,2024-07-30,Widget A,7,13.75,96.0,Ali Ahmed
ORD30879,2024-06-25,Widget A,9,12.0,108.0,Hassan Iqbal
ORD30896,2024-11-06,Gadget Y,4,5.49,21.96,Maria Hussain
ORD30898,2024-11-11,Service Plan,3,44.99,134.97,Ayesha Lee
ORD30906,2024-06-29,Widget B,5,2199.0,10995.0,Maria Smith
ORD30918,2024-07-10,Widget B,3,17.99,53.97,Noor Ahmed
ORD30925,2024-06-17,Gadget Y,1,5.49,5.49,Ayesha Hussain
ORD30925,2024-06-29,Gadget Y,8,6.04,48.31,Ali Iqbal
ORD30937,2024-10-01,Gadget X,5,7.0,35.0,Maria Chen
ORD30941,2024-08-12,Widget B,5,19.99,99.95,Maria Lee
ORD30945,2024-02-10,Widget B,1,19.99,19.99,Ayesha Patel
ORD30950,2024-07-24,Widget B,2,19.99,39.98,Ali Reyes
ORD30951,2024-08-11,Service Plan,5,49.99,249.95,Ayesha Khan
ORD30968,2024-12-22,Service Plan,9,49.99,449.91,Maria Ahmed
ORD30983,2024-06-25,Service Plan,3,44.99,134.97,John Reyes
ORD30984,2024-09-30,Gadget Y,7,5.49,38.43,Zain Patel
ORD30998,2024-07-31,Widget B,9,19.0,171.0,Noor Hussain
ORD30998,2024-08-18,Gadget Y,7,604.0,4228.0,Sara Lee
ORD31012,2024-12-28,Widget B,5,1799.0,8995.0,Maria Smith
ORD31016,2024-11-26,Gadget X,9,7.0,63.0,Ali Khan
ORD31017,2024-06-03,Gadget Y,7,6.04,42.27,Omar Smith
ORD31029,2024-08-02,Gadget X,1,7.0,7.0,John Khan
ORD31034,2024-06-08,Gadget X,1,7.0,7.0,Maria Lee
ORD31055,2024-03-08,Service Plan,6,54.99,329.93,Fatima Khan
ORD31074,2024-10-27,Widget A,2,1125.0,2250.0,John Reyes
ORD31079,2024-08-24,Gadget Y,8,5.49,43.92,Maria Garcia
ORD31083,2024-09-11,Gadget Y,8,6.04,48.32,Zain Patel
ORD31096,2024-10-22,Gadget X,7,770.0,5390.0,Fatima Ahmed
ORD31109,2024-10-03,Gadget Y,10,6.04,60.0,Ali Ahmed
ORD31116,2024-07-17,Gadget X,1,7.0,7.0,Maria Reyes
ORD31129,2024-09-25,Gadget X,1,7.0,7.0,Fatima Garcia
ORD31131,2024-09-07,Gadget Y,2,5.49,10.98,Hassan Chen
ORD31136,2024-08-15,Gadget Y,1,5.49,5.49,Ali Patel
ORD31142,2024-12-05,Widget B,7,19.0,133.0,Sara Iqbal
ORD31143,2024-07-29,Widget A,7,12.5,87.5,Sara Ahmed
ORD31146,2024-10-03,Widget A,9,12.5,112.5,John Chen
ORD31150,2024-11-10,Gadget Y,9,549.0,4941.0,Hassan Hussain
ORD31155,2024-06-29,Gadget Y,5,549.0,2745.0,Sara Garcia
ORD31197,2024-12-26,Gadget X,9,7.0,63.0,Noor Reyes
ORD31201,2024-11-04,Gadget X,4,7.0,28.0,John Smith
ORD31206,2024-06-26,Widget B,9,21.99,197.9,Hassan Iqbal
ORD31210,2024-11-15,Widget A,1,13.0,13.0,Ali Ahmed
ORD31212,2024-09-08,Gadget X,6,7.0,42.0,Noor Ahmed
ORD31217,2024-09-17,Service Plan,1,44.0,44.0,Ali Ahmed
ORD31228,2024-12-06,Widget A,9,11.0,99.0,John Smith
ORD31233,2024-10-23,Widget B,6,19.99,119.94,Fatima Smith
ORD31236,2024-11-09,Service Plan,1,49.99,49.99,Omar Chen
ORD31245,2024-09-20,Service Plan,4,49.99,199.96,Ali Hussain
ORD31246,2024-11-24,Gadget X,2,7.0,14.0,Ayesha Hussain
ORD31252,2024-08-16,Gadget Y,10,4.94,49.41,Maria Reyes
ORD31263,2024-08-10,Gadget Y,8,6.0,48.31,Fatima Khan
ORD31274,2024-07-21,Gadget Y,2,494.0,988.0,Noor Chen
ORD31282,2024-06-08,Gadget Y,4,549.0,2196.0,Ali Hussain
ORD31296,2024-08-03,Gadget Y,9,5.49,49.41,Zain Reyes
ORD31308,2024-12-14,Gadget Y,7,6.04,42.27,John Smith
ORD31315,2024-09-13,Gadget X,8,6.3,50.4,Zain Reyes
ORD31320,2024-11-20,Gadget X,10,7.0,70.0,Maria Khan
ORD31323,2024-10-29,Widget A,5,12.0,60.0,Maria Patel
ORD31324,2024-06-11,Widget A,7,12.5,87.5,Sara Smith
ORD31324,2024-09-18,Widget B,5,19.99,99.95,Sara Iqbal
ORD31324,2024-10-03,Service Plan,2,49.0,98.0,Omar Hussain
ORD31338,2024-08-12,Gadget Y,10,6.04,60.39,Omar Iqbal
ORD31344,2024-07-07,Service Plan,3,54.99,164.97,Ayesha Reyes
ORD31366,2024-01-07,Widget B,5,1999.0,9995.0,Zain Iqbal
ORD31375,2024-10-25,Widget B,10,19.0,190.0,Ali Reyes
ORD31388,2024-10-17,Gadget X,9,770.0,6930.0,Hassan Chen
ORD31407,2024-10-11,Widget A,3,13.0,39.0,Hassan Reyes
ORD31431,2024-06-16,Widget B,2,17.99,35.98,Hassan Lee
ORD31434,2024-07-16,Service Plan,9,49.99,449.91,Noor Reyes
ORD31438,2024-06-16,Widget A,7,1250.0,8750.0,Fatima Ahmed
ORD31447,2024-12-06,Service Plan,4,5499.0,21996.0,Hassan Patel
ORD31472,2024-08-01,Gadget X,6,6.3,37.8,Hassan Chen
ORD31519,2024-09-10,Widget B,3,17.99,53.97,Hassan Lee
ORD31542,2024-12-07,Widget B,9,19.99,179.0,Ayesha Iqbal
ORD31546,2024-07-16,Widget A,2,12.5,25.0,John Hussain
ORD31548,2024-06-10,Gadget X,1,7.0,7.0,Noor Garcia
ORD31549,2024-10-28,Gadget Y,6,5.49,32.94,Ayesha Hussain
ORD31554,2024-03-06,Gadget X,6,7.0,42.0,Ayesha Reyes
ORD31564,2024-08-15,Gadget X,6,7.7,46.2,Ayesha Lee
ORD31575,2024-07-10,Gadget X,1,7.7,7.7,Zain Hussain
ORD31578,2024-09-05,Gadget Y,8,5.49,43.92,Fatima Lee
ORD31579,2024-09-06,Widget A,7,1250.0,8750.0,Fatima Smith
ORD31596,2024-07-18,Widget A,3,12.5,37.5,John Garcia
ORD31600,2024-09-07,Gadget X,8,770.0,6160.0,Ali Ahmed
ORD31601,2024-11-10,Gadget X,5,7.0,35.0,Hassan Hussain
ORD31606,2024-10-13,Widget B,4,19.99,79.96,Noor Lee
ORD31621,2024-09-09,Gadget Y,7,5.49,38.43,Ali Reyes
ORD31652,2024-08-06,Gadget X,7,7.0,49.0,Hassan Hussain
ORD31652,2024-11-17,Widget B,7,19.99,139.93,John Hussain
ORD31672,2024-11-09,Service Plan,8,49.99,399.92,Ali Khan
ORD31673,2024-07-03,Widget B,9,19.0,171.0,Fatima Garcia
ORD31678,2024-10-31,Gadget Y,10,6.04,60.0,Ayesha Ahmed
ORD31687,2024-10-07,Gadget X,7,7.7,53.9,Ali Smith
ORD31696,2024-06-19,Service Plan,10,49.99,499.9,Fatima Smith
ORD31697,2024-12-29,Widget B,6,19.99,119.0,Maria Khan
ORD31703,2024-08-17,Service Plan,4,44.99,179.96,Ayesha Khan
ORD31726,2024-11-27,Widget B,6,17.99,107.0,Noor Iqbal
ORD31734,2024-09-30,Widget A,3,11.25,33.75,Zain Iqbal
ORD31736,2024-08-14,Service Plan,3,49.99,149.97,Ali Chen
ORD31737,2024-06-30,Service Plan,9,4999.0,44991.0,Zain Chen
ORD31759,2024-11-11,Gadget X,1,7.0,7.0,Maria Lee
ORD31774,2024-08-11,Gadget X,9,7.0,63.0,Fatima Chen
ORD31782,2024-08-08,Widget B,8,19.0,152.0,Omar Patel
ORD31797,2024-07-23,Service Plan,8,54.99,439.92,Sara Hussain
ORD31800,2024-07-23,Gadget Y,4,6.04,24.16,Hassan Iqbal
ORD31809,2024-09-22,Gadget Y,4,549.0,2196.0,Omar Garcia
ORD31816,2024-02-12,Gadget Y,3,5.49,16.47,Sara Garcia
ORD31817,2024-12-12,Gadget Y,10,6.04,60.4,Zain Ahmed
ORD31818,2024-10-16,Service Plan,6,49.99,299.94,Noor Ahmed
ORD31826,2024-07-05,Gadget Y,2,4.94,9.88,Hassan Patel
ORD31840,2024-12-21,Service Plan,3,44.99,134.97,Ali Iqbal
ORD31853,2024-09-13,Gadget Y,8,5.49,43.92,Noor Chen
ORD31860,2024-12-12,Gadget Y,5,5.49,27.45,Zain Reyes
ORD31866,2024-07-22,Service Plan,4,49.99,199.96,Ayesha Smith
ORD31874,2024-10-26,Widget A,9,13.0,117.0,Fatima Smith
ORD31882,2024-07-06,Service Plan,2,5499.0,10998.0,Zain Smith
ORD31884,2024-09-04,Widget B,5,1999.0,9995.0,Zain Ahmed
ORD31885,2024-09-21,Widget B,9,21.99,197.91,Maria Hussain
ORD31891,2024-09-02,Gadget Y,10,4.94,49.41,Hassan Garcia
ORD31899,2024-08-24,Gadget Y,6,5.49,32.94,Noor Reyes
ORD31900,2024-07-27,Widget A,8,12.5,100.0,Fatima Ahmed
ORD31913,2024-10-19,Widget A,8,12.5,100.0,Ayesha Garcia
ORD31917,2024-06-24,Widget A,5,13.0,65.0,Ayesha Smith
ORD31936,2024-12-21,Gadget X,10,7.0,70.0,Fatima Patel
ORD31942,2024-09-16,Service Plan,9,49.0,441.0,Zain Patel
ORD31945,2024-10-09,Gadget Y,9,5.49,49.41,Zain Reyes
ORD31967,2024-03-10,Gadget X,10,7.0,70.0,Maria Hussain
ORD31972,2024-11-30,Gadget Y,6,4.0,24.0,Zain Patel
ORD31976,2024-11-17,Widget B,2,19.99,39.98,Sara Lee
ORD31978,2024-10-26,Widget B,7,1799.0,12594.0,Sara Lee
ORD31981,2024-03-09,Gadget X,4,7.0,28.0,Hassan Lee
ORD31987,2024-08-10,Widget B,3,19.99,59.97,Ali Patel
ORD31991,2024-07-16,Gadget Y,3,5.49,16.47,Ali Chen
ORD31991,2024-08-30,Widget B,1,19.99,19.99,Zain Smith
ORD32004,2024-12-03,Widget B,1,2199.0,2199.0,Noor Lee
ORD32010,2024-08-13,Widget B,3,19.99,59.97,Ayesha Garcia
ORD32016,2024-08-29,Widget B,1,19.0,19.0,Hassan Reyes
ORD32046,2024-07-17,Widget B,9,19.99,179.91,Ayesha Ahmed
ORD32052,2024-06-26,Service Plan,3,49.99,149.0,Ali Hussain
ORD32057,2024-12-01,Widget A,6,1375.0,8250.0,Zain Chen
ORD32069,2024-07-30,Gadget Y,10,6.0,60.0,Sara Smith
ORD32069,2024-11-18,Gadget X,3,7.0,21.0,Ayesha Reyes
ORD32070,2024-12-08,Gadget Y,10,6.04,60.4,Hassan Ahmed
ORD32080,2024-05-08,Widget A,6,12.5,75.0,Sara Lee
ORD32090,2024-06-24,Widget B,1,19.99,19.99,Hassan Smith
ORD32091,2024-12-19,Gadget Y,8,5.49,43.92,Ayesha Reyes
ORD32095,2024-06-05,Gadget Y,8,549.0,4392.0,Hassan Patel
ORD32098,2024-07-31,Service Plan,7,49.99,349.93,Ali Hussain
ORD32106,2024-10-26,Gadget Y,8,6.04,48.32,Sara Ahmed
ORD32114,2024-06-17,Gadget X,4,7.0,28.0,Fatima Garcia
ORD32120,2024-09-02,Widget A,3,13.75,41.25,Zain Lee
ORD32121,2024-10-21,Widget B,3,19.99,59.97,Omar Smith
ORD32126,2024-07-13,Gadget Y,3,5.0,15.0,Ayesha Smith
ORD32134,2024-08-28,Widget B,1,19.99,19.99,Fatima Ahmed
ORD32159,2024-09-02,Gadget X,4,6.3,25.2,Ali Lee
ORD32161,2024-10-20,Gadget Y,8,5.0,40.0,Fatima Lee
ORD32164,2024-10-06,Widget A,4,1375.0,5500.0,Omar Ahmed
ORD32170,2024-07-02,Service Plan,4,49.99,199.96,Fatima Hussain
ORD32180,2024-10-14,Widget B,3,19.99,59.97,Sara Smith
ORD32192,2024-09-16,Widget A,7,12.5,87.5,Ayesha Patel
ORD32200,2024-10-01,Service Plan,9,49.99,449.91,Zain Chen
ORD32224,2024-11-15,Widget A,9,1125.0,10125.0,Zain Ahmed
ORD32226,2024-11-15,Gadget Y,8,5.49,43.92,Fatima Chen
ORD32232,2024-10-20,Widget B,4,17.0,68.0,Maria Iqbal
ORD32241,2024-11-16,Widget A,5,1125.0,5625.0,John Lee
ORD32245,2024-11-06,Widget B,3,19.99,59.97,Zain Hussain
ORD32253,2024-07-30,Gadget X,2,6.3,12.6,Omar Hussain
ORD32258,2024-08-14,Widget B,5,17.99,89.95,Noor Chen
ORD32268,2024-07-11,Gadget Y,10,5.0,50.0,Ayesha Patel
ORD32269,2024-06-27,Service Plan,10,44.99,449.9,Ayesha Chen
ORD32269,2024-11-19,Gadget X,2,7.0,14.0,Maria Reyes
ORD32277,2024-12-23,Gadget Y,5,4.94,24.7,John Patel
ORD32288,2024-02-06,Widget B,5,21.99,109.95,Zain Hussain
ORD32295,2024-01-09,Gadget X,4,6.3,25.2,Hassan Smith
ORD32306,2024-10-10,Widget B,9,1799.0,16191.0,Ali Garcia
ORD32311,2024-10-19,Widget B,3,19.0,57.0,Noor Garcia
ORD32312,2024-08-20,Widget A,3,12.5,37.0,Omar Hussain
ORD32322,2024-06-25,Widget A,7,11.25,78.75,Noor Khan
ORD32332,2024-12-20,Widget A,1,12.5,12.5,John Hussain
ORD32336,2024-12-21,Gadget X,2,6.3,12.6,Hassan Hussain
ORD32342,2024-08-11,Gadget X,7,7.0,49.0,Ali Chen
ORD32344,2024-10-06,Service Plan,7,49.0,343.0,Ayesha Hussain
ORD32356,2024-06-17,Service Plan,6,4999.0,29994.0,John Hussain
ORD32360,2024-12-26,Widget B,4,17.99,71.96,Maria Hussain
ORD32362,2024-09-22,Widget A,9,12.5,112.5,Zain Patel
ORD32365,2024-08-24,Widget A,8,12.5,100.0,Omar Hussain
ORD32365,2024-11-18,Widget A,7,12.5,87.5,Noor Hussain
ORD32388,2024-12-24,Widget B,2,1999.0,3998.0,Maria Smith
ORD32396,2024-10-12,Service Plan,5,54.99,274.95,Maria Chen
ORD32421,2024-10-23,Widget B,8,19.99,159.0,Fatima Reyes
ORD32426,2024-08-02,Gadget Y,6,4.0,24.0,Maria Chen
ORD32430,2024-08-22,Widget B,10,19.99,199.9,Ali Garcia
ORD32443,2024-07-06,Widget B,3,19.99,59.97,Fatima Reyes
ORD32445,2024-09-24,Service Plan,10,4999.0,49990.0,Sara Khan
ORD32447,2024-11-13,Gadget Y,10,604.0,6040.0,Zain Garcia
ORD32454,2024-12-07,Gadget X,10,7.0,70.0,Noor Ahmed
ORD32459,2024-12-23,Gadget X,8,7.0,56.0,Noor Smith
ORD32463,2024-06-22,Gadget Y,7,5.49,38.43,Ayesha Patel
ORD32470,2024-04-08,Gadget X,7,6.3,44.0,John Smith
ORD32475,2024-07-19,Widget B,10,19.99,199.0,Hassan Reyes
ORD32499,2024-06-06,Widget B,10,19.99,199.9,John Chen
ORD32502,2024-07-25,Widget B,5,21.99,109.95,Maria Garcia
ORD32505,2024-12-28,Gadget Y,10,4.0,40.0,John Khan
ORD32517,2024-10-17,Widget B,9,21.99,197.9,Noor Reyes
ORD32522,2024-08-06,Service Plan,6,44.99,269.94,Omar Khan
ORD32553,2024-08-17,Gadget X,2,7.0,14.0,Hassan Chen
ORD32566,2024-07-15,Widget A,9,1250.0,11250.0,Maria Ahmed
ORD32567,2024-11-14,Widget A,9,12.5,112.5,John Garcia
ORD32569,2024-06-21,Gadget Y,4,4.0,16.0,Ayesha Patel
ORD32583,2024-11-03,Gadget X,10,7.0,70.0,John Ahmed
ORD32606,2024-07-02,Widget A,9,12.5,112.5,Ayesha Patel
ORD32607,2024-08-03,Gadget X,8,7.0,56.0,Zain Khan
ORD32608,2024-11-15,Gadget Y,2,604.0,1208.0,Maria Khan
ORD32614,2024-07-20,Gadget X,3,6.3,18.9,Ayesha Reyes
ORD32618,2024-11-13,Widget B,7,19.99,139.93,Hassan Chen
ORD32628,2024-06-10,Widget A,4,1125.0,4500.0,Omar Patel
ORD32640,2024-11-22,Service Plan,5,5499.0,27495.0,Hassan Smith
ORD32644,2024-09-07,Gadget Y,3,5.0,15.0,John Khan
ORD32645,2024-12-13,Gadget Y,2,549.0,1098.0,Omar Chen
ORD32648,2024-07-08,Service Plan,4,49.99,199.96,Zain Patel
ORD32650,2024-10-09,Widget A,2,13.0,26.0,Zain Ahmed
ORD32658,2024-10-28,Widget B,7,19.99,139.93,Sara Chen
ORD32659,2024-11-08,Gadget Y,4,5.49,21.96,Zain Reyes
ORD32673,2024-09-29,Widget B,7,19.99,139.93,Sara Garcia
ORD32695,2024-07-11,Gadget Y,2,4.94,9.88,Maria Lee
ORD32698,2024-12-01,Widget B,10,19.0,190.0,Maria Ahmed
ORD32706,2024-10-21,Widget B,8,19.99,159.92,Ali Reyes
ORD32707,2024-12-12,Widget B,5,19.99,99.95,John Chen
ORD32709,2024-08-04,Gadget X,9,770.0,6930.0,Hassan Lee
ORD32713,2024-06-19,Gadget Y,8,6.0,48.0,Maria Patel
ORD32714,2024-10-03,Widget A,4,1375.0,5500.0,Sara Patel
ORD32717,2024-08-04,Widget B,3,19.99,59.97,Ali Reyes
ORD32728,2024-12-25,Widget B,1,2199.0,2199.0,Ali Ahmed
ORD32729,2024-09-30,Widget B,4,17.0,68.0,Hassan Khan
ORD32735,2024-01-09,Widget B,6,19.99,119.94,Fatima Iqbal
ORD32741,2024-12-30,Gadget X,2,7.7,15.4,Ayesha Lee
ORD32744,2024-07-17,Gadget X,1,6.3,6.3,John Patel
ORD32753,2024-08-09,Gadget Y,1,549.0,549.0,Fatima Ahmed
ORD32765,2024-11-30,Service Plan,8,5499.0,43992.0,Sara Chen
ORD32766,2024-09-22,Service Plan,9,44.99,404.91,Ayesha Khan
ORD32768,2024-07-20,Widget B,7,17.99,125.93,Fatima Khan
ORD32768,2024-10-01,Widget B,9,21.0,189.0,Sara Ahmed
ORD32781,2024-06-09,Service Plan,4,49.99,199.0,Ayesha Iqbal
ORD32787,2024-12-22,Gadget X,3,7.0,21.0,Noor Reyes
ORD32793,2024-10-06,Widget B,9,17.99,161.0,Maria Patel
ORD32798,2024-06-05,Gadget Y,1,549.0,549.0,Ayesha Smith
ORD32809,2024-12-03,Gadget Y,1,5.0,5.0,Omar Ahmed
ORD32809,2024-12-30,Service Plan,6,49.99,299.94,Maria Chen
ORD32820,2024-10-18,Gadget X,1,6.3,6.3,Zain Patel
ORD32821,2024-10-07,Service Plan,4,4999.0,19996.0,John Patel
ORD32850,2024-06-11,Gadget Y,3,5.49,16.47,Maria Iqbal
ORD32864,2024-10-18,Widget A,5,1250.0,6250.0,Ayesha Hussain
ORD32867,2024-10-06,Gadget Y,4,5.49,21.96,Hassan Ahmed
ORD32872,2024-12-20,Widget A,10,13.75,137.0,Ayesha Lee
ORD32878,2024-11-04,Widget A,10,12.5,125.0,Maria Iqbal
ORD32882,2024-06-04,Widget A,2,12.5,25.0,Noor Reyes
ORD32883,2024-06-24,Service Plan,4,44.99,179.96,Hassan Lee
ORD32883,2024-12-25,Widget B,5,21.99,109.95,Sara Chen
ORD32885,2024-10-27,Widget B,6,21.99,131.93,Sara Smith
ORD32897,2024-08-14,Gadget X,8,7.0,56.0,Omar Chen
ORD32898,2024-09-25,Gadget X,10,7.0,70.0,Sara Ahmed
ORD32905,2024-06-28,Service Plan,2,54.0,109.98,Zain Iqbal
ORD32916,2024-10-31,Gadget Y,7,5.49,38.43,Zain Chen
ORD32924,2024-11-21,Widget B,8,19.0,152.0,Maria Chen
ORD32928,2024-10-09,Widget B,3,19.99,59.0,Fatima Khan
ORD32932,2024-09-20,Widget A,7,13.0,91.0,Zain Patel
ORD32934,2024-11-29,Widget A,6,11.25,67.5,Maria Chen
ORD32936,2024-10-21,Widget B,5,1999.0,9995.0,Ayesha Hussain
ORD32940,2024-09-20,Gadget Y,8,6.04,48.32,Ali Khan
ORD32940,2024-12-10,Gadget Y,7,6.04,42.27,Zain Khan
ORD32953,2024-07-19,Widget A,3,12.0,36.0,Ali Iqbal
ORD32962,2024-10-11,Gadget X,5,7.0,35.0,Noor Chen
ORD32965,2024-09-29,Widget B,6,19.99,119.0,Ayesha Patel
ORD32974,2024-09-08,Widget B,4,1999.0,7996.0,Zain Chen
ORD32977,2024-12-18,Service Plan,3,49.99,149.97,Hassan Hussain
ORD32980,2024-08-19,Gadget X,9,7.0,63.0,Zain Smith
ORD32986,2024-08-29,Gadget Y,5,494.0,2470.0,Omar Patel
ORD33003,2024-12-11,Gadget Y,5,5.0,25.0,Fatima Patel
ORD33006,2024-06-17,Service Plan,3,4999.0,14997.0,Zain Patel
ORD33008,2024-09-30,Widget A,9,13.75,123.75,Ayesha Iqbal
ORD33022,2024-04-09,Gadget X,1,7.0,7.0,Zain Garcia
ORD33025,2024-10-20,Gadget X,2,700.0,1400.0,Noor Chen
ORD33028,2024-07-04,Gadget Y,9,5.49,49.41,Omar Khan
ORD33029,2024-08-05,Gadget Y,8,5.49,43.92,Maria Smith
ORD33029,2024-11-27,Widget B,3,17.0,51.0,Noor Garcia
ORD33030,2024-12-27,Gadget X,3,7.0,21.0,Sara Ahmed
ORD33031,2024-12-24,Service Plan,10,4999.0,49990.0,Sara Garcia
ORD33040,2024-06-10,Gadget Y,8,5.49,43.92,Noor Ahmed
ORD33045,2024-09-30,Widget B,8,19.99,159.92,Fatima Ahmed
ORD33077,2024-07-15,Widget B,8,1999.0,15992.0,Omar Patel
ORD33081,2024-10-13,Widget A,1,13.75,13.75,Sara Garcia
ORD33089,2024-08-16,Gadget X,4,7.0,28.0,Fatima Iqbal
ORD33104,2024-12-23,Widget A,5,12.0,60.0,Noor Hussain
ORD33106,2024-10-06,Service Plan,5,4499.0,22495.0,Fatima Iqbal
ORD33120,2024-09-08,Widget B,9,19.99,179.91,Hassan Hussain
ORD33126,2024-12-14,Widget B,6,19.0,114.0,Sara Smith
ORD33129,2024-11-07,Service Plan,1,49.99,49.99,Ali Garcia
ORD33137,2024-09-19,Service Plan,6,54.99,329.93,Zain Garcia
ORD33153,2024-10-31,Gadget X,9,6.3,56.7,Sara Lee
ORD33153,2024-12-10,Widget A,4,12.5,50.0,Ayesha Garcia
ORD33170,2024-07-09,Widget A,3,12.5,37.5,Maria Chen
ORD33172,2024-08-25,Gadget X,1,7.0,7.0,John Ahmed
ORD33178,2024-09-23,Service Plan,4,4999.0,19996.0,Noor Khan
ORD33179,2024-07-21,Widget A,10,13.75,137.5,Zain Garcia
ORD33183,2024-09-27,Service Plan,2,44.99,89.98,Ali Khan
ORD33185,2024-11-23,Service Plan,9,49.0,441.0,Noor Patel
ORD33191,2024-08-11,Widget A,1,11.25,11.25,Fatima Patel
ORD33193,2024-07-24,Gadget X,7,7.0,49.0,Sara Chen
ORD33199,2024-09-21,Widget B,5,19.99,99.95,John Smith
ORD33207,2024-06-11,Widget A,2,12.5,25.0,Maria Iqbal
ORD33210,2024-08-27,Gadget X,6,7.0,42.0,John Chen
ORD33230,2024-08-15,Widget A,9,13.75,123.75,Ayesha Khan
ORD33253,2024-11-29,Gadget Y,5,6.04,30.2,Maria Reyes
ORD33262,2024-11-05,Widget B,8,17.99,143.92,Ali Garcia
ORD33266,2024-05-10,Gadget Y,7,6.04,42.27,Maria Garcia
ORD33268,2024-10-31,Service Plan,10,54.0,549.89,Zain Smith
ORD33276,2024-12-19,Gadget X,1,6.3,6.3,Fatima Ahmed
ORD33277,2024-10-22,Widget A,8,1125.0,9000.0,John Chen
ORD33289,2024-07-21,Widget A,4,11.25,45.0,John Hussain
ORD33296,2024-09-06,Widget B,8,19.99,159.92,Noor Chen
ORD33301,2024-07-29,Widget B,7,21.0,147.0,Maria Smith
ORD33301,2024-10-08,Widget B,7,17.99,125.94,Zain Khan
ORD33305,2024-09-09,Widget B,6,17.99,107.94,Maria Reyes
ORD33306,2024-10-07,Service Plan,6,49.0,299.0,Zain Garcia
ORD33318,2024-10-23,Gadget Y,7,604.0,4228.0,Omar Smith
ORD33319,2024-11-20,Service Plan,2,49.99,99.98,Fatima Patel
ORD33330,2024-10-20,Gadget X,1,7.0,7.0,John Lee
ORD33331,2024-11-25,Gadget X,10,7.7,77.0,Zain Hussain
ORD33332,2024-11-22,Gadget Y,9,5.49,49.41,Ali Hussain
ORD33346,2024-11-16,Gadget X,10,7.0,70.0,Omar Patel
ORD33347,2024-10-16,Widget A,5,11.25,56.25,Omar Reyes
ORD33358,2024-08-21,Gadget Y,1,5.0,5.0,Hassan Hussain
ORD33363,2024-06-13,Widget A,9,1250.0,11250.0,Hassan Garcia
ORD33365,2024-12-26,Service Plan,7,4499.0,31493.0,Omar Iqbal
ORD33367,2024-07-14,Widget A,10,1250.0,12500.0,Noor Garcia
ORD33374,2024-06-01,Gadget Y,6,5.49,32.94,Ayesha Smith
ORD33394,2024-06-27,Service Plan,2,49.0,98.0,Fatima Patel
ORD33397,2024-07-18,Gadget X,6,700.0,4200.0,Ali Ahmed
ORD33412,2024-06-14,Gadget Y,3,6.04,18.12,Omar Reyes
ORD33419,2024-09-27,Gadget Y,7,4.94,34.59,John Patel
ORD33426,2024-10-15,Widget A,8,11.25,90.0,Ayesha Khan
ORD33434,2024-11-25,Service Plan,1,44.0,44.0,Noor Patel
ORD33439,2024-07-08,Gadget X,5,770.0,3850.0,Omar Reyes
ORD33440,2024-09-25,Gadget X,9,7.0,63.0,Zain Iqbal
ORD33467,2024-11-08,Gadget Y,7,5.49,38.43,Maria Ahmed
ORD33473,2024-09-06,Gadget Y,7,604.0,4227.0,Fatima Khan
ORD33490,2024-06-06,Widget A,6,13.0,78.0,Omar Garcia
ORD33491,2024-11-26,Widget B,10,19.99,199.9,Noor Hussain
ORD33493,2024-08-05,Gadget X,2,700.0,1400.0,Ali Iqbal
ORD33506,2024-10-16,Widget A,1,13.75,13.75,John Chen
ORD33507,2024-07-28,Service Plan,1,5499.0,5499.0,Fatima Khan
ORD33518,2024-05-08,Gadget Y,1,5.49,5.49,Noor Patel
ORD33527,2024-11-15,Widget A,1,1375.0,1375.0,Hassan Khan
ORD33534,2024-08-27,Gadget Y,7,5.49,38.43,Noor Ahmed
ORD33538,2024-10-14,Gadget Y,8,549.0,4392.0,Zain Reyes
ORD33549,2024-09-09,Service Plan,10,49.99,499.9,Sara Patel
ORD33556,2024-08-09,Gadget Y,7,5.49,38.43,Hassan Patel
ORD33559,2024-06-05,Gadget X,4,7.0,28.0,Noor Hussain
ORD33568,2024-06-07,Gadget X,10,7.0,70.0,Ayesha Smith
ORD33570,2024-07-19,Gadget Y,10,5.49,54.9,Hassan Chen
ORD33573,2024-08-03,Widget A,2,12.5,25.0,Ayesha Smith
ORD33575,2024-07-25,Gadget X,1,7.0,7.0,Ayesha Chen
ORD33580,2024-12-25,Gadget X,7,7.0,49.0,Hassan Hussain
ORD33582,2024-09-03,Gadget X,2,7.0,14.0,Ayesha Reyes
ORD33586,2024-08-08,Widget A,6,12.5,75.0,Noor Reyes
ORD33619,2024-08-06,Gadget X,9,770.0,6930.0,Hassan Reyes
ORD33623,2024-10-13,Gadget Y,2,4.94,9.88,Omar Hussain
ORD33623,2024-11-10,Gadget X,4,7.0,28.0,Sara Smith
ORD33629,2024-10-25,Service Plan,3,54.99,164.97,Noor Patel
ORD33637,2024-08-20,Service Plan,7,5499.0,38493.0,Sara Lee
ORD33649,2024-07-29,Gadget Y,3,5.49,16.47,Fatima Khan
ORD33671,2024-06-13,Service Plan,9,49.99,449.0,Maria Smith
ORD33679,2024-09-15,Widget A,6,12.5,75.0,Noor Patel
ORD33684,2024-09-25,Gadget Y,3,5.49,16.47,Noor Lee
ORD33703,2024-12-08,Widget A,3,11.25,33.75,Zain Lee
ORD33711,2024-12-08,Gadget X,1,7.0,7.0,Noor Patel
ORD33716,2024-09-18,Gadget X,5,7.0,35.0,Sara Patel
ORD33722,2024-08-29,Service Plan,6,44.99,269.94,Zain Garcia
ORD33737,2024-11-17,Gadget X,4,7.0,28.0,Maria Iqbal
ORD33741,2024-06-11,Service Plan,4,5499.0,21996.0,John Ahmed
ORD33758,2024-11-21,Gadget X,5,7.0,35.0,John Reyes
ORD33763,2024-08-02,Gadget Y,8,494.0,3953.0,Ayesha Lee
ORD33773,2024-10-01,Widget A,10,1125.0,11250.0,Noor Garcia
ORD33787,2024-09-16,Widget A,2,12.5,25.0,Ayesha Khan
ORD33794,2024-06-30,Widget B,4,21.0,84.0,Ayesha Garcia
ORD33814,2024-10-10,Gadget X,10,700.0,7000.0,Maria Chen
ORD33820,2024-12-04,Gadget X,9,7.7,69.3,Zain Khan
ORD33833,2024-09-23,Widget A,8,11.25,90.0,Hassan Smith
ORD33847,2024-10-13,Widget A,5,1125.0,5625.0,Sara Reyes
ORD33848,2024-09-23,Gadget Y,5,6.04,30.2,Fatima Ahmed
ORD33862,2024-09-07,Widget B,1,19.99,19.99,Noor Smith
ORD33868,2024-09-29,Gadget X,9,700.0,6300.0,Omar Lee
ORD33880,2024-05-06,Widget A,3,1125.0,3375.0,Omar Smith
ORD33884,2024-12-03,Widget B,1,19.0,19.0,Sara Patel
ORD33894,2024-03-07,Widget A,10,12.5,125.0,Ali Hussain
ORD33910,2024-06-07,Widget A,1,1250.0,1250.0,Zain Garcia
ORD33915,2024-06-10,Widget A,3,12.5,37.0,Ali Garcia
ORD33923,2024-11-09,Service Plan,9,49.0,441.0,Sara Patel
ORD33937,2024-12-06,Service Plan,2,4999.0,9998.0,Sara Iqbal
ORD33944,2024-11-24,Widget B,4,2199.0,8796.0,Sara Smith
ORD33948,2024-08-01,Gadget X,4,7.7,30.8,Maria Patel
ORD33957,2024-09-12,Widget B,8,1999.0,15992.0,Ayesha Patel
ORD33970,2024-07-08,Widget A,7,12.5,87.0,Hassan Reyes
ORD33979,2024-11-08,Gadget Y,9,5.49,49.41,Ali Reyes
ORD33991,2024-11-08,Widget B,3,19.0,57.0,Zain Patel
ORD33996,2024-08-24,Widget B,9,21.99,197.9,Noor Khan
ORD34006,2024-07-13,Widget B,9,19.99,179.91,Zain Patel
ORD34021,2024-09-09,Gadget Y,1,4.0,4.0,Hassan Smith
ORD34030,2024-11-08,Widget B,1,19.99,19.99,Maria Lee
ORD34054,2024-08-16,Service Plan,8,49.0,392.0,Sara Chen
ORD34056,2024-08-28,Gadget X,10,7.0,70.0,Hassan Patel
ORD34056,2024-10-08,Gadget X,1,700.0,700.0,Ali Patel
ORD34058,2024-06-30,Service Plan,3,4499.0,13497.0,John Iqbal
ORD34064,2024-10-21,Service Plan,9,49.99,449.91,Ayesha Lee
ORD34095,2024-11-19,Gadget X,5,770.0,3850.0,Omar Hussain
ORD34119,2024-03-10,Widget A,4,1250.0,5000.0,Sara Lee
ORD34122,2024-11-18,Widget A,8,1375.0,11000.0,Ali Patel
ORD34123,2024-12-11,Gadget Y,4,5.0,20.0,John Hussain
ORD34127,2024-08-10,Gadget Y,4,604.0,2416.0,Sara Hussain
ORD34141,2024-06-12,Widget A,1,12.5,12.5,Fatima Ahmed
ORD34190,2024-08-06,Gadget Y,7,549.0,3843.0,Sara Reyes
ORD34190,2024-10-07,Widget A,2,12.5,25.0,Noor Khan
ORD34203,2024-12-30,Widget A,9,1250.0,11250.0,Maria Chen
ORD34212,2024-11-17,Service Plan,1,54.0,54.0,Hassan Lee
ORD34218,2024-11-30,Widget A,3,1125.0,3375.0,Maria Hussain
ORD34238,2024-12-03,Gadget Y,4,4.94,19.76,Ayesha Reyes
ORD34243,2024-07-26,Gadget Y,3,6.04,18.12,Ali Lee
ORD34245,2024-08-08,Gadget Y,10,6.04,60.39,Omar Lee
ORD34256,2024-10-17,Widget B,5,19.99,99.0,Hassan Reyes
ORD34273,2024-08-03,Widget B,7,21.99,153.93,Omar Lee
ORD34279,2024-06-29,Widget B,7,17.0,119.0,Hassan Patel
ORD34280,2024-12-04,Widget A,7,12.5,87.5,Hassan Garcia
ORD34285,2024-09-01,Gadget X,2,700.0,1400.0,Hassan Patel
ORD34290,2024-09-08,Gadget Y,5,5.0,25.0,Ayesha Iqbal
ORD34303,2024-09-14,Service Plan,2,44.99,89.98,Hassan Patel
ORD34331,2024-07-22,Widget A,3,12.0,36.0,Sara Smith
ORD34339,2024-12-22,Widget B,1,1999.0,1999.0,Zain Ahmed
ORD34344,2024-08-27,Widget B,6,21.99,131.93,Fatima Reyes
ORD34351,2024-09-18,Service Plan,3,49.99,149.97,Sara Smith
ORD34360,2024-07-14,Widget B,5,19.99,99.95,Noor Reyes
ORD34397,2024-11-20,Gadget Y,8,4.0,31.62,Hassan Hussain
ORD34428,2024-06-28,Gadget X,1,700.0,700.0,Omar Khan
ORD34439,2024-08-22,Widget A,7,12.0,84.0,Sara Iqbal
ORD34447,2024-07-05,Widget B,7,19.99,139.93,Fatima Chen
ORD34450,2024-10-26,Gadget Y,4,6.04,24.0,Noor Khan
ORD34452,2024-01-08,Widget B,5,19.0,95.0,John Ahmed
ORD34461,2024-07-08,Gadget X,8,7.7,61.6,Ali Patel
ORD34481,2024-07-20,Service Plan,8,49.99,399.92,Maria Lee
ORD34482,2024-07-06,Service Plan,7,54.99,384.0,John Patel
ORD34492,2024-12-20,Gadget Y,10,5.0,50.0,Zain Ahmed
ORD34507,2024-07-15,Service Plan,2,5499.0,10998.0,John Khan
ORD34524,2024-12-05,Gadget Y,5,5.49,27.45,Fatima Chen
ORD34538,2024-11-15,Service Plan,10,49.0,490.0,Ayesha Patel
ORD34553,2024-09-06,Widget A,10,13.75,137.0,Maria Reyes
ORD34555,2024-10-24,Service Plan,7,5499.0,38493.0,Ayesha Patel
ORD34557,2024-09-01,Gadget X,4,6.0,24.0,Zain Ahmed
ORD34558,2024-08-18,Gadget X,8,6.3,50.4,Noor Smith
ORD34566,2024-06-07,Service Plan,3,49.99,149.97,Fatima Reyes
ORD34580,2024-07-18,Widget B,10,17.0,170.0,Hassan Reyes
ORD34588,2024-09-26,Service Plan,1,44.99,44.99,Zain Garcia
ORD34596,2024-02-12,Gadget Y,9,5.49,49.41,John Iqbal
ORD34596,2024-09-16,Service Plan,3,44.99,134.97,Ali Hussain
ORD34610,2024-06-16,Widget A,6,12.0,72.0,Ayesha Hussain
ORD34639,2024-08-20,Gadget Y,9,5.49,49.41,Maria Reyes
ORD34660,2024-07-23,Gadget X,1,7.0,7.0,Ayesha Smith
ORD34672,2024-08-22,Service Plan,8,44.99,359.92,Sara Chen
ORD34678,2024-11-14,Widget B,7,19.0,133.0,Sara Reyes
ORD34691,2024-11-15,Service Plan,1,54.0,54.0,Hassan Reyes
ORD34696,2024-11-09,Widget B,8,19.99,159.92,Ayesha Patel
ORD34696,2024-12-21,Service Plan,10,44.99,449.91,Sara Smith
ORD34707,2024-07-15,Service Plan,4,49.99,199.96,Fatima Smith
ORD34707,2024-11-06,Gadget Y,7,549.0,3843.0,Zain Smith
ORD34710,2024-10-12,Widget A,2,1375.0,2750.0,Ayesha Smith
ORD34710,2024-12-21,Widget B,2,21.0,42.0,Sara Reyes
ORD34715,2024-08-29,Gadget Y,8,5.0,40.0,Noor Garcia
ORD34738,2024-12-06,Widget B,1,1999.0,1999.0,Noor Chen
ORD34746,2024-08-10,Gadget Y,5,5.49,27.45,Noor Patel
ORD34759,2024-06-14,Widget A,3,12.0,36.0,Omar Patel
ORD34773,2024-08-03,Gadget X,5,7.0,35.0,Noor Chen
ORD34777,2024-06-21,Gadget Y,9,5.49,49.41,Maria Chen
ORD34784,2024-09-13,Service Plan,10,4499.0,44990.0,Hassan Lee
ORD34841,2024-08-19,Service Plan,8,49.99,399.92,Sara Smith
ORD34844,2024-07-07,Widget B,7,19.99,139.93,Noor Patel
ORD34850,2024-12-04,Widget B,1,17.99,17.99,Noor Chen
ORD34854,2024-06-02,Widget A,9,12.0,108.0,Omar Reyes
ORD34856,2024-07-20,Service Plan,7,49.99,349.93,Noor Lee
ORD34856,2024-08-18,Service Plan,9,49.99,449.0,Fatima Khan
ORD34867,2024-09-02,Widget B,7,19.0,132.93,Fatima Khan
ORD34872,2024-08-08,Gadget X,6,700.0,4200.0,Ali Lee
ORD34892,2024-09-12,Gadget X,8,7.0,56.0,Zain Reyes
ORD34898,2024-12-19,Widget B,5,17.0,85.0,John Hussain
ORD34910,2024-11-27,Widget A,1,12.5,12.5,Maria Patel
ORD34920,2024-11-06,Gadget X,3,700.0,2100.0,Noor Hussain
ORD34924,2024-09-17,Gadget Y,9,549.0,4941.0,Ayesha Reyes
ORD34925,2024-08-14,Service Plan,2,4999.0,9998.0,Ali Chen
ORD34928,2024-06-12,Service Plan,9,49.99,449.91,Sara Chen
ORD34928,2024-11-03,Widget A,9,12.0,108.0,John Garcia
ORD34928,2024-12-07,Gadget Y,8,4.94,39.53,Omar Chen
ORD34934,2024-08-31,Gadget Y,10,549.0,5490.0,Hassan Garcia
ORD34943,2024-06-27,Widget A,2,13.75,27.5,Maria Reyes
ORD34946,2024-08-03,Widget B,6,17.99,107.94,Ayesha Lee
ORD34954,2024-08-14,Gadget X,6,7.0,42.0,Zain Smith
ORD34966,2024-07-17,Widget B,6,17.0,102.0,Hassan Lee
ORD34974,2024-12-22,Gadget X,8,7.7,61.6,Zain Hussain
ORD34979,2024-08-21,Service Plan,3,49.99,149.97,Ayesha Iqbal
ORD34995,2024-10-19,Widget B,1,2199.0,2199.0,Fatima Smith
ORD34998,2024-09-06,Widget B,3,21.99,65.97,John Smith
ORD34998,2024-12-14,Widget A,3,12.5,37.5,Noor Patel
ORD35024,2024-06-21,Service Plan,8,44.99,359.0,Maria Hussain
ORD35046,2024-02-10,Gadget X,7,700.0,4900.0,John Reyes
ORD35050,2024-07-01,Widget B,4,19.99,79.96,Maria Garcia
ORD35059,2024-12-18,Service Plan,5,49.99,249.0,Hassan Reyes
ORD35067,2024-11-07,Gadget X,8,7.0,56.0,Ayesha Patel
ORD35070,2024-11-10,Gadget X,4,7.0,28.0,Noor Iqbal
ORD35075,2024-09-21,Gadget Y,4,5.49,21.96,Maria Hussain
ORD35085,2024-12-21,Widget B,2,17.99,35.98,Maria Smith
ORD35105,2024-07-26,Gadget Y,5,4.94,24.71,Ayesha Garcia
ORD35144,2024-08-22,Widget B,2,21.0,42.0,Hassan Smith
ORD35167,2024-09-18,Gadget Y,4,5.49,21.96,Maria Smith
ORD35172,2024-06-10,Service Plan,1,54.99,54.99,Zain Lee
ORD35198,2024-12-20,Widget B,7,21.99,153.93,John Smith
ORD35201,2024-08-08,Service Plan,10,49.0,490.0,Sara Ahmed
ORD35213,2024-08-13,Widget B,9,21.0,189.0,Sara Khan
ORD35221,2024-03-08,Widget B,3,1999.0,5997.0,Maria Hussain
ORD35232,2024-07-08,Widget B,9,1999.0,17991.0,John Iqbal
ORD35234,2024-09-28,Widget A,6,1250.0,7500.0,Noor Khan
ORD35238,2024-08-29,Gadget Y,6,5.49,32.94,John Ahmed
ORD35238,2024-12-28,Gadget X,8,7.0,56.0,Hassan Reyes
ORD35248,2024-09-03,Service Plan,1,54.99,54.99,Sara Reyes
ORD35252,2024-11-05,Gadget Y,1,4.94,4.94,Zain Smith
ORD35256,2024-12-14,Gadget X,6,6.3,37.8,Omar Smith
ORD35267,2024-03-06,Widget A,2,13.75,27.5,Ali Khan
ORD35285,2024-12-05,Gadget X,8,7.0,56.0,Ayesha Iqbal
ORD35339,2024-08-08,Widget B,1,17.0,17.0,Ayesha Garcia
ORD35365,2024-08-24,Gadget Y,2,5.49,10.98,Omar Smith
ORD35375,2024-07-08,Widget A,10,1375.0,13750.0,Zain Smith
ORD35380,2024-06-30,Gadget Y,10,549.0,5490.0,Zain Chen
ORD35388,2024-09-15,Widget A,6,1250.0,7500.0,John Garcia
ORD35393,2024-06-12,Gadget X,1,7.7,7.7,Sara Khan
ORD35406,2024-08-15,Widget B,6,19.99,119.0,Sara Reyes
ORD35407,2024-09-05,Widget A,5,11.25,56.25,Maria Iqbal
ORD35407,2024-10-12,Gadget X,9,7.0,63.0,Maria Garcia
ORD35425,2024-08-21,Widget B,6,19.99,119.94,Omar Chen
ORD35426,2024-12-10,Widget B,7,21.99,153.0,Ali Garcia
ORD35450,2024-09-13,Widget B,7,17.99,125.93,John Khan
ORD35451,2024-07-18,Gadget Y,10,549.0,5490.0,Fatima Smith
ORD35451,2024-07-30,Gadget X,3,700.0,2100.0,Omar Lee
ORD35479,2024-09-14,Widget A,10,12.5,125.0,Ayesha Patel
ORD35494,2024-09-29,Service Plan,4,5499.0,21996.0,Hassan Iqbal
ORD35513,2024-08-31,Widget A,9,11.25,101.0,Maria Iqbal
ORD35516,2024-12-30,Service Plan,2,44.99,89.98,Fatima Lee
ORD35521,2024-08-11,Service Plan,6,49.99,299.94,Ali Khan
ORD35521,2024-09-23,Gadget Y,2,6.04,12.08,Zain Patel
ORD35522,2024-06-08,Gadget X,4,7.7,30.8,Noor Chen
ORD35535,2024-11-05,Gadget Y,9,5.49,49.41,Noor Hussain
ORD35542,2024-12-14,Gadget X,6,7.0,42.0,Noor Khan
ORD35549,2024-10-12,Gadget X,3,7.0,21.0,Zain Ahmed
ORD35553,2024-12-17,Gadget Y,6,5.49,32.94,Zain Khan
ORD35574,2024-08-07,Widget A,6,1250.0,7500.0,Sara Garcia
ORD35594,2024-09-23,Gadget X,6,7.0,42.0,Noor Garcia
ORD35621,2024-12-26,Gadget Y,10,5.49,54.9,Sara Iqbal
ORD35622,2024-10-18,Widget B,5,19.99,99.95,Noor Smith
ORD35637,2024-10-18,Service Plan,8,49.99,399.92,John Iqbal
ORD35644,2024-12-06,Widget A,6,11.0,66.0,Ali Ahmed
ORD35646,2024-06-09,Gadget X,3,7.0,21.0,Omar Lee
ORD35646,2024-09-11,Gadget X,6,700.0,4200.0,Maria Ahmed
ORD35652,2024-06-10,Gadget Y,6,5.49,32.94,Ali Garcia
ORD35656,2024-11-17,Gadget X,6,700.0,4200.0,Noor Iqbal
ORD35660,2024-08-23,Gadget X,7,7.0,49.0,Omar Lee
ORD35679,2024-10-13,Gadget Y,7,4.0,28.0,Hassan Hussain
ORD35686,2024-12-29,Widget A,1,11.25,11.25,Ayesha Smith
ORD35702,2024-08-11,Service Plan,6,49.99,299.0,John Lee
ORD35711,2024-02-06,Widget A,2,12.5,25.0,Ayesha Khan
ORD35716,2024-11-29,Gadget Y,10,5.49,54.9,Fatima Iqbal
ORD35721,2024-11-08,Widget B,6,19.99,119.94,Maria Iqbal
ORD35722,2024-05-08,Gadget X,3,7.7,23.1,Ayesha Lee
ORD35729,2024-09-14,Service Plan,7,49.99,349.93,Ayesha Ahmed
ORD35739,2024-02-09,Widget B,10,19.99,199.9,Hassan Iqbal
ORD35741,2024-10-21,Gadget Y,7,5.49,38.43,Omar Chen
ORD35743,2024-09-04,Widget A,1,11.25,11.25,Hassan Ahmed
ORD35744,2024-03-06,Service Plan,9,49.0,441.0,Fatima Lee
ORD35758,2024-12-18,Widget A,8,11.25,90.0,Ayesha Patel
ORD35774,2024-08-03,Widget A,6,12.5,75.0,Ayesha Khan
ORD35799,2024-05-08,Service Plan,3,4999.0,14997.0,Hassan Hussain
ORD35799,2024-10-28,Gadget Y,2,5.0,10.0,Omar Khan
ORD35799,2024-11-22,Gadget Y,8,494.0,3952.0,Sara Ahmed
ORD35832,2024-06-11,Service Plan,1,4999.0,4999.0,Sara Reyes
ORD35845,2024-07-22,Widget B,4,17.99,71.96,Zain Iqbal
ORD35861,2024-12-11,Gadget Y,3,5.49,16.47,Maria Hussain
ORD35862,2024-10-09,Widget A,10,1250.0,12500.0,Omar Reyes
ORD35863,2024-09-03,Gadget Y,5,5.0,25.0,Hassan Ahmed
ORD35866,2024-08-19,Service Plan,2,5499.0,10998.0,Fatima Lee
ORD35873,2024-06-26,Service Plan,10,49.99,499.0,Sara Reyes
ORD35873,2024-08-07,Gadget Y,8,5.49,43.92,John Lee
ORD35888,2024-07-19,Widget B,4,19.99,79.96,Maria Iqbal
ORD35892,2024-06-22,Service Plan,9,49.99,449.91,Ayesha Reyes
ORD35903,2024-02-09,Widget A,9,1250.0,11250.0,Noor Chen
ORD35908,2024-03-08,Gadget Y,4,5.49,21.96,Ayesha Smith
ORD35927,2024-12-04,Widget B,6,2199.0,13193.0,Ayesha Iqbal
ORD35944,2024-12-20,Gadget Y,8,5.49,43.92,Fatima Khan
ORD35952,2024-12-12,Service Plan,4,49.0,199.0,John Garcia
ORD35955,2024-10-09,Gadget Y,9,5.49,49.41,Sara Reyes
ORD35971,2024-12-22,Gadget X,9,7.0,63.0,John Garcia
ORD35983,2024-07-18,Gadget X,8,6.0,48.0,Maria Smith
ORD35999,2024-08-18,Gadget X,4,7.0,28.0,Noor Ahmed
ORD36016,2024-12-09,Gadget X,7,7.7,53.9,John Patel
ORD36045,2024-10-14,Gadget X,6,7.0,42.0,Noor Patel
ORD36048,2024-11-06,Widget B,1,1999.0,1999.0,Ali Garcia
ORD36065,2024-12-05,Gadget Y,9,5.0,45.0,Fatima Lee
ORD36079,2024-08-09,Gadget X,2,6.0,12.0,Fatima Patel
ORD36112,2024-07-16,Gadget X,5,770.0,3850.0,Zain Reyes
ORD36116,2024-09-10,Service Plan,2,5499.0,10998.0,Omar Iqbal
ORD36127,2024-12-27,Widget B,7,1799.0,12593.0,John Reyes
ORD36139,2024-09-25,Widget B,4,19.0,76.0,Sara Khan
ORD36148,2024-07-23,Widget B,5,19.99,99.0,John Patel
ORD36160,2024-09-11,Gadget Y,1,6.04,6.04,Maria Lee
ORD36184,2024-09-10,Widget A,5,12.5,62.5,Sara Iqbal
ORD36191,2024-08-14,Widget A,10,13.75,137.5,Maria Garcia
ORD36197,2024-06-28,Widget A,4,12.5,50.0,Sara Iqbal
ORD36203,2024-08-09,Service Plan,8,49.99,399.92,Zain Khan
ORD36205,2024-11-26,Gadget X,10,7.0,70.0,Omar Khan
ORD36205,2024-12-28,Widget B,2,21.99,43.98,Sara Smith
ORD36214,2024-10-31,Gadget X,1,7.0,7.0,Maria Khan
ORD36220,2024-06-03,Widget A,7,12.5,87.5,Hassan Iqbal
ORD36223,2024-10-06,Widget A,3,12.5,37.5,Maria Smith
ORD36225,2024-10-09,Gadget Y,8,5.49,43.92,Ayesha Garcia
ORD36226,2024-11-10,Gadget X,2,7.0,14.0,John Chen
ORD36235,2024-11-18,Widget B,2,17.99,35.98,Maria Patel
ORD36247,2024-11-28,Service Plan,2,49.99,99.98,Fatima Iqbal
ORD36269,2024-03-10,Gadget X,2,7.0,14.0,Fatima Ahmed
ORD36271,2024-07-23,Gadget Y,6,4.94,29.65,Zain Reyes
ORD36277,2024-11-24,Service Plan,1,49.99,49.99,Omar Chen
ORD36278,2024-11-08,Widget B,1,1999.0,1999.0,Noor Hussain
ORD36282,2024-12-14,Widget B,4,21.0,84.0,Ali Patel
ORD36319,2024-12-12,Gadget X,3,7.0,21.0,Fatima Ahmed
ORD36345,2024-08-18,Gadget Y,9,5.49,49.41,Maria Reyes
ORD36350,2024-07-06,Gadget Y,9,5.0,45.0,Noor Hussain
ORD36353,2024-10-21,Service Plan,6,49.0,294.0,Ayesha Ahmed
ORD36413,2024-09-28,Service Plan,9,49.0,441.0,Ayesha Khan
ORD36434,2024-06-20,Gadget X,7,7.0,49.0,Omar Hussain
ORD36444,2024-10-06,Widget A,9,1250.0,11250.0,Ayesha Patel
ORD36496,2024-08-02,Gadget X,6,7.7,46.2,Fatima Garcia
ORD36508,2024-06-01,Widget B,8,2199.0,17592.0,Omar Chen
ORD36534,2024-10-13,Widget A,8,11.0,88.0,Noor Garcia
ORD36543,2024-10-20,Gadget X,1,6.0,6.0,Maria Reyes
ORD36546,2024-06-02,Service Plan,3,49.99,149.97,Omar Patel
ORD36548,2024-11-29,Gadget Y,8,4.0,32.0,Omar Lee
ORD36568,2024-11-17,Widget B,5,19.0,95.0,Sara Patel
ORD36578,2024-08-19,Widget B,2,21.99,43.98,John Reyes
ORD36584,2024-03-08,Widget A,4,13.75,55.0,Omar Patel
ORD36604,2024-07-12,Service Plan,4,44.99,179.96,Hassan Hussain
ORD36610,2024-07-01,Gadget Y,8,5.0,40.0,Omar Iqbal
ORD36611,2024-05-12,Service Plan,9,4999.0,44991.0,Sara Lee
ORD36649,2024-11-23,Gadget Y,9,6.04,54.0,Ali Smith
ORD36653,2024-12-30,Gadget X,10,6.0,60.0,Sara Reyes
ORD36671,2024-08-28,Widget A,8,12.0,96.0,Sara Chen
ORD36677,2024-11-05,Gadget Y,7,5.49,38.43,Ali Ahmed
ORD36680,2024-09-03,Gadget X,6,7.0,42.0,Ayesha Smith
ORD36683,2024-08-28,Gadget X,10,7.0,70.0,Fatima Garcia
ORD36701,2024-07-19,Widget B,7,19.99,139.93,John Garcia
ORD36718,2024-07-25,Gadget Y,7,5.49,38.0,Hassan Iqbal
ORD36720,2024-10-01,Widget A,10,12.5,125.0,Zain Garcia
ORD36724,2024-11-01,Service Plan,6,54.99,329.93,Fatima Smith
ORD36734,2024-07-10,Service Plan,3,49.99,149.97,Maria Lee
ORD36742,2024-08-19,Service Plan,9,49.0,441.0,John Khan
ORD36748,2024-12-15,Widget B,8,19.99,159.92,Noor Garcia
ORD36755,2024-07-03,Gadget Y,4,5.0,20.0,Sara Garcia
ORD36755,2024-11-10,Service Plan,8,49.99,399.92,Omar Hussain
ORD36763,2024-09-17,Service Plan,2,54.99,109.98,Omar Khan
ORD36777,2024-06-14,Service Plan,7,44.99,314.93,Ali Garcia
ORD36777,2024-08-07,Gadget X,1,7.0,7.0,Sara Reyes
ORD36784,2024-06-21,Gadget Y,3,5.0,15.0,Sara Chen
ORD36784,2024-07-04,Widget A,8,13.75,110.0,John Patel
ORD36784,2024-09-08,Widget B,6,19.0,114.0,Fatima Lee
ORD36792,2024-08-12,Widget B,6,17.99,107.95,John Hussain
ORD36797,2024-10-16,Gadget X,10,7.0,70.0,John Lee
ORD36799,2024-06-05,Widget A,3,12.5,37.5,Sara Iqbal
ORD36805,2024-07-11,Gadget Y,3,6.04,18.12,John Hussain
ORD36830,2024-08-15,Widget B,4,21.99,87.96,John Smith
ORD36831,2024-10-26,Widget A,7,11.25,78.75,Ayesha Ahmed
ORD36844,2024-12-23,Service Plan,10,49.0,490.0,Ali Lee
ORD36857,2024-11-22,Widget A,3,13.75,41.25,Noor Hussain
ORD36883,2024-08-07,Gadget X,1,6.0,6.0,Fatima Iqbal
ORD36885,2024-06-05,Service Plan,2,49.0,98.0,Sara Smith
ORD36885,2024-10-24,Service Plan,7,49.0,349.0,Sara Ahmed
ORD36885,2024-11-01,Gadget Y,6,6.04,36.24,Ayesha Reyes
ORD36886,2024-11-20,Gadget Y,7,4.0,28.0,Fatima Patel
ORD36892,2024-07-08,Widget A,6,11.25,67.0,Ayesha Khan
ORD36893,2024-08-06,Gadget X,1,7.0,7.0,Sara Khan
ORD36918,2024-08-18,Gadget X,6,7.7,46.2,Maria Khan
ORD36941,2024-07-19,Gadget Y,9,494.0,4446.0,Omar Patel
ORD36946,2024-08-27,Service Plan,5,44.99,224.95,John Iqbal
ORD36952,2024-12-15,Gadget Y,10,5.49,54.9,Hassan Lee
ORD36971,2024-08-09,Widget B,5,19.0,95.0,Omar Iqbal
ORD36981,2024-11-04,Widget B,6,17.0,102.0,Ali Lee
ORD37027,2024-10-06,Service Plan,5,54.99,274.95,Ayesha Lee
ORD37034,2024-11-19,Gadget X,3,6.3,18.9,Maria Khan
ORD37049,2024-09-18,Gadget X,4,700.0,2800.0,Zain Patel
ORD37052,2024-06-28,Gadget Y,8,4.94,39.52,Zain Lee
ORD37057,2024-06-02,Gadget X,9,700.0,6300.0,John Reyes
ORD37080,2024-11-01,Widget B,5,19.99,99.95,Ayesha Patel
ORD37083,2024-09-19,Service Plan,1,4999.0,4999.0,Sara Iqbal
ORD37086,2024-10-03,Widget A,5,12.5,62.0,Zain Patel
ORD37097,2024-10-19,Gadget Y,4,549.0,2196.0,Noor Garcia
ORD37097,2024-10-25,Service Plan,1,49.99,49.99,Ayesha Hussain
ORD37111,2024-06-24,Widget B,5,19.99,99.95,John Garcia
ORD37114,2024-10-12,Gadget Y,6,6.04,36.24,Ali Hussain
ORD37124,2024-12-24,Widget A,10,12.5,125.0,John Patel
ORD37125,2024-07-05,Widget B,3,17.99,53.97,Ayesha Patel
ORD37145,2024-08-03,Gadget Y,7,4.94,34.59,Fatima Patel
ORD37148,2024-10-06,Gadget X,7,7.0,49.0,Zain Reyes
ORD37150,2024-12-29,Gadget Y,4,4.94,19.76,Omar Iqbal
ORD37155,2024-09-18,Gadget X,7,7.0,49.0,Hassan Smith
ORD37155,2024-11-30,Gadget X,9,7.0,63.0,Ali Ahmed
ORD37195,2024-05-10,Service Plan,2,49.99,99.98,John Ahmed
ORD37207,2024-10-05,Gadget Y,10,4.94,49.0,Maria Smith
ORD37219,2024-06-24,Gadget Y,3,6.04,18.0,Zain Hussain
ORD37233,2024-07-17,Widget B,6,19.99,119.94,Hassan Smith
ORD37236,2024-11-29,Widget B,9,17.99,161.92,Maria Iqbal
ORD37258,2024-08-07,Widget A,5,12.0,60.0,Sara Hussain
ORD37259,2024-09-09,Widget A,8,12.5,100.0,Omar Hussain
ORD37277,2024-12-03,Gadget X,1,7.0,7.0,Sara Smith
ORD37282,2024-11-07,Widget B,4,19.99,79.96,Noor Iqbal
ORD37287,2024-11-25,Widget B,7,19.99,139.93,Ayesha Khan
ORD37295,2024-08-17,Service Plan,4,54.99,219.96,John Iqbal
ORD37299,2024-10-15,Gadget Y,3,5.0,15.0,Zain Lee
ORD37319,2024-10-12,Gadget Y,10,5.0,50.0,Noor Hussain
ORD37326,2024-08-24,Service Plan,6,49.99,299.0,Noor Hussain
ORD37335,2024-12-04,Gadget Y,1,6.04,6.04,Hassan Chen
ORD37341,2024-10-21,Gadget X,8,7.0,56.0,Sara Reyes
ORD37343,2024-11-20,Widget A,10,12.5,125.0,Noor Garcia
ORD37349,2024-12-26,Service Plan,9,44.0,396.0,Sara Smith
ORD37350,2024-09-09,Widget B,8,21.99,175.92,Ali Garcia
ORD37362,2024-12-03,Gadget Y,7,4.0,28.0,Sara Reyes
ORD37365,2024-10-24,Gadget Y,7,6.0,42.0,Sara Iqbal
ORD37374,2024-10-15,Widget A,1,12.5,12.5,Maria Khan
ORD37374,2024-10-30,Service Plan,3,44.99,134.97,Zain Reyes
ORD37375,2024-07-06,Widget B,4,1799.0,7196.0,Fatima Lee
ORD37407,2024-07-17,Gadget X,6,7.0,42.0,Sara Khan
ORD37414,2024-07-03,Gadget Y,5,5.49,27.45,Ali Iqbal
ORD37418,2024-07-05,Gadget Y,5,604.0,3020.0,Ali Garcia
ORD37423,2024-07-26,Gadget Y,4,6.04,24.16,John Ahmed
ORD37426,2024-10-17,Widget A,4,12.5,50.0,Sara Garcia
ORD37428,2024-07-24,Service Plan,8,44.99,359.93,Zain Reyes
ORD37438,2024-11-09,Gadget Y,6,549.0,3294.0,Ali Hussain
ORD37456,2024-08-18,Widget A,5,13.75,68.75,Hassan Ahmed
ORD37470,2024-09-21,Gadget Y,9,5.49,49.41,Fatima Hussain
ORD37488,2024-08-27,Widget B,2,1999.0,3998.0,Ayesha Reyes
ORD37491,2024-09-06,Widget A,2,12.5,25.0,Fatima Ahmed
ORD37496,2024-08-29,Widget B,4,19.0,76.0,Sara Iqbal
ORD37510,2024-09-01,Widget A,1,12.0,12.0,Maria Smith
ORD37525,2024-10-26,Gadget Y,10,5.49,54.9,Hassan Iqbal
ORD37530,2024-07-18,Widget B,1,19.99,19.99,John Hussain
ORD37530,2024-08-13,Gadget X,3,770.0,2310.0,Ayesha Iqbal
ORD37530,2024-09-23,Service Plan,8,4999.0,39992.0,Maria Chen
ORD37538,2024-12-14,Service Plan,4,49.99,199.0,Maria Patel
ORD37542,2024-09-27,Service Plan,2,49.0,98.0,Noor Garcia
ORD37550,2024-08-31,Widget A,1,12.5,12.5,Omar Patel
ORD37553,2024-08-16,Service Plan,6,54.99,329.0,Hassan Garcia
ORD37571,2024-11-04,Widget B,9,17.99,161.92,Sara Chen
ORD37576,2024-10-21,Gadget Y,9,549.0,4941.0,Ayesha Hussain
ORD37585,2024-09-01,Service Plan,4,49.99,199.96,Maria Hussain
ORD37608,2024-12-01,Gadget X,10,700.0,7000.0,Maria Khan
ORD37610,2024-08-27,Service Plan,3,4499.0,13497.0,John Ahmed
ORD37621,2024-05-07,Widget B,8,21.99,175.91,Noor Ahmed
ORD37625,2024-12-03,Gadget X,1,770.0,770.0,Maria Khan
ORD37632,2024-12-28,Widget A,9,12.5,112.0,Ayesha Khan
ORD37637,2024-10-13,Gadget X,5,7.0,35.0,Ayesha Hussain
ORD37663,2024-06-18,Widget B,10,19.0,190.0,Noor Garcia
ORD37678,2024-10-25,Gadget Y,7,5.49,38.43,Omar Hussain
ORD37685,2024-01-08,Gadget Y,1,5.49,5.49,Sara Hussain
ORD37686,2024-07-19,Gadget X,10,6.3,63.0,Zain Reyes
ORD37687,2024-06-24,Gadget Y,1,5.49,5.49,Ali Reyes
ORD37722,2024-12-27,Widget A,9,11.25,101.0,Hassan Reyes
ORD37726,2024-10-25,Widget A,7,12.5,87.5,Ayesha Ahmed
ORD37728,2024-07-24,Widget A,3,12.0,36.0,Noor Patel
ORD37760,2024-10-17,Widget B,5,21.0,105.0,Sara Lee
ORD37764,2024-08-10,Widget A,1,1250.0,1250.0,Maria Patel
ORD37767,2024-08-31,Service Plan,4,44.99,179.96,Ali Khan
ORD37767,2024-09-20,Widget A,9,1125.0,10125.0,Maria Reyes
ORD37769,2024-06-18,Gadget X,4,6.3,25.2,Fatima Iqbal
ORD37800,2024-10-23,Widget A,10,12.5,125.0,Zain Patel
ORD37814,2024-07-31,Service Plan,1,49.99,49.0,John Chen
ORD37817,2024-09-11,Gadget X,5,7.7,38.5,Fatima Lee
ORD37819,2024-10-17,Widget B,7,19.99,139.93,Zain Garcia
ORD37827,2024-10-28,Widget A,4,12.5,50.0,Zain Patel
ORD37857,2024-07-18,Gadget X,9,630.0,5670.0,Noor Reyes
ORD37861,2024-12-28,Widget B,5,19.99,99.95,Fatima Ahmed
ORD37870,2024-11-27,Gadget Y,2,5.49,10.98,Ayesha Hussain
ORD37874,2024-07-06,Service Plan,5,49.99,249.95,Ayesha Hussain
ORD37879,2024-08-23,Widget B,8,17.0,136.0,John Garcia
ORD37886,2024-12-29,Gadget Y,10,549.0,5490.0,Fatima Smith
ORD37897,2024-07-26,Widget B,8,21.0,168.0,John Reyes
ORD37900,2024-11-21,Service Plan,5,54.99,274.95,Ayesha Garcia
ORD37904,2024-07-27,Widget B,10,1999.0,19990.0,Sara Hussain
ORD37908,2024-04-11,Gadget Y,5,5.49,27.45,Ali Patel
ORD37910,2024-11-14,Widget A,8,12.5,100.0,Omar Garcia
ORD37924,2024-09-09,Widget B,3,17.0,51.0,Sara Lee
ORD37947,2024-07-31,Widget A,8,12.5,100.0,Ali Chen
ORD37953,2024-12-04,Widget B,6,19.99,119.94,John Garcia
ORD37956,2024-12-16,Gadget X,7,770.0,5390.0,Sara Smith
ORD37963,2024-09-30,Gadget Y,1,549.0,549.0,Sara Iqbal
ORD37971,2024-12-10,Gadget X,1,6.0,6.0,Ali Ahmed
ORD37978,2024-10-28,Service Plan,7,49.99,349.93,Hassan Patel
ORD37979,2024-06-21,Gadget X,3,6.3,18.9,Hassan Patel
ORD37986,2024-07-14,Gadget X,5,7.0,35.0,John Iqbal
ORD38011,2024-12-11,Service Plan,7,49.99,349.93,Fatima Hussain
ORD38036,2024-07-13,Gadget X,3,770.0,2310.0,Omar Hussain
ORD38051,2024-08-10,Gadget Y,6,494.0,2964.0,Ayesha Chen
ORD38080,2024-10-17,Widget B,10,17.0,170.0,Omar Hussain
ORD38083,2024-08-21,Widget B,9,17.99,161.92,Zain Chen
ORD38090,2024-06-20,Service Plan,9,4999.0,44991.0,Fatima Lee
ORD38092,2024-08-30,Service Plan,3,4999.0,14997.0,John Ahmed
ORD38096,2024-06-23,Widget A,7,12.5,87.5,Zain Khan
ORD38102,2024-11-15,Gadget X,3,700.0,2100.0,Hassan Garcia
ORD38106,2024-07-17,Gadget Y,5,604.0,3020.0,Ayesha Garcia
ORD38111,2024-09-20,Widget A,5,11.25,56.0,Sara Chen
ORD38115,2024-09-25,Gadget Y,4,5.49,21.96,Ali Reyes
ORD38119,2024-07-26,Gadget X,2,7.0,14.0,Noor Reyes
ORD38128,2024-07-29,Gadget X,10,7.0,70.0,Hassan Lee
ORD38169,2024-07-24,Widget A,4,12.5,50.0,Omar Reyes
ORD38176,2024-08-18,Service Plan,3,54.99,164.97,John Iqbal
ORD38197,2024-10-16,Widget B,2,17.99,35.98,Ali Lee
ORD38200,2024-11-10,Gadget X,7,6.3,44.1,Fatima Reyes
ORD38205,2024-12-10,Service Plan,9,44.99,404.92,Omar Reyes
ORD38212,2024-11-08,Widget B,5,1799.0,8995.0,Noor Iqbal
ORD38217,2024-11-26,Gadget Y,7,549.0,3843.0,Noor Ahmed
ORD38219,2024-06-17,Widget B,2,19.99,39.98,Maria Reyes
ORD38219,2024-09-22,Service Plan,10,54.99,549.9,Hassan Chen
ORD38227,2024-09-02,Widget A,4,12.5,50.0,John Patel
ORD38242,2024-06-17,Gadget Y,7,5.0,35.0,Noor Khan
ORD38245,2024-06-08,Gadget Y,6,494.0,2964.0,Zain Chen
ORD38258,2024-12-31,Widget B,3,19.99,59.97,Omar Ahmed
ORD38263,2024-08-04,Gadget X,5,7.0,35.0,Omar Lee
ORD38267,2024-10-24,Widget A,6,13.0,78.0,Omar Ahmed
ORD38270,2024-08-24,Service Plan,3,4999.0,14997.0,Noor Reyes
ORD38273,2024-04-11,Gadget Y,4,549.0,2196.0,Hassan Garcia
ORD38277,2024-10-26,Service Plan,2,49.99,99.0,Hassan Ahmed
ORD38291,2024-08-02,Widget B,1,19.0,19.0,Maria Iqbal
ORD38300,2024-07-21,Service Plan,6,54.99,329.0,Noor Iqbal
ORD38316,2024-10-30,Gadget X,5,7.0,35.0,Omar Smith
ORD38316,2024-12-24,Widget A,7,1250.0,8750.0,John Patel
ORD38322,2024-09-07,Gadget Y,3,5.0,15.0,Sara Garcia
ORD38335,2024-12-28,Gadget X,4,7.0,28.0,Fatima Reyes
ORD38339,2024-12-18,Service Plan,1,49.99,49.99,Omar Reyes
ORD38355,2024-12-30,Gadget X,9,7.0,63.0,Ayesha Garcia
ORD38362,2024-08-11,Widget A,2,11.25,22.5,Fatima Lee
ORD38364,2024-08-24,Gadget X,6,7.0,42.0,Zain Chen
ORD38382,2024-09-23,Widget A,5,12.5,62.5,Fatima Khan
ORD38382,2024-10-07,Gadget X,9,6.0,53.0,Maria Iqbal
ORD38387,2024-08-17,Widget B,9,21.99,197.9,Hassan Garcia
ORD38397,2024-06-20,Gadget X,9,7.7,69.3,Noor Garcia
ORD38402,2024-08-23,Widget B,1,1999.0,1999.0,Maria Chen
ORD38402,2024-11-24,Widget B,3,19.99,59.97,John Garcia
ORD38404,2024-07-03,Gadget Y,5,5.49,27.45,Ali Reyes
ORD38405,2024-09-06,Widget A,2,11.25,22.5,Ayesha Smith
ORD38425,2024-07-08,Service Plan,9,5499.0,49491.0,Sara Smith
ORD38428,2024-12-16,Widget A,4,12.5,50.0,Omar Khan
ORD38440,2024-09-26,Widget B,1,1999.0,1999.0,Zain Hussain
ORD38442,2024-07-25,Gadget Y,4,5.49,21.96,Sara Patel
ORD38460,2024-06-10,Widget B,3,19.99,59.0,Hassan Patel
ORD38468,2024-06-09,Widget A,3,12.5,37.5,Ayesha Smith
ORD38476,2024-10-05,Gadget Y,9,5.49,49.41,Omar Reyes
ORD38477,2024-07-05,Widget B,7,21.0,147.0,Hassan Lee
ORD38483,2024-09-19,Service Plan,9,49.0,449.0,Maria Hussain
ORD38492,2024-09-08,Gadget Y,8,4.0,32.0,Hassan Patel
ORD38499,2024-11-22,Widget B,7,1999.0,13993.0,Ayesha Smith
ORD38508,2024-07-01,Widget B,6,19.0,114.0,John Khan
ORD38516,2024-07-03,Widget A,4,12.5,50.0,Noor Hussain
ORD38521,2024-08-02,Service Plan,9,49.99,449.91,Fatima Reyes
ORD38530,2024-12-26,Widget B,6,17.99,107.95,Omar Lee
ORD38533,2024-12-11,Service Plan,1,4499.0,4499.0,Ali Smith
ORD38534,2024-06-07,Widget B,5,19.0,95.0,Ayesha Iqbal
ORD38539,2024-06-16,Service Plan,8,44.0,352.0,Ali Reyes
ORD38548,2024-11-17,Widget B,10,19.99,199.0,Fatima Reyes
ORD38551,2024-11-02,Widget B,3,19.99,59.97,Sara Patel
ORD38569,2024-09-28,Gadget X,6,7.0,42.0,Noor Khan
ORD38584,2024-08-18,Widget A,8,12.0,96.0,Sara Lee
ORD38591,2024-12-12,Service Plan,5,49.99,249.95,John Patel
ORD38595,2024-07-01,Widget A,5,1250.0,6250.0,Omar Smith
ORD38608,2024-12-29,Gadget Y,9,5.49,49.41,Ayesha Garcia
ORD38629,2024-07-16,Gadget X,1,700.0,700.0,Fatima Patel
ORD38629,2024-07-29,Service Plan,9,44.0,396.0,Noor Garcia
ORD38634,2024-06-14,Gadget Y,2,6.04,12.0,Omar Garcia
ORD38643,2024-06-11,Widget B,4,19.0,75.96,Hassan Chen
ORD38644,2024-12-26,Service Plan,10,49.0,490.0,Maria Khan
ORD38661,2024-07-08,Widget B,1,19.0,19.0,Zain Lee
ORD38662,2024-08-24,Gadget X,9,7.0,63.0,Sara Lee
ORD38675,2024-09-20,Widget A,8,12.5,100.0,Sara Chen
ORD38676,2024-07-18,Widget B,2,2199.0,4398.0,John Garcia
ORD38678,2024-10-26,Service Plan,9,49.0,441.0,Ayesha Smith
ORD38684,2024-07-09,Gadget Y,10,5.49,54.9,Zain Patel
ORD38690,2024-11-12,Service Plan,7,49.0,343.0,Ayesha Chen
ORD38695,2024-11-06,Gadget X,5,700.0,3500.0,Hassan Hussain
ORD38723,2024-10-18,Gadget Y,5,5.49,27.45,Hassan Hussain
ORD38731,2024-09-02,Widget A,6,1375.0,8250.0,Omar Iqbal
ORD38737,2024-11-26,Widget A,2,1375.0,2750.0,Fatima Lee
ORD38742,2024-08-18,Widget B,3,21.99,65.97,Maria Iqbal
ORD38743,2024-08-25,Widget A,9,13.0,117.56,Omar Lee
ORD38751,2024-09-20,Widget B,7,21.0,147.0,Noor Hussain
ORD38756,2024-08-18,Gadget X,9,700.0,6300.0,Hassan Garcia
ORD38766,2024-01-06,Gadget X,9,7.0,63.0,Zain Lee
ORD38769,2024-10-27,Service Plan,4,54.99,219.96,Fatima Chen
ORD38776,2024-09-15,Widget A,2,12.0,24.0,Omar Garcia
ORD38797,2024-11-08,Gadget Y,9,5.49,49.41,Omar Iqbal
ORD38808,2024-11-27,Service Plan,5,44.99,224.95,Noor Iqbal
ORD38816,2024-11-29,Gadget X,5,7.0,35.0,Fatima Lee
ORD38821,2024-08-28,Service Plan,6,4999.0,29994.0,Sara Reyes
ORD38839,2024-07-05,Service Plan,7,49.99,349.93,Hassan Garcia
ORD38848,2024-10-25,Widget B,10,17.0,170.0,Ali Khan
ORD38857,2024-08-18,Widget A,7,1250.0,8750.0,John Garcia
ORD38860,2024-07-09,Gadget X,3,7.7,23.1,Ayesha Khan
ORD38878,2024-07-25,Service Plan,8,44.99,359.93,Noor Chen
ORD38878,2024-08-25,Widget A,2,12.5,25.0,Zain Iqbal
ORD38888,2024-06-10,Gadget Y,2,4.0,8.0,Omar Ahmed
ORD38888,2024-07-11,Gadget Y,7,5.0,35.0,Sara Garcia
ORD38889,2024-01-07,Widget B,5,19.99,99.95,Omar Smith
ORD38890,2024-12-16,Widget A,8,12.5,100.0,Sara Hussain
ORD38892,2024-12-12,Gadget X,1,7.0,7.0,Omar Lee
ORD38894,2024-09-28,Widget B,1,19.99,19.99,Ali Hussain
ORD38903,2024-07-24,Service Plan,4,4999.0,19996.0,John Chen
ORD38903,2024-10-09,Service Plan,1,49.99,49.99,Maria Ahmed
ORD38907,2024-08-26,Service Plan,8,49.99,399.92,Ayesha Khan
ORD38934,2024-07-27,Gadget Y,10,549.0,5490.0,Hassan Khan
ORD38951,2024-11-17,Gadget Y,2,5.49,10.98,Ali Ahmed
ORD38963,2024-01-08,Gadget Y,10,549.0,5490.0,John Iqbal
ORD38979,2024-08-21,Gadget Y,5,549.0,2745.0,Zain Iqbal
ORD38980,2024-07-29,Gadget X,1,7.0,7.0,Ali Iqbal
ORD39013,2024-08-27,Service Plan,7,44.99,314.94,Sara Iqbal
ORD39031,2024-06-29,Widget B,10,19.99,199.9,Ayesha Hussain
ORD39053,2024-07-22,Gadget Y,2,6.04,12.08,John Reyes
ORD39064,2024-07-09,Widget B,2,2199.0,4398.0,Sara Iqbal
ORD39065,2024-10-07,Service Plan,4,49.99,199.96,Ayesha Smith
ORD39069,2024-07-29,Widget B,8,1799.0,14393.0,Noor Smith
ORD39069,2024-11-18,Gadget Y,5,604.0,3020.0,Hassan Lee
ORD39075,2024-06-10,Widget A,10,13.75,137.5,John Chen
ORD39080,2024-08-08,Gadget X,6,7.7,46.2,Fatima Reyes
ORD39087,2024-11-15,Gadget Y,6,4.94,29.65,Fatima Chen
ORD39093,2024-10-26,Service Plan,4,4499.0,17996.0,Ali Khan
ORD39094,2024-09-20,Service Plan,10,54.99,549.89,Ali Ahmed
ORD39113,2024-09-24,Widget A,5,12.0,60.0,Fatima Patel
ORD39113,2024-10-19,Widget B,9,19.99,179.91,Sara Khan
ORD39124,2024-09-18,Widget B,3,19.99,59.97,Ali Ahmed
ORD39132,2024-10-08,Gadget X,9,7.7,69.3,Sara Chen
ORD39133,2024-08-28,Gadget Y,1,5.49,5.49,Hassan Chen
ORD39136,2024-12-21,Gadget Y,4,4.0,16.0,Noor Ahmed
ORD39143,2024-10-11,Widget A,2,12.5,25.0,Hassan Hussain
ORD39144,2024-07-03,Widget B,4,19.0,75.96,Sara Khan
ORD39157,2024-09-27,Service Plan,3,54.99,164.0,Ayesha Patel
ORD39170,2024-12-08,Widget B,4,19.0,76.0,Ayesha Iqbal
ORD39172,2024-09-17,Service Plan,8,4999.0,39992.0,Maria Smith
ORD39188,2024-09-04,Widget A,1,1375.0,1375.0,John Chen
ORD39197,2024-09-30,Widget A,4,1250.0,5000.0,Hassan Khan
ORD39199,2024-10-25,Gadget X,1,7.0,7.0,Ali Smith
ORD39207,2024-10-04,Widget B,4,1799.0,7196.0,Zain Hussain
ORD39214,2024-10-14,Gadget X,4,7.7,30.8,Fatima Smith
ORD39215,2024-09-04,Service Plan,8,49.0,399.0,Zain Hussain
ORD39215,2024-10-11,Gadget Y,6,5.49,32.94,Fatima Smith
ORD39216,2024-09-01,Widget B,4,19.99,79.96,John Iqbal
ORD39217,2024-12-22,Service Plan,9,4999.0,44991.0,Hassan Khan
ORD39223,2024-08-13,Widget B,5,19.99,99.95,Ayesha Ahmed
ORD39236,2024-08-18,Service Plan,8,49.0,392.0,Ayesha Reyes
ORD39253,2024-07-01,Widget A,8,12.5,100.0,Maria Smith
ORD39263,2024-12-29,Widget A,2,1375.0,2750.0,Omar Reyes
ORD39272,2024-12-08,Gadget X,7,700.0,4900.0,Fatima Khan
ORD39303,2024-11-16,Gadget Y,5,6.04,30.0,Zain Chen
ORD39312,2024-07-14,Gadget X,5,630.0,3150.0,Zain Chen
ORD39332,2024-09-05,Gadget X,7,7.7,53.9,Fatima Garcia
ORD39334,2024-08-29,Widget B,8,17.99,143.93,Omar Reyes
ORD39356,2024-08-23,Widget A,7,1250.0,8750.0,Ayesha Khan
ORD39385,2024-07-06,Service Plan,10,44.99,449.91,Maria Patel
ORD39385,2024-07-26,Gadget X,4,6.3,25.2,Ali Ahmed
ORD39389,2024-11-14,Widget A,1,12.5,12.5,Hassan Reyes
ORD39425,2024-11-06,Widget A,7,12.5,87.5,Ali Garcia
ORD39429,2024-11-07,Gadget X,7,7.0,49.0,Ali Lee
ORD39431,2024-06-13,Gadget X,7,6.0,42.0,Noor Khan
ORD39434,2024-07-25,Gadget X,6,7.0,42.0,Maria Hussain
ORD39437,2024-11-19,Gadget Y,4,6.04,24.16,Zain Hussain
ORD39439,2024-08-22,Gadget X,4,7.0,28.0,Noor Khan
ORD39464,2024-08-12,Widget A,8,11.25,90.0,John Patel
ORD39478,2024-11-11,Gadget Y,8,5.49,43.92,Noor Lee
ORD39489,2024-06-28,Service Plan,3,54.0,162.0,Hassan Chen
ORD39490,2024-09-09,Gadget X,5,700.0,3500.0,Sara Reyes
ORD39500,2024-11-27,Widget A,3,13.75,41.25,Omar Hussain
ORD39516,2024-07-04,Widget A,4,1375.0,5500.0,Fatima Khan
ORD39525,2024-12-19,Gadget Y,4,4.0,16.0,John Hussain
ORD39527,2024-12-24,Widget B,7,21.99,153.93,Fatima Patel
ORD39542,2024-02-08,Service Plan,9,49.99,449.0,Hassan Chen
ORD39545,2024-06-19,Service Plan,1,54.99,54.99,Maria Reyes
ORD39559,2024-12-20,Gadget Y,5,4.94,24.7,Zain Hussain
ORD39561,2024-06-19,Widget B,8,17.99,143.0,Fatima Reyes
ORD39563,2024-11-02,Gadget Y,10,5.49,54.9,Sara Lee
ORD39567,2024-07-09,Gadget X,7,7.0,49.0,Omar Lee
ORD39567,2024-07-12,Gadget Y,2,549.0,1098.0,Maria Smith
ORD39588,2024-09-30,Widget A,9,11.25,101.25,Hassan Reyes
ORD39592,2024-06-16,Widget B,1,19.99,19.99,Sara Lee
ORD39592,2024-07-12,Gadget Y,5,5.0,25.0,Ayesha Lee
ORD39592,2024-10-12,Gadget X,6,7.0,42.0,Noor Iqbal
ORD39594,2024-07-02,Gadget Y,5,5.49,27.45,John Garcia
ORD39608,2024-08-01,Gadget X,6,700.0,4200.0,Zain Lee
ORD39609,2024-09-14,Gadget Y,10,4.0,40.0,Omar Lee
ORD39617,2024-11-14,Service Plan,5,49.0,249.0,Omar Garcia
ORD39619,2024-09-13,Gadget X,1,7.0,7.0,Zain Garcia
ORD39626,2024-08-28,Widget A,4,12.5,50.0,Noor Iqbal
ORD39626,2024-09-29,Widget B,1,17.99,17.99,Noor Khan
ORD39632,2024-08-03,Gadget X,6,700.0,4200.0,Ayesha Khan
ORD39640,2024-10-23,Gadget Y,9,5.49,49.41,Maria Garcia
ORD39661,2024-11-03,Widget B,8,21.99,175.91,Zain Ahmed
ORD39669,2024-01-12,Service Plan,7,49.99,349.93,Fatima Khan
ORD39672,2024-12-13,Widget A,9,1125.0,10125.0,Zain Reyes
ORD39673,2024-07-22,Widget B,2,19.99,39.98,Hassan Chen
ORD39682,2024-12-13,Service Plan,7,49.99,349.93,Hassan Iqbal
ORD39683,2024-11-20,Service Plan,7,49.99,349.93,Maria Garcia
ORD39685,2024-09-04,Gadget X,10,7.0,70.0,Fatima Iqbal
ORD39688,2024-07-30,Gadget X,7,700.0,4900.0,Maria Chen
ORD39698,2024-07-13,Gadget Y,4,5.0,20.0,Noor Ahmed
ORD39713,2024-09-28,Widget A,7,12.5,87.5,Fatima Smith
ORD39716,2024-12-09,Service Plan,1,54.99,54.99,Zain Lee
ORD39731,2024-12-02,Gadget X,7,7.0,49.0,Ayesha Smith
ORD39736,2024-06-13,Widget B,2,19.99,39.98,Ayesha Reyes
ORD39742,2024-09-30,Widget B,7,1999.0,13993.0,Fatima Ahmed
ORD39754,2024-07-29,Gadget Y,6,6.04,36.24,Fatima Lee
ORD39761,2024-07-24,Widget A,6,12.5,75.0,Ali Smith
ORD39778,2024-09-29,Service Plan,6,54.99,329.94,Zain Ahmed
ORD39779,2024-12-26,Gadget Y,5,5.49,27.45,Hassan Iqbal
ORD39789,2024-06-20,Widget B,7,19.0,133.0,John Patel
ORD39789,2024-10-15,Widget B,5,21.0,105.0,Omar Ahmed
ORD39793,2024-10-10,Widget A,7,12.5,87.5,Noor Lee
ORD39830,2024-08-02,Service Plan,10,54.99,549.89,Ayesha Reyes
ORD39834,2024-11-08,Widget B,4,1999.0,7996.0,John Reyes
ORD39852,2024-06-06,Widget A,1,12.5,12.5,Omar Iqbal
ORD39855,2024-10-04,Service Plan,10,4499.0,44990.0,Ali Hussain
ORD39862,2024-12-13,Gadget Y,1,5.0,5.0,Zain Patel
ORD39863,2024-08-11,Gadget Y,3,5.49,16.47,Hassan Smith
ORD39864,2024-09-06,Gadget X,7,700.0,4900.0,John Khan
ORD39895,2024-06-24,Widget B,8,17.99,143.93,Ali Patel
ORD39898,2024-08-24,Gadget Y,2,4.0,8.0,Omar Hussain
ORD39898,2024-10-12,Service Plan,4,4999.0,19996.0,Hassan Chen
ORD39902,2024-08-31,Service Plan,7,54.99,384.93,Sara Ahmed
ORD39930,2024-06-11,Gadget X,1,770.0,770.0,Omar Garcia
ORD39933,2024-09-04,Gadget Y,1,549.0,549.0,Noor Garcia
ORD39940,2024-11-15,Gadget X,4,700.0,2800.0,Maria Smith
ORD39941,2024-12-10,Service Plan,5,4499.0,22495.0,Zain Garcia
ORD39958,2024-06-07,Widget A,10,11.25,112.5,Hassan Ahmed
ORD39967,2024-06-12,Widget B,2,19.0,38.0,Omar Garcia
ORD39974,2024-12-02,Service Plan,3,49.99,149.97,Noor Hussain
ORD39984,2024-06-02,Widget A,3,13.0,39.0,Omar Hussain
ORD40005,2024-11-27,Service Plan,8,49.99,399.92,Fatima Garcia
ORD40008,2024-09-07,Widget A,2,12.5,25.0,Hassan Ahmed
ORD40013,2024-07-21,Gadget Y,1,5.0,5.0,Zain Iqbal
ORD40016,2024-09-12,Service Plan,6,49.99,299.94,Omar Hussain
ORD40028,2024-06-08,Service Plan,4,44.99,179.96,Maria Ahmed
ORD40038,2024-09-07,Widget A,8,12.0,96.0,Fatima Ahmed
ORD40049,2024-11-27,Widget B,5,17.99,89.95,Maria Reyes
ORD40058,2024-10-05,Service Plan,6,49.0,299.0,Hassan Garcia
ORD40062,2024-11-06,Service Plan,1,44.99,44.99,Ayesha Ahmed
ORD40069,2024-11-07,Widget B,3,19.0,57.0,Fatima Hussain
ORD40094,2024-06-28,Widget A,1,11.25,11.25,Omar Patel
ORD40104,2024-06-30,Gadget Y,2,5.49,10.98,John Reyes
ORD40114,2024-11-30,Service Plan,10,49.0,490.0,Sara Lee
ORD40120,2024-08-06,Gadget X,2,7.0,14.0,Omar Patel
ORD40120,2024-11-17,Service Plan,7,44.99,314.94,John Patel
ORD40135,2024-10-30,Gadget X,4,7.0,28.0,John Patel
ORD40161,2024-06-13,Gadget X,4,7.7,30.8,Hassan Chen
ORD40169,2024-07-24,Widget B,10,21.99,219.89,Hassan Khan
ORD40182,2024-09-28,Service Plan,4,49.0,196.0,Ali Hussain
ORD40183,2024-06-11,Gadget Y,2,6.04,12.08,Maria Iqbal
ORD40201,2024-08-01,Widget B,1,19.0,19.0,John Reyes
ORD40205,2024-09-20,Service Plan,7,4999.0,34993.0,Zain Ahmed
ORD40208,2024-06-16,Widget B,2,19.0,38.0,Noor Iqbal
ORD40219,2024-06-29,Gadget X,7,6.3,44.1,John Smith
ORD40222,2024-10-28,Gadget Y,6,5.49,32.94,Maria Iqbal
ORD40228,2024-10-29,Widget B,9,19.99,179.91,Omar Ahmed
ORD40241,2024-09-21,Service Plan,2,4499.0,8998.0,Hassan Ahmed
ORD40245,2024-10-25,Widget B,3,19.0,57.0,Omar Hussain
ORD40247,2024-06-16,Service Plan,6,49.0,294.0,Sara Patel
ORD40254,2024-08-03,Gadget X,9,630.0,5670.0,Ali Smith
ORD40254,2024-11-08,Widget B,1,19.0,19.0,Omar Patel
ORD40261,2024-06-26,Gadget Y,5,4.0,20.0,Sara Reyes
ORD40261,2024-09-28,Widget B,4,2199.0,8796.0,Sara Khan
ORD40267,2024-08-09,Gadget X,5,7.0,35.0,Omar Chen
ORD40270,2024-01-08,Gadget Y,3,5.0,15.0,Hassan Ahmed
ORD40273,2024-07-28,Gadget X,9,7.0,63.0,Maria Khan
ORD40278,2024-06-25,Gadget Y,8,4.0,32.0,Fatima Iqbal
ORD40281,2024-07-10,Widget B,1,19.99,19.99,Omar Patel
ORD40289,2024-11-18,Service Plan,6,49.99,299.94,Sara Garcia
ORD40297,2024-11-07,Gadget X,6,7.0,42.0,Noor Iqbal
ORD40320,2024-06-01,Widget A,5,11.25,56.25,Sara Hussain
ORD40326,2024-07-11,Service Plan,5,49.99,249.0,Noor Lee
ORD40335,2024-11-24,Widget B,1,19.0,18.99,Hassan Chen
ORD40337,2024-07-11,Gadget X,2,770.0,1540.0,Zain Hussain
ORD40338,2024-06-13,Gadget Y,8,494.0,3952.0,Noor Khan
ORD40350,2024-09-24,Widget B,6,19.99,119.94,Ali Ahmed
ORD40353,2024-07-21,Service Plan,9,4499.0,40491.0,Maria Chen
ORD40375,2024-06-17,Gadget X,6,700.0,4200.0,Ali Khan
ORD40375,2024-07-22,Gadget X,8,6.0,48.0,Noor Khan
ORD40381,2024-11-09,Gadget X,8,7.0,56.0,Ali Chen
ORD40384,2024-08-11,Gadget X,1,7.0,7.0,Omar Khan
ORD40388,2024-09-08,Gadget Y,6,5.49,32.94,John Chen
ORD40395,2024-12-27,Gadget Y,7,5.0,35.0,Noor Hussain
ORD40399,2024-06-29,Gadget Y,10,5.49,54.0,Zain Garcia
ORD40402,2024-06-23,Gadget Y,9,5.49,49.41,Ayesha Patel
ORD40413,2024-11-11,Widget A,6,12.5,75.0,Hassan Reyes
ORD40422,2024-08-14,Widget B,2,19.0,38.0,Noor Chen
ORD40425,2024-08-07,Widget A,6,12.5,75.0,Ayesha Patel
ORD40427,2024-10-20,Widget A,4,11.25,45.0,John Patel
ORD40431,2024-11-18,Gadget X,9,7.0,63.0,Ayesha Khan
ORD40443,2024-08-16,Gadget Y,6,5.49,32.94,John Hussain
ORD40472,2024-10-22,Widget B,4,19.99,79.96,Noor Reyes
ORD40482,2024-10-24,Service Plan,7,4999.0,34993.0,Ali Hussain
ORD40487,2024-08-10,Service Plan,7,4999.0,34993.0,Noor Lee
ORD40496,2024-11-25,Widget B,1,19.0,19.0,Ali Hussain
ORD40502,2024-08-25,Gadget Y,9,6.04,54.35,Ayesha Smith
ORD40507,2024-06-10,Gadget Y,1,6.04,6.04,Hassan Garcia
ORD40507,2024-11-11,Gadget X,3,7.7,23.0,Omar Lee
ORD40516,2024-09-10,Gadget X,9,700.0,6300.0,Ali Patel
ORD40519,2024-08-17,Gadget X,8,7.0,56.0,Ali Hussain
ORD40539,2024-10-17,Gadget X,1,7.0,7.0,Omar Reyes
ORD40569,2024-08-07,Service Plan,6,54.99,329.94,Fatima Iqbal
ORD40577,2024-09-24,Gadget Y,1,549.0,549.0,Hassan Hussain
ORD40578,2024-12-30,Widget B,6,21.99,131.94,Fatima Khan
ORD40584,2024-08-11,Widget A,1,12.5,12.5,Hassan Reyes
ORD40585,2024-10-27,Gadget X,9,700.0,6300.0,Maria Garcia
ORD40590,2024-10-21,Gadget Y,9,4.94,44.47,Zain Patel
ORD40595,2024-07-08,Service Plan,4,5499.0,21996.0,Ali Smith
ORD40596,2024-07-06,Gadget X,3,7.7,23.1,Hassan Ahmed
ORD40623,2024-12-01,Widget A,2,12.5,25.0,Ayesha Patel
ORD40649,2024-09-12,Service Plan,2,49.99,99.98,Noor Patel
ORD40666,2024-08-21,Gadget Y,7,5.49,38.43,Omar Chen
ORD40667,2024-10-05,Service Plan,3,49.99,149.97,Fatima Chen
ORD40690,2024-06-29,Gadget Y,3,549.0,1647.0,Fatima Chen
ORD40740,2024-06-26,Gadget X,10,7.0,70.0,John Patel
ORD40742,2024-07-12,Service Plan,8,49.99,399.92,Omar Iqbal
ORD40762,2024-10-07,Widget A,8,1125.0,9000.0,Sara Hussain
ORD40785,2024-08-29,Service Plan,7,49.99,349.93,Sara Smith
ORD40785,2024-12-26,Service Plan,2,44.0,88.0,Sara Khan
ORD40794,2024-10-19,Widget A,6,11.25,67.5,Noor Khan
ORD40814,2024-07-06,Gadget Y,4,6.04,24.16,Fatima Patel
ORD40816,2024-08-13,Widget B,10,1999.0,19990.0,Sara Ahmed
ORD40828,2024-09-12,Widget A,10,12.5,125.0,Noor Chen
ORD40852,2024-08-01,Widget B,5,17.99,89.95,Zain Chen
ORD40861,2024-11-09,Widget A,2,1250.0,2500.0,Fatima Patel
ORD40862,2024-07-31,Service Plan,2,49.0,98.0,Noor Lee
ORD40866,2024-11-27,Widget A,9,13.0,117.0,Ayesha Garcia
ORD40869,2024-12-16,Widget B,9,19.99,179.91,Sara Reyes
ORD40874,2024-09-20,Gadget Y,1,6.04,6.04,Ali Chen
ORD40881,2024-09-04,Widget A,8,12.5,100.0,Ali Khan
ORD40881,2024-10-30,Service Plan,9,44.99,404.91,Zain Chen
ORD40882,2024-06-29,Widget B,4,19.0,76.0,Noor Garcia
ORD40894,2024-12-29,Gadget Y,4,5.49,21.96,Maria Reyes
ORD40897,2024-08-19,Widget A,3,11.25,33.75,Ayesha Chen
ORD40906,2024-07-08,Gadget X,2,7.0,14.0,Noor Smith
ORD40910,2024-08-30,Widget A,5,12.0,60.0,Sara Smith
ORD40923,2024-08-07,Widget A,7,12.0,84.0,Ayesha Reyes
ORD40926,2024-06-07,Widget B,3,21.99,65.97,Fatima Hussain
ORD40928,2024-08-31,Widget A,6,12.0,72.0,Sara Chen
ORD40937,2024-06-29,Service Plan,1,49.99,49.0,Noor Khan
ORD40937,2024-12-13,Widget A,3,1250.0,3750.0,Sara Ahmed
ORD40956,2024-06-18,Gadget X,8,770.0,6160.0,Maria Hussain
ORD40964,2024-09-13,Gadget Y,1,4.94,4.94,Sara Reyes
ORD40967,2024-11-29,Gadget X,6,6.3,37.8,John Chen
ORD40976,2024-06-12,Widget B,4,19.0,76.0,John Hussain
ORD40992,2024-07-13,Gadget X,6,7.0,42.0,John Iqbal
ORD41006,2024-07-31,Widget B,9,19.0,171.0,Noor Khan
ORD41013,2024-06-27,Widget B,7,21.99,153.92,Sara Reyes
ORD41025,2024-11-04,Widget A,2,12.5,25.0,Zain Smith
ORD41037,2024-10-17,Widget A,3,12.5,37.5,Hassan Garcia
ORD41044,2024-10-10,Gadget Y,3,5.49,16.47,Sara Chen
ORD41046,2024-08-16,Gadget Y,9,4.94,44.46,Hassan Ahmed
ORD41049,2024-07-23,Service Plan,4,49.99,199.96,Fatima Smith
ORD41062,2024-08-22,Widget A,7,12.0,83.12,Noor Smith
ORD41066,2024-06-28,Gadget X,4,7.0,28.0,John Chen
ORD41089,2024-07-18,Gadget Y,8,5.49,43.92,Zain Reyes
ORD41127,2024-09-03,Widget A,5,12.0,60.0,Maria Reyes
ORD41133,2024-09-22,Service Plan,5,5499.0,27495.0,Ayesha Hussain
ORD41142,2024-06-05,Gadget X,10,7.0,70.0,Fatima Reyes
ORD41143,2024-12-15,Gadget X,4,630.0,2520.0,Fatima Smith
ORD41144,2024-11-18,Widget B,6,17.99,107.94,Maria Ahmed
ORD41154,2024-12-25,Widget B,8,1799.0,14392.0,Noor Hussain
ORD41205,2024-11-01,Widget A,6,12.5,75.0,Hassan Ahmed
ORD41217,2024-07-02,Service Plan,1,49.99,49.99,Maria Reyes
ORD41228,2024-11-11,Gadget Y,1,5.0,5.0,Zain Hussain
ORD41231,2024-11-13,Service Plan,3,44.99,134.97,Ayesha Chen
ORD41242,2024-08-31,Widget A,3,11.25,33.75,Omar Chen
ORD41264,2024-11-25,Gadget X,1,630.0,630.0,Ayesha Ahmed
ORD41274,2024-06-29,Gadget Y,2,4.0,8.0,Noor Hussain
ORD41279,2024-07-24,Widget A,9,11.25,101.25,Fatima Lee
ORD41289,2024-08-05,Widget A,4,12.5,50.0,Sara Hussain
ORD41293,2024-06-28,Widget A,9,13.75,123.75,Maria Garcia
ORD41293,2024-10-03,Gadget X,6,6.3,37.8,Ayesha Ahmed
ORD41294,2024-10-08,Gadget Y,9,6.04,54.36,Maria Khan
ORD41300,2024-10-25,Gadget Y,4,6.0,24.0,Fatima Khan
ORD41300,2024-11-08,Gadget Y,5,5.0,25.0,Omar Hussain
ORD41300,2024-12-09,Gadget Y,8,604.0,4832.0,Zain Chen
ORD41322,2024-11-21,Widget A,4,12.0,48.0,Maria Iqbal
ORD41332,2024-07-25,Service Plan,4,49.0,196.0,Sara Lee
ORD41346,2024-10-28,Gadget Y,4,4.94,19.76,John Hussain
ORD41367,2024-06-27,Service Plan,7,49.99,349.93,Fatima Khan
ORD41369,2024-10-20,Gadget X,5,770.0,3850.0,Fatima Reyes
ORD41369,2024-10-23,Widget B,4,19.99,79.96,Noor Ahmed
ORD41373,2024-07-29,Gadget X,4,7.7,30.8,John Patel
ORD41375,2024-12-31,Gadget X,7,7.0,49.0,Maria Hussain
ORD41379,2024-06-11,Gadget X,10,700.0,7000.0,Maria Hussain
ORD41380,2024-10-23,Widget B,6,19.0,114.0,Omar Lee
ORD41381,2024-07-05,Gadget X,8,700.0,5600.0,Ayesha Garcia
ORD41428,2024-06-12,Widget A,4,11.25,45.0,Ayesha Hussain
ORD41430,2024-11-04,Gadget Y,5,5.0,25.0,Hassan Reyes
ORD41431,2024-07-04,Service Plan,9,54.99,494.9,Ayesha Iqbal
ORD41432,2024-11-14,Widget A,3,12.0,36.0,Ali Iqbal
ORD41433,2024-08-09,Gadget X,10,770.0,7700.0,Noor Ahmed
ORD41439,2024-07-15,Service Plan,2,49.0,98.0,John Garcia
ORD41450,2024-07-26,Gadget X,10,700.0,7000.0,Ayesha Smith
ORD41479,2024-07-16,Service Plan,10,4999.0,49990.0,Fatima Iqbal
ORD41480,2024-12-22,Service Plan,5,44.99,224.95,Ayesha Ahmed
ORD41503,2024-09-06,Widget A,7,12.5,87.5,Ali Khan
ORD41524,2024-11-08,Widget B,1,19.99,19.99,John Patel
ORD41525,2024-10-26,Gadget Y,8,5.49,43.92,Sara Hussain
ORD41527,2024-07-17,Gadget Y,4,4.0,16.0,Ali Hussain
ORD41528,2024-12-12,Service Plan,5,44.99,224.95,Sara Hussain
ORD41529,2024-12-30,Widget B,8,19.0,152.0,Maria Patel
ORD41530,2024-08-11,Gadget Y,4,6.04,24.16,Zain Hussain
ORD41536,2024-08-29,Service Plan,8,44.99,359.92,Fatima Chen
ORD41551,2024-10-16,Gadget X,8,770.0,6160.0,Omar Lee
ORD41554,2024-10-30,Widget B,7,21.99,153.92,Maria Khan
ORD41558,2024-10-14,Widget A,5,12.5,62.5,Ali Patel
ORD41568,2024-11-30,Service Plan,4,49.0,196.0,Omar Khan
ORD41584,2024-10-23,Gadget Y,9,549.0,4941.0,Noor Ahmed
ORD41595,2024-08-24,Service Plan,7,49.99,349.93,Maria Khan
ORD41596,2024-05-11,Gadget Y,6,5.49,32.94,Hassan Garcia
ORD41631,2024-11-01,Widget A,10,13.75,137.5,Hassan Ahmed
ORD41636,2024-07-22,Widget A,3,13.75,41.25,Omar Smith
ORD41642,2024-12-27,Gadget X,1,6.3,6.3,Omar Chen
ORD41643,2024-06-20,Gadget Y,6,5.49,32.94,Sara Ahmed
ORD41646,2024-11-03,Widget A,4,1250.0,5000.0,Ayesha Patel
ORD41661,2024-06-06,Widget A,10,12.5,125.0,Ali Ahmed
ORD41661,2024-08-16,Widget B,5,19.99,99.95,Omar Chen
ORD41671,2024-08-11,Widget A,7,12.5,87.5,Noor Lee
ORD41678,2024-11-26,Widget A,4,1250.0,5000.0,Omar Patel
ORD41693,2024-12-13,Gadget X,10,7.0,70.0,Maria Reyes
ORD41698,2024-07-27,Service Plan,7,49.99,349.0,Zain Smith
ORD41701,2024-10-01,Gadget Y,7,6.04,42.27,Noor Hussain
ORD41715,2024-11-07,Service Plan,7,4999.0,34993.0,Ayesha Ahmed
ORD41732,2024-11-09,Widget A,1,13.0,13.0,Maria Reyes
ORD41737,2024-11-20,Gadget X,8,7.0,56.0,John Ahmed
ORD41740,2024-12-13,Widget A,10,12.0,120.0,Sara Ahmed
ORD41742,2024-07-06,Gadget Y,1,4.94,4.94,Noor Patel
ORD41743,2024-01-11,Gadget Y,10,5.49,54.9,Maria Ahmed
ORD41744,2024-07-11,Gadget X,8,7.0,56.0,Fatima Lee
ORD41746,2024-08-10,Gadget Y,3,6.04,18.12,Noor Ahmed
ORD41749,2024-10-19,Gadget Y,4,604.0,2416.0,Zain Hussain
ORD41766,2024-06-03,Gadget Y,10,6.04,60.39,Omar Garcia
ORD41766,2024-06-30,Gadget Y,5,5.49,27.45,Omar Hussain
ORD41772,2024-08-29,Gadget Y,9,5.49,49.41,Ali Lee
ORD41772,2024-09-17,Gadget X,7,700.0,4900.0,Hassan Smith
ORD41774,2024-09-08,Widget B,2,2199.0,4398.0,Ayesha Garcia
ORD41779,2024-06-13,Service Plan,4,49.0,196.0,Ali Chen
ORD41787,2024-06-22,Widget B,9,19.99,179.0,John Patel
ORD41814,2024-09-11,Service Plan,8,49.0,399.0,Hassan Reyes
ORD41816,2024-10-18,Widget B,10,1999.0,19990.0,Sara Smith
ORD41847,2024-06-04,Widget B,2,19.99,39.98,Ali Garcia
ORD41880,2024-06-07,Widget A,1,12.0,11.88,Maria Chen
ORD41882,2024-09-16,Widget A,2,12.5,25.0,Ali Ahmed
ORD41895,2024-09-22,Service Plan,4,44.99,179.96,Zain Smith
ORD41918,2024-11-21,Service Plan,6,49.0,294.0,Sara Patel
ORD41922,2024-09-03,Service Plan,1,54.0,54.0,John Chen
ORD41958,2024-07-28,Gadget X,6,7.0,42.0,Omar Patel
ORD41961,2024-11-19,Gadget X,10,770.0,7700.0,Noor Patel
ORD41977,2024-06-14,Gadget Y,1,5.49,5.49,John Smith
ORD42007,2024-09-11,Service Plan,7,49.99,349.93,Hassan Khan
ORD42019,2024-06-23,Gadget X,9,7.7,69.3,Omar Reyes
ORD42019,2024-09-17,Service Plan,9,49.99,449.91,Ayesha Lee
ORD42020,2024-10-24,Gadget X,8,700.0,5600.0,Fatima Reyes
ORD42023,2024-11-08,Gadget Y,5,6.04,30.2,Maria Lee
ORD42026,2024-12-16,Gadget Y,6,5.49,32.94,Sara Reyes
ORD42044,2024-12-08,Widget A,3,1250.0,3750.0,Hassan Hussain
ORD42046,2024-12-12,Gadget Y,9,549.0,4941.0,Ali Ahmed
ORD42062,2024-06-13,Service Plan,1,49.99,49.99,Sara Chen
ORD42063,2024-10-07,Service Plan,2,49.99,99.98,Sara Smith
ORD42073,2024-07-17,Gadget X,7,6.3,44.0,Zain Chen
ORD42075,2024-01-08,Widget B,10,19.99,199.9,Hassan Lee
ORD42079,2024-05-11,Gadget Y,2,5.49,10.98,John Chen
ORD42086,2024-01-06,Gadget X,5,6.0,30.0,Zain Chen
ORD42089,2024-06-08,Gadget Y,10,4.94,49.4,Ayesha Smith
ORD42090,2024-06-11,Gadget X,8,7.0,56.0,Sara Iqbal
ORD42091,2024-09-25,Gadget X,4,6.3,25.2,Ayesha Smith
ORD42097,2024-08-23,Widget A,6,12.5,75.0,Omar Chen
ORD42122,2024-08-04,Gadget Y,7,6.04,42.28,Zain Khan
ORD42133,2024-10-16,Gadget Y,9,604.0,5436.0,Ali Khan
ORD42151,2024-07-28,Widget A,7,1375.0,9625.0,Ali Patel
ORD42178,2024-12-08,Gadget X,10,7.0,70.0,Ali Chen
ORD42211,2024-11-27,Gadget Y,8,549.0,4392.0,John Smith
ORD42224,2024-08-26,Gadget X,5,7.0,35.0,Ayesha Hussain
ORD42229,2024-10-22,Widget B,10,19.99,199.9,Ali Hussain
ORD42229,2024-12-28,Gadget Y,6,5.49,32.94,Fatima Reyes
ORD42241,2024-07-31,Gadget Y,1,5.49,5.49,Omar Reyes
ORD42262,2024-06-17,Gadget Y,3,6.04,18.12,Fatima Hussain
ORD42278,2024-07-11,Gadget Y,6,4.94,29.64,Noor Khan
ORD42285,2024-12-13,Service Plan,3,49.99,149.97,Ayesha Smith
ORD42289,2024-10-17,Widget A,4,13.75,55.0,Ayesha Lee
ORD42294,2024-12-21,Widget B,6,17.99,107.95,Ayesha Lee
ORD42298,2024-12-05,Service Plan,10,54.99,549.9,Omar Khan
ORD42305,2024-07-11,Widget B,1,19.99,19.99,Sara Reyes
ORD42307,2024-11-18,Service Plan,8,44.99,359.92,Hassan Patel
ORD42311,2024-07-29,Gadget Y,6,4.94,29.65,Ayesha Chen
ORD42312,2024-06-01,Gadget Y,8,5.0,40.0,Maria Patel
ORD42315,2024-09-10,Service Plan,9,49.0,441.0,Sara Patel
ORD42320,2024-12-05,Gadget X,5,7.7,38.5,John Patel
ORD42321,2024-09-30,Gadget X,7,700.0,4900.0,Fatima Reyes
ORD42339,2024-08-18,Widget B,3,1999.0,5997.0,Omar Lee
ORD42350,2024-11-10,Gadget X,2,6.3,12.6,Noor Chen
ORD42358,2024-10-25,Widget A,4,13.0,52.0,Zain Reyes
ORD42358,2024-11-20,Widget A,1,13.75,13.75,John Iqbal
ORD42361,2024-12-21,Service Plan,10,4999.0,49990.0,Ayesha Hussain
ORD42363,2024-08-27,Gadget Y,2,5.49,10.98,Fatima Hussain
ORD42368,2024-07-30,Widget B,5,19.99,99.95,John Iqbal
ORD42387,2024-11-23,Service Plan,8,54.99,439.91,John Reyes
ORD42411,2024-09-20,Gadget Y,10,4.94,49.0,Ayesha Iqbal
ORD42411,2024-12-26,Gadget X,3,6.3,18.9,Fatima Hussain
ORD42413,2024-11-17,Gadget Y,8,5.0,40.0,Noor Ahmed
ORD42414,2024-08-17,Gadget X,8,700.0,5600.0,Ali Lee
ORD42416,2024-07-13,Widget A,6,12.5,75.0,Hassan Smith
ORD42427,2024-10-03,Widget B,4,21.99,87.96,Sara Khan
ORD42433,2024-12-08,Widget A,2,12.5,25.0,Sara Ahmed
ORD42434,2024-08-02,Widget B,7,19.0,133.0,Maria Chen
ORD42435,2024-10-27,Service Plan,9,49.0,441.0,Fatima Reyes
ORD42435,2024-11-22,Service Plan,2,44.99,89.98,Ali Chen
ORD42457,2024-08-21,Gadget X,7,7.0,49.0,Noor Khan
ORD42465,2024-12-29,Widget A,10,13.75,137.5,John Patel
ORD42472,2024-07-21,Gadget X,1,770.0,770.0,Ayesha Chen
ORD42481,2024-12-20,Widget B,7,1999.0,13993.0,Fatima Patel
ORD42499,2024-07-26,Gadget X,9,7.7,69.0,Fatima Patel
ORD42504,2024-08-17,Gadget X,8,7.0,56.0,Sara Lee
ORD42520,2024-07-16,Gadget Y,5,4.0,20.0,Noor Iqbal
ORD42586,2024-06-10,Widget A,2,13.0,26.0,John Smith
ORD42598,2024-06-04,Widget A,1,11.25,11.25,Ali Lee
ORD42600,2024-07-11,Gadget Y,2,4.94,9.88,Zain Ahmed
ORD42617,2024-12-18,Widget B,2,17.0,34.0,Omar Smith
ORD42624,2024-10-02,Widget A,4,12.0,48.0,Fatima Ahmed
ORD42631,2024-09-07,Gadget Y,4,5.49,21.96,Maria Smith
ORD42633,2024-11-26,Service Plan,7,44.99,314.93,Sara Hussain
ORD42636,2024-09-30,Gadget Y,10,5.49,54.9,Sara Reyes
ORD42649,2024-10-04,Service Plan,8,49.0,392.0,Maria Ahmed
ORD42653,2024-06-17,Service Plan,1,44.99,44.99,John Smith
ORD42660,2024-12-06,Service Plan,4,54.99,219.96,Omar Reyes
ORD42662,2024-12-29,Gadget Y,7,549.0,3843.0,Ayesha Reyes
ORD42674,2024-11-29,Gadget Y,4,4.0,16.0,Ali Smith
ORD42682,2024-07-28,Gadget X,1,7.0,7.0,Ayesha Hussain
ORD42683,2024-12-19,Widget B,8,19.0,152.0,Sara Garcia
ORD42684,2024-07-31,Service Plan,1,4999.0,4999.0,Sara Ahmed
ORD42684,2024-08-02,Gadget X,7,7.7,53.9,Hassan Reyes
ORD42687,2024-10-15,Widget A,2,1250.0,2500.0,Ayesha Hussain
ORD42690,2024-11-08,Service Plan,8,5499.0,43992.0,John Reyes
ORD42719,2024-08-23,Widget B,6,1999.0,11994.0,Maria Patel
ORD42741,2024-09-16,Gadget Y,1,5.49,5.49,Zain Chen
ORD42742,2024-06-20,Gadget Y,9,5.49,49.41,Fatima Lee
ORD42743,2024-06-10,Widget B,4,19.0,76.0,Hassan Hussain
ORD42743,2024-11-01,Gadget Y,7,5.49,38.0,Fatima Chen
ORD42759,2024-08-04,Gadget Y,1,4.94,4.94,Hassan Khan
ORD42763,2024-11-24,Gadget Y,5,5.49,27.45,Hassan Smith
ORD42767,2024-12-08,Gadget X,1,700.0,700.0,Maria Iqbal
ORD42767,2024-12-08,Widget A,2,13.75,27.5,Sara Khan
ORD42768,2024-07-31,Widget A,8,11.25,90.0,Ayesha Iqbal
ORD42772,2024-06-25,Widget B,4,1999.0,7996.0,Fatima Reyes
ORD42776,2024-06-29,Service Plan,3,49.99,149.0,Ali Lee
ORD42777,2024-09-30,Widget B,8,1999.0,15992.0,Ayesha Chen
ORD42782,2024-08-23,Widget A,2,13.75,27.5,Sara Hussain
ORD42783,2024-07-22,Gadget X,2,7.0,14.0,Maria Hussain
ORD42785,2024-12-14,Gadget X,3,7.0,21.0,Fatima Patel
ORD42792,2024-09-06,Gadget X,3,6.0,18.0,Ayesha Iqbal
ORD42793,2024-12-04,Widget A,5,13.75,68.75,Omar Hussain
ORD42803,2024-09-27,Widget A,7,13.75,96.0,Hassan Smith
ORD42805,2024-08-11,Widget A,1,12.5,12.5,Ali Garcia
ORD42820,2024-08-12,Service Plan,1,49.99,49.99,Sara Hussain
ORD42821,2024-08-03,Widget A,8,1250.0,10000.0,Sara Patel
ORD42823,2024-11-18,Gadget X,5,7.0,35.0,John Iqbal
ORD42858,2024-06-28,Service Plan,9,44.99,404.92,Hassan Ahmed
ORD42871,2024-07-26,Widget B,5,19.99,99.95,Ali Ahmed
ORD42873,2024-07-15,Gadget X,8,7.0,56.0,Zain Ahmed
ORD42889,2024-12-17,Gadget Y,10,5.0,50.0,John Iqbal
ORD42890,2024-10-02,Gadget Y,3,5.49,16.47,John Reyes
ORD42892,2024-09-23,Service Plan,7,4999.0,34993.0,Noor Patel
ORD42902,2024-08-13,Service Plan,9,49.99,449.91,Sara Smith
ORD42911,2024-11-15,Service Plan,5,49.0,245.0,Noor Iqbal
ORD42916,2024-10-24,Widget B,6,21.99,131.94,Sara Ahmed
ORD42941,2024-08-14,Service Plan,10,49.99,499.0,Maria Hussain
ORD42949,2024-12-27,Widget A,5,12.0,60.0,Ayesha Iqbal
ORD42955,2024-07-06,Gadget X,5,6.3,31.5,Hassan Lee
ORD43006,2024-08-16,Widget B,7,17.99,125.93,Maria Khan
ORD43010,2024-06-22,Gadget Y,1,6.04,6.04,John Khan
ORD43018,2024-10-21,Widget A,10,12.0,120.0,Omar Hussain
ORD43067,2024-12-04,Widget A,2,12.5,25.0,Ali Reyes
ORD43070,2024-06-08,Gadget Y,7,549.0,3843.0,Omar Chen
ORD43080,2024-07-08,Gadget Y,7,4.0,28.0,Noor Khan
ORD43080,2024-11-05,Gadget Y,7,6.0,42.0,Ali Smith
ORD43096,2024-07-23,Widget A,2,1250.0,2500.0,John Smith
ORD43119,2024-11-16,Widget B,7,21.0,147.0,Zain Khan
ORD43120,2024-09-30,Gadget Y,2,604.0,1208.0,Ali Khan
ORD43121,2024-11-06,Gadget X,1,7.0,7.0,Fatima Lee
ORD43132,2024-02-11,Gadget X,3,7.0,21.0,John Ahmed
ORD43147,2024-11-02,Widget B,5,21.99,109.95,Omar Ahmed
ORD43157,2024-11-03,Gadget X,1,7.7,7.7,Zain Patel
ORD43166,2024-08-10,Widget A,10,12.5,125.0,Hassan Reyes
ORD43183,2024-07-27,Widget A,9,12.0,108.0,Ayesha Patel
ORD43189,2024-07-16,Gadget Y,6,5.49,32.94,Maria Reyes
ORD43196,2024-09-14,Gadget Y,8,5.49,43.92,Fatima Iqbal
ORD43218,2024-10-23,Widget A,9,12.0,108.0,Ayesha Ahmed
ORD43257,2024-10-15,Widget B,4,21.0,84.0,Fatima Chen
ORD43261,2024-08-13,Widget A,9,12.0,108.0,Sara Hussain
ORD43283,2024-06-23,Gadget X,8,7.7,61.6,Ayesha Khan
ORD43287,2024-10-09,Gadget Y,8,4.94,39.0,John Ahmed
ORD43291,2024-08-18,Widget A,1,12.5,12.5,Omar Garcia
ORD43303,2024-09-01,Gadget Y,8,6.04,48.32,John Khan
ORD43303,2024-11-27,Service Plan,4,54.99,219.0,Maria Iqbal
ORD43306,2024-11-16,Service Plan,5,49.0,245.0,Omar Patel
ORD43313,2024-10-07,Service Plan,4,5499.0,21996.0,Fatima Khan
ORD43314,2024-09-18,Service Plan,2,49.99,99.98,Omar Patel
ORD43315,2024-11-21,Gadget Y,3,4.94,14.82,Zain Patel
ORD43324,2024-07-13,Widget B,6,17.99,107.0,John Chen
ORD43327,2024-10-25,Service Plan,1,49.99,49.99,Ali Hussain
ORD43334,2024-08-15,Widget A,4,12.5,50.0,Sara Khan
ORD43338,2024-08-27,Widget B,1,1999.0,1999.0,Fatima Reyes
ORD43355,2024-12-20,Service Plan,7,49.0,343.0,Fatima Smith
ORD43360,2024-07-03,Widget B,1,19.99,19.99,Ali Khan
ORD43364,2024-12-16,Gadget X,9,700.0,6300.0,Fatima Chen
ORD43379,2024-10-22,Gadget Y,2,5.49,10.98,Omar Smith
ORD43380,2024-06-22,Gadget X,2,700.0,1400.0,Omar Khan
ORD43398,2024-10-05,Gadget Y,9,4.94,44.46,Ali Iqbal
ORD43399,2024-06-05,Widget B,10,1999.0,19990.0,Ayesha Garcia
ORD43408,2024-08-05,Widget A,7,12.0,84.0,Ayesha Hussain
ORD43420,2024-11-17,Widget B,8,17.99,143.93,Omar Patel
ORD43446,2024-12-26,Gadget X,8,7.0,56.0,Omar Garcia
ORD43451,2024-09-25,Service Plan,6,44.0,264.0,Ayesha Khan
ORD43454,2024-06-02,Gadget X,9,7.0,63.0,Ayesha Lee
ORD43458,2024-06-03,Widget A,2,12.5,25.0,Sara Patel
ORD43474,2024-09-21,Gadget Y,9,6.04,54.35,Omar Patel
ORD43475,2024-08-25,Service Plan,3,5499.0,16497.0,Fatima Smith
ORD43482,2024-06-23,Service Plan,9,49.99,449.91,Hassan Ahmed
ORD43487,2024-08-30,Service Plan,10,44.0,440.0,John Patel
ORD43490,2024-09-30,Widget B,1,17.99,17.99,John Chen
ORD43498,2024-10-26,Widget A,4,12.0,48.0,Ali Lee
ORD43525,2024-11-27,Widget B,7,19.99,139.0,Fatima Garcia
ORD43532,2024-07-02,Gadget X,6,700.0,4200.0,Maria Smith
ORD43540,2024-08-21,Service Plan,7,4999.0,34993.0,Ali Smith
ORD43541,2024-11-01,Widget B,3,21.99,65.97,Maria Garcia
ORD43544,2024-07-26,Widget B,9,1799.0,16191.0,Ali Lee
ORD43547,2024-07-29,Gadget Y,4,6.04,24.16,Sara Khan
ORD43569,2024-10-14,Gadget Y,4,5.0,20.0,Maria Reyes
ORD43570,2024-09-06,Service Plan,3,4499.0,13497.0,John Hussain
ORD43619,2024-12-21,Gadget X,8,7.0,56.0,Noor Hussain
ORD43644,2024-08-17,Gadget X,2,630.0,1260.0,Ayesha Chen
ORD43655,2024-08-07,Widget B,1,19.99,19.99,Maria Iqbal
ORD43665,2024-07-17,Widget B,4,19.99,79.0,Ayesha Garcia
ORD43666,2024-12-02,Widget A,7,1250.0,8750.0,Zain Chen
ORD43668,2024-10-13,Service Plan,1,54.0,54.0,Hassan Patel
ORD43676,2024-07-14,Gadget Y,9,5.49,49.0,Omar Ahmed
ORD43679,2024-09-05,Gadget Y,5,5.49,27.45,Zain Hussain
ORD43681,2024-06-26,Service Plan,7,54.99,384.92,Zain Iqbal
ORD43697,2024-07-14,Widget B,2,19.0,38.0,Ali Ahmed
ORD43706,2024-07-01,Gadget Y,1,5.49,5.49,Ali Hussain
ORD43718,2024-09-21,Gadget Y,2,6.04,12.08,Zain Ahmed
ORD43719,2024-07-29,Widget A,10,12.0,120.0,Ayesha Hussain
ORD43720,2024-01-08,Gadget X,9,7.0,63.0,Ayesha Garcia
ORD43720,2024-12-01,Widget B,1,19.99,19.99,Omar Chen
ORD43730,2024-11-17,Gadget Y,5,549.0,2745.0,Noor Reyes
ORD43730,2024-11-27,Gadget X,3,7.0,21.0,Maria Hussain
ORD43754,2024-06-01,Widget A,8,1375.0,11000.0,John Garcia
ORD43776,2024-07-07,Widget B,9,19.99,179.0,Zain Lee
ORD43817,2024-12-14,Gadget X,5,7.7,38.5,Sara Khan
ORD43824,2024-11-19,Service Plan,10,5499.0,54990.0,Hassan Iqbal
ORD43838,2024-09-28,Gadget X,2,770.0,1540.0,Maria Reyes
ORD43842,2024-07-09,Widget B,5,1999.0,9995.0,Noor Hussain
ORD43843,2024-07-15,Gadget Y,9,5.49,49.41,John Khan
ORD43856,2024-11-01,Widget B,9,19.0,171.0,Omar Iqbal
ORD43859,2024-08-05,Widget B,5,17.0,85.0,Fatima Chen
ORD43880,2024-06-04,Widget A,10,12.5,125.0,Maria Hussain
ORD43892,2024-10-05,Gadget Y,10,494.0,4940.0,Ali Patel
ORD43903,2024-09-12,Widget A,5,12.5,62.5,Ayesha Lee
ORD43905,2024-08-03,Gadget Y,9,549.0,4941.0,Ayesha Iqbal
ORD43906,2024-10-06,Service Plan,8,49.99,399.92,Ali Khan
ORD43914,2024-12-01,Widget B,2,19.99,39.98,Noor Chen
ORD43924,2024-02-09,Service Plan,7,4499.0,31493.0,Zain Hussain
ORD43940,2024-11-17,Service Plan,8,49.0,392.0,Omar Ahmed
ORD43945,2024-07-18,Service Plan,9,49.99,449.91,Hassan Reyes
ORD43947,2024-06-27,Widget A,2,12.0,24.0,Hassan Khan
ORD43951,2024-08-05,Service Plan,1,49.0,49.0,Zain Khan
ORD43962,2024-08-03,Gadget X,10,6.3,63.0,Ali Reyes
ORD43963,2024-12-29,Widget A,10,1250.0,12500.0,Ali Reyes
ORD43965,2024-12-25,Widget B,8,21.99,175.92,John Lee
ORD43972,2024-10-12,Widget B,5,1799.0,8995.0,Ayesha Garcia
ORD43981,2024-06-24,Widget B,7,19.0,133.0,Ayesha Lee
ORD44002,2024-02-09,Service Plan,9,5499.0,49491.0,Zain Hussain
ORD44003,2024-09-16,Gadget Y,7,5.49,38.43,Zain Reyes
ORD44011,2024-06-19,Gadget Y,7,6.04,42.27,Zain Patel
ORD44016,2024-11-25,Service Plan,3,49.99,149.97,Fatima Lee
ORD44024,2024-07-23,Widget A,2,13.0,26.0,Zain Chen
ORD44028,2024-09-27,Widget A,4,12.5,50.0,Ayesha Garcia
ORD44029,2024-12-10,Widget A,4,12.5,50.0,Fatima Khan
ORD44035,2024-11-11,Widget B,7,19.0,133.0,Ali Hussain
ORD44039,2024-10-15,Gadget X,8,7.7,61.6,John Khan
ORD44041,2024-12-08,Gadget Y,6,6.0,36.23,Omar Iqbal
ORD44047,2024-08-05,Service Plan,1,49.0,49.0,Maria Hussain
ORD44061,2024-11-29,Widget B,7,17.99,125.94,Sara Iqbal
ORD44064,2024-09-10,Service Plan,2,5499.0,10998.0,Maria Chen
ORD44076,2024-07-11,Service Plan,2,54.99,109.98,Hassan Reyes
ORD44079,2024-07-29,Gadget Y,6,5.49,32.94,Hassan Patel
ORD44097,2024-07-08,Service Plan,5,54.99,274.95,Hassan Lee
ORD44119,2024-08-17,Widget A,2,11.25,22.5,Noor Ahmed
ORD44125,2024-08-27,Widget B,10,21.99,219.9,Fatima Smith
ORD44136,2024-12-16,Service Plan,10,49.0,490.0,Omar Iqbal
ORD44155,2024-06-25,Gadget Y,8,6.04,48.32,John Reyes
ORD44161,2024-07-24,Service Plan,10,54.99,549.89,Maria Hussain
ORD44161,2024-09-21,Widget B,4,2199.0,8796.0,Ayesha Garcia
ORD44178,2024-10-12,Gadget Y,6,5.49,32.94,Zain Ahmed
ORD44186,2024-06-05,Widget B,5,21.0,105.0,John Garcia
ORD44188,2024-11-14,Widget B,7,21.0,146.23,John Chen
ORD44190,2024-10-13,Service Plan,9,49.99,449.91,Zain Hussain
ORD44196,2024-11-09,Widget B,3,1999.0,5997.0,Omar Reyes
ORD44202,2024-08-31,Gadget X,5,7.0,35.0,Ayesha Ahmed
ORD44203,2024-08-30,Service Plan,8,5499.0,43992.0,Maria Khan
ORD44221,2024-08-08,Widget A,9,11.25,101.25,Hassan Khan
ORD44235,2024-09-12,Gadget X,6,7.0,42.0,Noor Garcia
ORD44242,2024-07-25,Gadget Y,2,6.04,12.08,Noor Khan
ORD44260,2024-07-17,Widget A,1,13.75,13.75,Ali Garcia
ORD44264,2024-12-24,Gadget X,1,7.0,7.0,Ali Garcia
ORD44275,2024-11-23,Gadget X,5,7.0,35.0,Noor Iqbal
ORD44283,2024-08-07,Gadget Y,5,6.0,30.2,Hassan Ahmed
ORD44286,2024-10-20,Widget B,8,19.99,159.92,Zain Ahmed
ORD44287,2024-07-02,Widget B,6,19.99,119.94,Fatima Chen
ORD44287,2024-09-25,Gadget X,5,7.0,35.0,Ayesha Patel
ORD44290,2024-12-13,Service Plan,6,49.99,299.94,John Smith
ORD44304,2024-11-20,Gadget X,6,6.3,37.8,Hassan Khan
ORD44307,2024-08-21,Widget A,2,13.75,27.0,Maria Ahmed
ORD44323,2024-06-27,Widget B,9,17.0,153.0,Noor Garcia
ORD44331,2024-11-27,Widget A,5,11.25,56.25,Maria Lee
ORD44335,2024-07-12,Gadget Y,9,6.04,54.35,Zain Khan
ORD44347,2024-11-22,Service Plan,9,54.99,494.9,Ayesha Chen
ORD44350,2024-10-27,Widget A,5,1125.0,5625.0,Zain Patel
ORD44351,2024-07-08,Widget A,2,11.25,22.5,Omar Smith
ORD44351,2024-08-17,Widget B,7,21.99,153.0,Ayesha Smith
ORD44375,2024-06-10,Widget A,10,12.0,120.0,Zain Lee
ORD44389,2024-07-29,Service Plan,10,49.99,499.9,Zain Ahmed
ORD44389,2024-10-30,Gadget Y,8,4.94,39.53,Ali Iqbal
ORD44394,2024-09-09,Widget A,1,12.5,12.5,Omar Chen
ORD44396,2024-11-07,Widget B,1,19.99,19.99,Noor Khan
ORD44399,2024-10-03,Gadget Y,6,6.04,36.24,Hassan Reyes
ORD44403,2024-08-29,Gadget X,3,6.3,18.9,Maria Reyes
ORD44406,2024-07-11,Service Plan,3,4999.0,14997.0,Zain Smith
ORD44422,2024-07-08,Service Plan,7,49.0,343.0,Ali Ahmed
ORD44422,2024-10-13,Widget A,6,1375.0,8250.0,John Hussain
ORD44426,2024-11-07,Widget A,5,1250.0,6250.0,Hassan Chen
ORD44426,2024-11-11,Widget B,3,17.99,53.97,Omar Lee
ORD44428,2024-06-12,Service Plan,3,49.99,149.97,Ali Chen
ORD44429,2024-11-27,Service Plan,6,4499.0,26994.0,Sara Chen
ORD44445,2024-06-18,Widget B,4,19.99,79.96,Maria Smith
ORD44452,2024-09-29,Gadget X,6,700.0,4200.0,Noor Iqbal
ORD44456,2024-09-03,Widget A,4,1250.0,5000.0,Sara Patel
ORD44477,2024-07-31,Widget B,7,19.99,139.93,Hassan Garcia
ORD44478,2024-03-07,Gadget Y,8,6.04,48.32,Omar Ahmed
ORD44512,2024-06-29,Gadget X,3,700.0,2100.0,Zain Chen
ORD44521,2024-12-13,Service Plan,8,49.99,399.92,Hassan Chen
ORD44530,2024-09-11,Widget A,2,13.0,26.0,Hassan Hussain
ORD44532,2024-10-28,Gadget X,10,7.0,70.0,Ali Lee
ORD44536,2024-07-19,Widget A,5,12.5,62.5,Ali Smith
ORD44537,2024-10-27,Gadget X,9,7.0,63.0,John Reyes
ORD44541,2024-08-19,Widget A,10,11.25,112.5,John Reyes
ORD44545,2024-12-25,Gadget Y,6,4.94,29.65,Noor Khan
ORD44547,2024-11-16,Widget B,8,21.99,175.91,Maria Hussain
ORD44550,2024-12-17,Gadget Y,9,6.04,54.0,Sara Chen
ORD44551,2024-11-30,Widget B,3,19.99,59.97,John Lee
ORD44563,2024-12-13,Widget A,7,12.5,87.0,Hassan Garcia
ORD44571,2024-10-11,Gadget X,7,7.0,49.0,Ali Lee
ORD44581,2024-10-05,Widget B,9,19.99,179.0,Hassan Hussain
ORD44583,2024-11-08,Widget B,6,19.99,119.94,Noor Smith
ORD44587,2024-04-11,Gadget X,10,7.0,70.0,Noor Reyes
ORD44610,2024-07-07,Gadget Y,7,5.49,38.43,John Reyes
ORD44617,2024-07-13,Gadget Y,3,5.49,16.47,Hassan Ahmed
ORD44628,2024-07-09,Service Plan,7,54.99,384.92,Maria Reyes
ORD44629,2024-11-29,Widget B,3,1999.0,5997.0,Omar Khan
ORD44653,2024-06-19,Widget A,1,12.5,12.5,Fatima Iqbal
ORD44671,2024-06-06,Gadget Y,7,6.04,42.0,Omar Garcia
ORD44684,2024-08-26,Widget A,2,12.5,25.0,Ali Ahmed
ORD44688,2024-11-14,Widget B,10,21.0,210.0,John Garcia
ORD44701,2024-07-25,Widget A,10,13.75,137.5,Fatima Patel
ORD44705,2024-07-12,Gadget Y,8,5.49,43.92,Maria Iqbal
ORD44705,2024-12-20,Gadget Y,10,5.49,54.9,Hassan Khan
ORD44716,2024-07-19,Gadget Y,9,4.94,44.47,Sara Garcia
ORD44736,2024-08-31,Service Plan,8,49.0,392.0,Zain Garcia
ORD44744,2024-09-22,Widget A,6,1250.0,7500.0,Maria Khan
ORD44744,2024-12-22,Gadget X,7,7.0,49.0,Maria Patel
ORD44752,2024-06-30,Gadget X,8,7.7,61.6,Noor Smith
ORD44752,2024-07-10,Widget A,6,1375.0,8250.0,Noor Smith
ORD44752,2024-10-26,Gadget X,5,6.3,31.5,Zain Chen
ORD44763,2024-08-14,Gadget X,1,630.0,630.0,Ali Smith
ORD44772,2024-09-24,Gadget X,1,7.0,7.0,Maria Garcia
ORD44777,2024-10-26,Widget A,8,12.5,100.0,Sara Hussain
ORD44781,2024-08-02,Widget A,2,1125.0,2250.0,Ayesha Lee
ORD44781,2024-11-21,Gadget Y,9,5.49,49.41,John Patel
ORD44798,2024-07-24,Gadget X,8,7.0,56.0,Sara Lee
ORD44823,2024-12-25,Service Plan,7,54.99,384.93,Fatima Garcia
ORD44835,2024-10-06,Widget A,3,13.0,39.0,Zain Hussain
ORD44840,2024-10-26,Gadget X,9,7.7,69.3,Sara Garcia
ORD44848,2024-10-02,Gadget Y,3,494.0,1482.0,Fatima Patel
ORD44854,2024-07-21,Gadget X,7,7.0,49.0,Ayesha Reyes
ORD44859,2024-07-11,Widget A,6,12.5,75.0,Sara Smith
ORD44861,2024-10-24,Widget A,10,12.5,125.0,Zain Khan
ORD44866,2024-06-18,Gadget Y,7,5.49,38.43,Fatima Lee
ORD44870,2024-06-15,Service Plan,4,4999.0,19996.0,Hassan Chen
ORD44875,2024-09-06,Widget A,6,1250.0,7500.0,Noor Garcia
ORD44876,2024-08-19,Widget B,5,21.99,109.95,Maria Patel
ORD44883,2024-07-18,Gadget Y,5,6.0,30.2,Fatima Reyes
ORD44887,2024-07-31,Service Plan,5,4999.0,24995.0,Ayesha Hussain
ORD44888,2024-06-30,Service Plan,6,54.99,329.94,Ali Iqbal
ORD44892,2024-11-06,Service Plan,8,54.99,439.92,Fatima Chen
ORD44898,2024-07-17,Gadget Y,6,5.0,30.0,Maria Lee
ORD44899,2024-09-21,Widget A,6,1125.0,6750.0,Sara Iqbal
ORD44922,2024-07-09,Gadget X,7,6.0,42.0,Zain Lee
ORD44929,2024-06-13,Service Plan,10,4999.0,49990.0,Omar Chen
ORD44934,2024-10-15,Widget A,4,1125.0,4500.0,Hassan Lee
ORD44947,2024-12-03,Gadget X,3,7.0,21.0,Zain Hussain
ORD44952,2024-06-22,Gadget X,8,7.0,56.0,John Garcia
ORD44952,2024-07-15,Widget B,4,1999.0,7996.0,Sara Lee
ORD44952,2024-08-01,Gadget Y,2,549.0,1098.0,Hassan Khan
ORD44970,2024-08-24,Widget A,10,12.0,120.0,Noor Iqbal
ORD44974,2024-10-14,Gadget Y,3,6.04,18.12,Maria Patel
ORD44987,2024-08-14,Widget A,3,12.5,37.5,Noor Iqbal
ORD44988,2024-07-10,Gadget X,2,7.7,15.4,Fatima Lee
ORD44991,2024-06-16,Widget A,2,12.5,25.0,Ayesha Khan
ORD44995,2024-08-13,Gadget Y,1,6.0,6.04,Noor Patel
ORD45042,2024-10-10,Gadget X,3,6.3,18.9,Ali Hussain
ORD45042,2024-11-17,Gadget X,1,7.7,7.7,John Iqbal
ORD45056,2024-07-31,Widget A,10,12.5,125.0,Fatima Lee
ORD45083,2024-08-28,Gadget Y,10,4.94,49.41,Omar Hussain
ORD45090,2024-10-14,Service Plan,8,44.0,359.0,Fatima Garcia
ORD45091,2024-06-07,Widget B,4,21.99,87.96,Fatima Khan
ORD45095,2024-10-27,Widget A,1,12.5,12.5,Noor Hussain
ORD45097,2024-10-15,Service Plan,1,54.99,54.99,Sara Smith
ORD45098,2024-07-10,Widget B,9,21.99,197.91,Ayesha Khan
ORD45104,2024-10-05,Widget B,2,1999.0,3998.0,Ali Reyes
ORD45116,2024-11-28,Service Plan,10,4999.0,49990.0,Omar Iqbal
ORD45122,2024-10-29,Gadget Y,8,4.94,39.52,Fatima Iqbal
ORD45128,2024-07-18,Gadget Y,8,6.04,48.31,Hassan Khan
ORD45133,2024-11-26,Widget A,3,12.5,37.5,Noor Hussain
ORD45136,2024-08-03,Widget A,2,1250.0,2500.0,John Lee
ORD45138,2024-06-03,Widget A,9,12.5,112.5,John Smith
ORD45148,2024-10-20,Widget B,9,19.99,179.91,Omar Patel
ORD45158,2024-12-28,Widget A,7,12.5,87.5,Fatima Lee
ORD45159,2024-12-25,Gadget X,7,7.7,53.9,Omar Chen
ORD45167,2024-12-05,Widget A,6,12.0,72.0,Fatima Iqbal
ORD45171,2024-10-27,Gadget Y,10,5.0,50.0,Ayesha Garcia
ORD45180,2024-11-19,Gadget Y,8,6.04,48.32,Noor Lee
ORD45181,2024-07-03,Widget A,7,12.5,87.5,John Garcia
ORD45202,2024-09-12,Widget A,3,1250.0,3750.0,Fatima Lee
ORD45207,2024-12-03,Service Plan,2,49.0,99.0,Sara Khan
ORD45212,2024-10-26,Widget B,8,17.99,143.92,Zain Hussain
ORD45214,2024-06-28,Gadget Y,9,5.49,49.0,Omar Ahmed
ORD45221,2024-09-15,Service Plan,1,49.99,49.99,Fatima Ahmed
ORD45225,2024-12-09,Gadget X,3,7.7,23.1,Hassan Smith
ORD45238,2024-09-19,Service Plan,7,5499.0,38493.0,Ali Khan
ORD45242,2024-10-19,Widget B,6,21.99,131.0,Noor Smith
ORD45251,2024-06-24,Service Plan,4,49.99,199.96,Hassan Reyes
ORD45256,2024-07-23,Gadget X,1,6.3,6.3,Noor Hussain
ORD45258,2024-09-27,Widget A,4,1250.0,5000.0,Zain Iqbal
ORD45268,2024-11-04,Widget B,10,21.99,219.0,John Garcia
ORD45327,2024-12-24,Service Plan,8,44.99,359.92,Omar Reyes
ORD45338,2024-06-16,Widget A,9,12.5,112.5,Noor Reyes
ORD45349,2024-08-22,Gadget Y,10,5.49,54.9,Ayesha Hussain
ORD45361,2024-11-26,Service Plan,9,44.99,404.92,Zain Hussain
ORD45362,2024-08-28,Widget A,1,12.0,12.0,Noor Iqbal
ORD45379,2024-10-10,Widget A,6,11.0,67.0,Ayesha Chen
ORD45382,2024-09-14,Widget B,6,21.99,131.93,Ali Reyes
ORD45391,2024-10-01,Widget B,3,19.99,59.97,Hassan Patel
ORD45396,2024-07-16,Widget A,8,12.5,100.0,John Ahmed
ORD45409,2024-07-31,Widget A,5,13.75,68.75,Maria Ahmed
ORD45432,2024-07-12,Service Plan,2,54.99,109.0,Fatima Smith
ORD45438,2024-06-25,Service Plan,9,49.0,441.0,Hassan Lee
ORD45445,2024-10-17,Gadget X,7,7.7,53.0,Sara Iqbal
ORD45453,2024-06-29,Service Plan,2,44.0,88.0,Sara Reyes
ORD45456,2024-11-18,Widget A,9,1250.0,11250.0,John Patel
ORD45487,2024-10-04,Gadget Y,1,4.0,4.0,Fatima Smith
ORD45500,2024-08-03,Gadget X,9,7.0,63.0,Ali Khan
ORD45502,2024-11-19,Widget A,5,11.25,56.25,John Ahmed
ORD45511,2024-10-05,Gadget Y,1,6.0,6.04,Maria Ahmed
ORD45514,2024-09-12,Gadget X,4,7.7,30.8,Fatima Patel
ORD45517,2024-05-09,Gadget Y,9,549.0,4941.0,Zain Garcia
ORD45522,2024-07-12,Widget A,5,1375.0,6875.0,Noor Hussain
ORD45524,2024-07-18,Widget B,8,2199.0,17591.0,John Hussain
ORD45531,2024-10-14,Service Plan,4,49.99,199.96,Zain Iqbal
ORD45569,2024-11-15,Service Plan,4,4999.0,19996.0,Sara Khan
ORD45576,2024-08-28,Widget B,10,19.99,199.9,Noor Reyes
ORD45580,2024-09-30,Widget A,4,12.5,50.0,Omar Chen
ORD45585,2024-07-23,Widget B,1,19.99,19.99,Fatima Chen
ORD45597,2024-06-18,Gadget Y,5,4.94,24.7,Omar Iqbal
ORD45599,2024-10-14,Widget B,2,21.99,43.98,Fatima Ahmed
ORD45627,2024-11-07,Gadget Y,6,5.49,32.94,Ali Hussain
ORD45629,2024-07-03,Widget A,7,1250.0,8750.0,John Smith
ORD45632,2024-08-12,Gadget X,8,6.3,50.4,Noor Ahmed
ORD45644,2024-10-26,Gadget Y,5,494.0,2470.0,Ayesha Patel
ORD45664,2024-07-20,Widget A,5,11.25,56.25,Zain Patel
ORD45676,2024-06-01,Gadget Y,6,6.0,36.0,Sara Ahmed
ORD45690,2024-09-16,Gadget Y,7,6.04,42.28,Omar Khan
ORD45695,2024-10-10,Widget A,9,11.25,101.0,Hassan Smith
ORD45703,2024-10-23,Gadget Y,10,5.49,54.9,Maria Smith
ORD45704,2024-11-29,Service Plan,8,49.0,392.0,John Khan
ORD45708,2024-08-31,Gadget X,2,7.0,14.0,Zain Smith
ORD45711,2024-12-14,Service Plan,10,49.99,499.9,Zain Garcia
ORD45717,2024-10-28,Gadget X,2,7.7,15.4,Ali Ahmed
ORD45725,2024-12-05,Service Plan,9,44.99,404.92,John Hussain
ORD45725,2024-12-29,Gadget X,10,7.0,70.0,Hassan Reyes
ORD45730,2024-12-02,Widget A,3,12.5,37.5,Sara Lee
ORD45732,2024-09-13,Widget A,7,13.0,91.0,Omar Khan
ORD45739,2024-10-11,Widget A,9,13.75,123.75,Hassan Lee
ORD45747,2024-11-03,Gadget Y,7,4.0,28.0,Maria Lee
ORD45750,2024-11-18,Gadget X,6,7.7,46.2,Fatima Ahmed
ORD45784,2024-08-02,Gadget X,6,700.0,4200.0,Ali Patel
ORD45796,2024-10-09,Gadget X,6,7.7,46.2,Sara Reyes
ORD45806,2024-10-31,Gadget Y,6,604.0,3624.0,Fatima Iqbal
ORD45813,2024-10-18,Gadget X,6,7.7,46.0,Fatima Iqbal
ORD45815,2024-08-24,Service Plan,6,44.99,269.0,Fatima Garcia
ORD45825,2024-09-15,Widget B,9,21.99,197.0,John Chen
ORD45826,2024-09-12,Gadget Y,8,5.49,43.92,Ali Smith
ORD45830,2024-11-17,Widget B,2,19.0,38.0,Fatima Garcia
ORD45844,2024-10-23,Gadget Y,5,4.0,20.0,Ali Iqbal
ORD45845,2024-10-26,Widget B,2,21.0,42.0,Ali Hussain
ORD45861,2024-06-08,Service Plan,7,54.0,384.92,Zain Smith
ORD45897,2024-10-21,Gadget X,10,7.0,70.0,Ali Khan
ORD45906,2024-10-22,Gadget Y,6,5.49,32.94,Noor Chen
ORD45916,2024-11-28,Service Plan,9,54.0,494.9,Fatima Chen
ORD45922,2024-09-30,Gadget X,3,630.0,1890.0,Ali Patel
ORD45925,2024-04-07,Widget B,9,1999.0,17991.0,Hassan Garcia
ORD45942,2024-12-23,Gadget Y,4,549.0,2196.0,Zain Garcia
ORD45944,2024-01-06,Gadget X,8,7.7,61.6,Ayesha Iqbal
ORD45948,2024-12-22,Gadget Y,10,6.04,60.39,Ali Reyes
ORD45949,2024-09-01,Gadget X,5,630.0,3150.0,Fatima Reyes
ORD45958,2024-09-20,Gadget Y,2,4.0,8.0,Maria Lee
ORD45962,2024-12-28,Gadget X,7,7.0,49.0,Noor Hussain
ORD45968,2024-08-24,Service Plan,7,44.99,314.94,Zain Ahmed
ORD45971,2024-10-29,Gadget Y,2,4.94,9.88,Hassan Reyes
ORD45975,2024-09-24,Widget B,2,19.0,38.0,Fatima Garcia
ORD45978,2024-11-23,Widget B,2,19.99,39.98,Zain Chen
ORD45980,2024-06-03,Gadget X,3,6.3,18.9,Noor Hussain
ORD46001,2024-12-11,Service Plan,10,44.0,440.0,Noor Garcia
ORD46016,2024-07-16,Widget B,9,19.99,179.91,Sara Lee
ORD46023,2024-08-24,Gadget X,9,7.0,63.0,Hassan Chen
ORD46026,2024-09-29,Widget B,8,19.99,159.92,Ayesha Khan
ORD46030,2024-12-20,Widget A,7,13.75,96.25,Sara Garcia
ORD46031,2024-12-04,Widget A,6,12.5,75.0,Sara Iqbal
ORD46037,2024-10-07,Widget B,5,21.99,109.95,Zain Iqbal
ORD46046,2024-10-28,Gadget Y,2,6.04,12.08,Maria Lee
ORD46048,2024-08-16,Service Plan,7,54.99,384.93,Ali Garcia
ORD46055,2024-10-14,Widget B,7,21.0,147.0,Zain Lee
ORD46065,2024-06-22,Gadget X,9,700.0,6300.0,Zain Smith
ORD46066,2024-07-12,Service Plan,8,49.99,399.92,Hassan Smith
ORD46068,2024-12-03,Gadget X,6,7.7,46.2,Noor Patel
ORD46084,2024-04-10,Widget A,9,12.5,112.5,Maria Khan
ORD46102,2024-07-22,Widget A,3,13.75,41.25,Fatima Reyes
ORD46108,2024-12-09,Widget B,1,17.99,17.99,Ayesha Patel
ORD46112,2024-07-22,Gadget Y,7,5.49,38.43,John Iqbal
ORD46122,2024-06-11,Service Plan,3,44.99,134.97,Noor Reyes
ORD46134,2024-11-24,Gadget X,1,6.0,6.0,Fatima Smith
ORD46145,2024-07-24,Gadget X,1,700.0,700.0,Noor Smith
ORD46147,2024-05-09,Gadget Y,1,5.49,5.49,Maria Lee
ORD46163,2024-10-23,Gadget Y,2,5.0,10.0,Ali Reyes
ORD46165,2024-10-12,Service Plan,6,54.99,329.93,Ayesha Khan
ORD46165,2024-11-06,Gadget X,2,7.0,14.0,Fatima Hussain
ORD46167,2024-08-08,Gadget X,6,7.0,42.0,Hassan Ahmed
ORD46170,2024-09-16,Gadget X,8,7.0,56.0,Fatima Ahmed
ORD46178,2024-06-04,Widget A,4,11.25,45.0,Omar Garcia
ORD46182,2024-12-05,Service Plan,6,49.99,299.94,Zain Garcia
ORD46189,2024-12-31,Gadget X,4,7.0,28.0,Ayesha Smith
ORD46199,2024-07-05,Widget B,6,17.99,107.94,Ali Garcia
ORD46202,2024-10-12,Gadget Y,1,4.94,4.94,Noor Patel
ORD46208,2024-08-19,Widget B,1,17.99,17.99,Noor Hussain
ORD46209,2024-11-10,Gadget X,1,7.7,7.7,Omar Hussain
ORD46221,2024-10-19,Gadget X,7,7.0,49.0,Maria Smith
ORD46226,2024-12-21,Service Plan,2,49.99,99.98,Hassan Hussain
ORD46232,2024-06-23,Widget A,5,11.0,55.0,Sara Patel
ORD46236,2024-06-28,Gadget Y,9,494.0,4446.0,Sara Lee
ORD46237,2024-10-15,Service Plan,4,54.99,219.96,Zain Reyes
ORD46289,2024-09-28,Gadget Y,3,5.49,16.47,Ali Iqbal
ORD46292,2024-12-22,Widget B,6,19.99,119.94,Sara Chen
ORD46296,2024-09-23,Service Plan,4,44.99,179.96,Hassan Reyes
ORD46298,2024-12-06,Service Plan,9,49.0,449.0,Hassan Chen
ORD46309,2024-08-01,Gadget X,7,630.0,4410.0,Maria Reyes
ORD46312,2024-10-14,Gadget Y,6,604.0,3624.0,Omar Iqbal
ORD46350,2024-12-21,Gadget Y,2,5.49,10.98,Omar Patel
ORD46354,2024-08-08,Gadget X,9,700.0,6300.0,Maria Smith
ORD46360,2024-08-20,Service Plan,5,44.99,224.95,Fatima Patel
ORD46368,2024-12-18,Gadget Y,8,604.0,4832.0,Fatima Khan
ORD46406,2024-12-04,Gadget X,2,630.0,1260.0,Noor Reyes
ORD46408,2024-12-05,Service Plan,2,54.99,109.0,Sara Iqbal
ORD46412,2024-10-26,Widget B,9,1999.0,17991.0,Fatima Garcia
ORD46421,2024-06-10,Widget A,6,12.5,75.0,Ali Hussain
ORD46429,2024-11-16,Widget B,1,19.0,19.0,Omar Reyes
ORD46430,2024-08-28,Widget B,3,21.99,65.97,Maria Hussain
ORD46435,2024-12-09,Widget A,4,12.5,50.0,Noor Reyes
ORD46443,2024-11-30,Gadget Y,7,4.94,34.59,Noor Khan
ORD46452,2024-11-06,Service Plan,4,49.99,199.96,Noor Patel
ORD46458,2024-06-13,Service Plan,4,44.99,179.0,Noor Reyes
ORD46466,2024-09-05,Widget A,8,12.5,100.0,John Garcia
ORD46471,2024-08-05,Service Plan,3,49.99,149.97,Fatima Iqbal
ORD46472,2024-06-26,Gadget Y,6,6.04,36.23,Sara Ahmed
ORD46488,2024-11-21,Widget A,4,13.75,55.0,Maria Patel
ORD46494,2024-06-07,Gadget Y,9,5.0,45.0,Hassan Patel
ORD46497,2024-06-19,Service Plan,2,4999.0,9998.0,Noor Ahmed
ORD46508,2024-10-10,Gadget X,7,7.7,53.9,Sara Smith
ORD46511,2024-09-16,Widget B,7,21.99,153.0,Ali Iqbal
ORD46517,2024-06-18,Gadget X,6,630.0,3780.0,John Smith
ORD46524,2024-07-27,Service Plan,1,49.99,49.99,Fatima Reyes
ORD46528,2024-11-09,Widget A,1,12.5,12.5,Sara Garcia
ORD46535,2024-10-03,Gadget X,4,7.0,28.0,Noor Patel
ORD46575,2024-07-11,Gadget Y,5,5.49,27.45,Ali Ahmed
ORD46575,2024-11-01,Widget A,4,1250.0,5000.0,Sara Hussain
ORD46578,2024-10-28,Widget A,3,11.25,33.75,Zain Khan
ORD46589,2024-10-17,Gadget Y,7,549.0,3843.0,Maria Reyes
ORD46595,2024-11-17,Gadget Y,8,5.49,43.92,Maria Iqbal
ORD46600,2024-10-08,Widget B,5,21.0,104.0,Hassan Chen
ORD46608,2024-11-07,Gadget X,9,7.7,69.3,Ali Smith
ORD46624,2024-09-28,Service Plan,2,44.99,89.98,Zain Patel
ORD46629,2024-09-30,Widget A,5,12.0,60.0,Fatima Iqbal
ORD46634,2024-06-17,Widget A,1,13.75,13.75,John Hussain
ORD46636,2024-06-14,Gadget X,4,7.0,28.0,Zain Garcia
ORD46649,2024-10-17,Gadget X,10,7.7,77.0,Hassan Garcia
ORD46653,2024-07-27,Gadget X,10,7.0,70.0,Maria Hussain
ORD46653,2024-12-20,Widget B,5,17.99,89.95,Sara Chen
ORD46654,2024-08-20,Gadget X,4,7.0,28.0,Noor Reyes
ORD46666,2024-09-06,Gadget X,4,770.0,3080.0,Zain Hussain
ORD46681,2024-09-23,Widget B,1,1799.0,1799.0,Fatima Khan
ORD46697,2024-09-15,Widget A,5,12.5,62.5,Sara Khan
ORD46698,2024-09-10,Gadget X,2,6.3,12.6,Hassan Khan
ORD46716,2024-11-21,Gadget X,6,7.0,42.0,Fatima Chen
ORD46719,2024-06-28,Gadget X,9,700.0,6300.0,Zain Chen
ORD46725,2024-10-22,Gadget Y,7,4.94,34.59,Noor Reyes
ORD46725,2024-12-06,Service Plan,1,5499.0,5499.0,Maria Ahmed
ORD46726,2024-12-03,Gadget X,5,630.0,3150.0,Fatima Lee
ORD46726,2024-12-24,Widget B,6,21.0,126.0,Fatima Ahmed
ORD46727,2024-09-26,Service Plan,5,4499.0,22495.0,Zain Garcia
ORD46731,2024-07-08,Widget A,6,12.5,75.0,Noor Khan
ORD46743,2024-09-17,Gadget Y,6,5.49,32.94,Zain Smith
ORD46751,2024-12-18,Widget A,9,11.25,101.25,John Reyes
ORD46758,2024-11-15,Widget B,5,19.99,99.95,Omar Lee
ORD46765,2024-12-15,Gadget X,1,7.0,7.0,Maria Chen
ORD46774,2024-12-18,Gadget X,9,6.3,56.7,John Khan
ORD46806,2024-07-25,Widget B,3,19.99,59.97,Sara Reyes
ORD46807,2024-11-22,Gadget Y,2,5.49,10.98,Sara Garcia
ORD46808,2024-11-29,Gadget X,8,700.0,5600.0,Ayesha Reyes
ORD46810,2024-06-22,Gadget X,2,7.7,15.4,Sara Garcia
ORD46815,2024-06-17,Gadget Y,8,5.49,43.92,Sara Lee
ORD46815,2024-11-05,Service Plan,9,49.0,441.0,Ayesha Iqbal
ORD46825,2024-06-25,Widget A,6,1125.0,6750.0,Hassan Smith
ORD46832,2024-12-18,Gadget Y,1,5.49,5.49,Omar Hussain
ORD46833,2024-07-22,Service Plan,9,49.99,449.91,Hassan Lee
ORD46835,2024-06-28,Service Plan,1,49.0,49.0,Hassan Patel
ORD46836,2024-10-09,Widget B,10,17.99,179.91,Ali Smith
ORD46870,2024-12-08,Gadget Y,3,4.0,12.0,John Iqbal
ORD46873,2024-09-16,Widget B,1,19.99,19.99,Sara Chen
ORD46877,2024-11-13,Service Plan,7,54.99,384.92,Hassan Khan
ORD46883,2024-10-14,Widget A,6,12.5,75.0,Ali Lee
ORD46890,2024-07-10,Service Plan,2,44.99,89.98,Sara Khan
ORD46898,2024-11-25,Gadget X,6,7.0,42.0,Sara Chen
ORD46906,2024-09-09,Widget B,1,17.99,17.99,Fatima Iqbal
ORD46935,2024-07-21,Widget A,7,12.5,87.5,Zain Patel
ORD46947,2024-12-14,Widget B,4,19.99,79.96,Fatima Hussain
ORD46950,2024-09-08,Gadget X,10,6.3,63.0,Maria Smith
ORD46958,2024-10-13,Gadget X,7,7.0,49.0,Omar Chen
ORD46975,2024-08-03,Service Plan,4,49.99,199.96,John Patel
ORD46982,2024-10-06,Gadget Y,10,5.49,54.9,Zain Garcia
ORD46999,2024-08-12,Widget B,3,21.99,65.97,Hassan Chen
ORD47010,2024-08-03,Widget B,3,19.99,59.97,John Lee
ORD47013,2024-12-29,Service Plan,4,49.0,196.0,Omar Chen
ORD47028,2024-07-07,Widget B,6,19.99,119.94,Maria Reyes
ORD47029,2024-10-14,Widget A,2,12.5,25.0,John Hussain
ORD47035,2024-08-22,Widget B,8,19.0,152.0,Fatima Khan
ORD47051,2024-12-14,Widget B,7,19.99,139.93,Omar Khan
ORD47057,2024-10-25,Gadget Y,5,5.49,27.45,Noor Patel
ORD47059,2024-07-09,Widget A,1,11.25,11.25,Omar Khan
ORD47065,2024-09-25,Service Plan,6,49.99,299.94,Ali Chen
ORD47067,2024-10-10,Widget B,5,19.99,99.95,Zain Ahmed
ORD47078,2024-06-19,Gadget Y,1,5.49,5.49,Omar Chen
ORD47090,2024-06-16,Widget B,3,21.99,65.97,John Chen
ORD47108,2024-08-22,Gadget X,9,7.0,63.0,Maria Ahmed
ORD47127,2024-06-18,Widget B,3,19.0,56.97,Fatima Hussain
ORD47132,2024-08-04,Widget B,1,19.99,19.99,Noor Ahmed
ORD47136,2024-09-12,Widget B,3,19.0,57.0,Noor Iqbal
ORD47139,2024-06-28,Gadget Y,4,4.94,19.76,Maria Garcia
ORD47146,2024-09-14,Gadget Y,2,4.0,8.0,Fatima Ahmed
ORD47163,2024-10-10,Widget B,6,17.99,107.95,Zain Smith
ORD47205,2024-10-06,Gadget Y,2,4.0,8.0,Zain Ahmed
ORD47227,2024-08-24,Widget B,2,17.99,35.98,Sara Chen
ORD47231,2024-10-25,Service Plan,4,49.99,199.96,Sara Patel
ORD47248,2024-10-25,Widget B,2,21.99,43.98,Zain Lee
ORD47256,2024-06-02,Widget A,4,11.25,45.0,Sara Garcia
ORD47266,2024-07-12,Service Plan,5,4499.0,22495.0,Noor Ahmed
ORD47277,2024-10-21,Gadget Y,8,4.94,39.0,John Garcia
ORD47283,2024-10-06,Gadget Y,5,5.49,27.45,Maria Lee
ORD47287,2024-11-13,Service Plan,6,54.99,329.93,Noor Garcia
ORD47293,2024-12-13,Gadget Y,2,5.49,10.98,Zain Chen
ORD47298,2024-11-05,Service Plan,10,49.0,490.0,John Garcia
ORD47299,2024-06-15,Gadget X,9,7.7,69.3,Ayesha Chen
ORD47313,2024-12-02,Gadget Y,5,6.0,30.2,Zain Reyes
ORD47316,2024-12-29,Widget A,6,13.75,82.5,Noor Iqbal
ORD47317,2024-11-29,Gadget Y,7,549.0,3843.0,Maria Chen
ORD47321,2024-11-02,Widget A,10,12.0,120.0,Maria Garcia
ORD47335,2024-07-23,Service Plan,4,44.99,179.96,Fatima Iqbal
ORD47340,2024-09-26,Widget A,9,1250.0,11250.0,Hassan Hussain
ORD47345,2024-12-17,Widget A,5,12.5,62.5,Ali Lee
ORD47355,2024-09-16,Widget B,1,1799.0,1799.0,Sara Hussain
ORD47385,2024-06-15,Gadget X,4,7.0,28.0,Noor Iqbal
ORD47387,2024-07-17,Widget B,3,1999.0,5997.0,John Hussain
ORD47389,2024-07-10,Gadget X,3,6.0,18.0,Ali Lee
ORD47433,2024-07-13,Widget A,4,13.75,55.0,Omar Iqbal
ORD47433,2024-11-06,Gadget X,6,6.0,36.0,Hassan Ahmed
ORD47435,2024-11-30,Gadget Y,10,5.0,50.0,Maria Khan
ORD47435,2024-12-24,Gadget X,1,700.0,700.0,John Ahmed
ORD47445,2024-06-13,Widget B,6,19.99,119.0,Sara Lee
ORD47453,2024-12-03,Widget B,10,1999.0,19990.0,Sara Khan
ORD47458,2024-07-22,Gadget X,7,700.0,4900.0,Sara Iqbal
ORD47469,2024-06-28,Gadget Y,9,5.49,49.41,Ayesha Lee
ORD47473,2024-10-24,Widget B,4,19.99,79.96,Noor Lee
ORD47475,2024-09-27,Widget B,7,19.99,139.0,Fatima Ahmed
ORD47483,2024-11-26,Gadget X,8,630.0,5040.0,Ayesha Hussain
ORD47491,2024-08-06,Gadget X,7,6.3,44.0,Ali Iqbal
ORD47493,2024-10-11,Gadget X,4,7.0,28.0,Sara Smith
ORD47507,2024-08-13,Gadget Y,1,549.0,549.0,Ayesha Lee
ORD47512,2024-12-10,Widget A,9,12.5,112.5,John Chen
ORD47516,2024-06-20,Service Plan,4,4499.0,17996.0,Hassan Khan
ORD47540,2024-06-20,Widget A,9,1250.0,11250.0,Fatima Lee
ORD47561,2024-11-16,Service Plan,2,44.0,88.0,Hassan Reyes
ORD47590,2024-09-03,Service Plan,3,49.0,147.0,Fatima Garcia
ORD47599,2024-03-09,Gadget Y,4,549.0,2196.0,Zain Iqbal
ORD47599,2024-11-11,Widget B,7,19.99,139.93,Hassan Khan
ORD47605,2024-07-31,Widget A,9,11.25,101.25,Sara Garcia
ORD47605,2024-09-02,Widget A,6,13.75,82.5,John Reyes
ORD47631,2024-06-16,Gadget Y,4,5.49,21.96,Ali Patel
ORD47642,2024-09-18,Service Plan,6,4999.0,29994.0,Noor Reyes
ORD47644,2024-09-26,Service Plan,8,54.99,439.91,Maria Patel
ORD47652,2024-12-18,Service Plan,5,49.99,249.95,Noor Garcia
ORD47658,2024-06-01,Gadget Y,8,6.0,48.31,Maria Lee
ORD47678,2024-06-28,Service Plan,8,54.0,439.0,Fatima Lee
ORD47679,2024-10-24,Service Plan,3,44.0,132.0,Ali Smith
ORD47683,2024-10-07,Service Plan,3,49.99,149.97,Ali Iqbal
ORD47686,2024-11-12,Gadget Y,1,494.0,494.0,John Hussain
ORD47701,2024-11-25,Widget A,7,13.75,96.25,Ayesha Patel
ORD47712,2024-09-01,Service Plan,5,54.99,274.95,Ali Khan
ORD47720,2024-11-02,Widget A,1,11.25,11.25,Maria Khan
ORD47732,2024-08-15,Gadget X,2,7.0,14.0,Noor Garcia
ORD47734,2024-08-21,Gadget Y,4,549.0,2196.0,John Smith
ORD47748,2024-06-02,Gadget X,4,7.0,28.0,Omar Garcia
ORD47750,2024-12-03,Widget B,8,19.99,159.92,Noor Reyes
ORD47751,2024-11-28,Gadget X,4,7.0,28.0,John Patel
ORD47752,2024-09-21,Gadget Y,2,5.49,10.98,Zain Khan
ORD47753,2024-09-17,Widget B,5,21.99,109.95,Ali Ahmed
ORD47754,2024-06-24,Gadget X,10,6.3,63.0,John Chen
ORD47762,2024-07-12,Gadget X,5,7.0,35.0,Noor Ahmed
ORD47772,2024-12-08,Widget A,6,1250.0,7500.0,Maria Garcia
ORD47778,2024-10-29,Gadget Y,8,4.94,39.53,Ayesha Ahmed
ORD47788,2024-12-07,Widget A,2,12.0,24.0,Sara Hussain
ORD47791,2024-07-27,Gadget Y,10,5.49,54.9,Sara Ahmed
ORD47794,2024-11-30,Widget A,3,12.5,37.5,Zain Reyes
ORD47795,2024-06-16,Gadget Y,5,4.0,20.0,Noor Patel
ORD47820,2024-10-21,Service Plan,4,49.99,199.96,Ayesha Chen
ORD47821,2024-10-17,Gadget X,9,700.0,6300.0,Noor Ahmed
ORD47827,2024-12-30,Service Plan,3,49.0,147.0,Ali Ahmed
ORD47855,2024-06-29,Widget B,8,19.99,159.92,Ayesha Iqbal
ORD47863,2024-04-07,Gadget Y,3,549.0,1647.0,John Iqbal
ORD47876,2024-09-26,Service Plan,6,49.99,299.94,Omar Garcia
ORD47910,2024-09-07,Gadget Y,3,6.04,18.12,Sara Ahmed
ORD47911,2024-07-04,Widget B,6,17.99,107.94,John Khan
ORD47911,2024-10-16,Gadget Y,4,604.0,2416.0,Ayesha Smith
ORD47914,2024-07-09,Widget B,2,21.99,43.98,Ayesha Lee
ORD47915,2024-11-21,Widget B,5,19.99,99.95,Fatima Patel
ORD47917,2024-10-11,Gadget Y,2,549.0,1098.0,Fatima Smith
ORD47927,2024-06-02,Gadget X,8,7.0,56.0,Fatima Garcia
ORD47944,2024-06-27,Widget B,1,1999.0,1999.0,Sara Hussain
ORD47946,2024-06-05,Widget A,7,13.75,96.25,Noor Ahmed
ORD47946,2024-07-12,Gadget Y,1,604.0,604.0,Fatima Iqbal
ORD47966,2024-08-09,Gadget Y,3,5.49,16.47,Maria Hussain
ORD47969,2024-08-12,Widget B,3,17.99,53.0,Ali Patel
ORD47996,2024-08-08,Widget A,8,12.5,100.0,Hassan Chen
ORD47997,2024-12-30,Gadget X,7,7.0,49.0,Zain Patel
ORD47999,2024-09-03,Service Plan,10,44.0,440.0,Hassan Hussain
ORD48006,2024-05-08,Gadget X,10,6.3,63.0,Ayesha Chen
ORD48020,2024-08-26,Gadget X,1,7.0,7.0,Ali Patel
ORD48020,2024-12-14,Gadget X,6,6.3,37.8,Ayesha Reyes
ORD48031,2024-06-29,Gadget Y,9,6.0,54.0,Noor Patel
ORD48039,2024-07-06,Widget A,9,11.25,101.25,Ayesha Reyes
ORD48070,2024-09-08,Gadget X,3,7.0,21.0,Ali Ahmed
ORD48097,2024-05-09,Widget B,10,21.0,210.0,Maria Reyes
ORD48105,2024-11-23,Service Plan,7,49.99,349.93,Fatima Ahmed
ORD48114,2024-06-09,Widget A,3,12.5,37.5,John Smith
ORD48116,2024-07-27,Widget A,8,12.0,96.0,John Garcia
ORD48117,2024-09-21,Widget B,6,21.0,126.0,Fatima Khan
ORD48129,2024-07-02,Gadget Y,2,6.04,12.08,Hassan Patel
ORD48130,2024-08-20,Service Plan,1,44.0,44.0,John Chen
ORD48132,2024-08-08,Service Plan,4,5499.0,21996.0,Omar Iqbal
ORD48144,2024-11-05,Widget B,1,17.99,17.99,Noor Lee
ORD48159,2024-09-14,Widget B,5,19.99,99.95,Omar Smith
ORD48169,2024-06-24,Gadget Y,3,4.0,12.0,Sara Hussain
ORD48188,2024-09-10,Gadget Y,5,6.0,30.2,Ayesha Smith
ORD48199,2024-09-16,Widget A,3,1250.0,3750.0,John Reyes
ORD48202,2024-11-11,Widget B,4,17.99,71.0,Maria Lee
ORD48217,2024-08-14,Widget B,10,17.0,170.91,Sara Smith
ORD48221,2024-10-29,Service Plan,3,49.0,147.0,Ayesha Smith
ORD48222,2024-08-26,Gadget Y,3,5.49,16.47,Hassan Ahmed
ORD48225,2024-08-19,Service Plan,10,4999.0,49990.0,Maria Khan
ORD48229,2024-07-31,Gadget X,9,7.0,63.0,Noor Smith
ORD48230,2024-08-30,Service Plan,7,49.99,349.93,Omar Reyes
ORD48230,2024-10-18,Gadget X,4,6.3,25.2,Noor Smith
ORD48235,2024-12-12,Widget B,3,21.99,65.97,Hassan Lee
ORD48285,2024-10-19,Gadget X,9,7.0,63.0,Sara Smith
ORD48290,2024-12-20,Gadget Y,10,6.04,60.39,Sara Patel
ORD48359,2024-07-30,Gadget X,2,7.7,15.4,Sara Lee
ORD48373,2024-07-09,Widget A,3,12.5,37.0,Ali Smith
ORD48376,2024-06-17,Gadget Y,7,5.49,38.43,Noor Garcia
ORD48378,2024-10-30,Widget A,5,12.5,62.5,Omar Patel
ORD48380,2024-08-12,Widget A,2,12.5,25.0,Noor Garcia
ORD48419,2024-12-12,Gadget Y,5,549.0,2745.0,Hassan Khan
ORD48425,2024-07-20,Widget B,4,21.99,87.96,Omar Patel
ORD48425,2024-09-04,Service Plan,1,49.99,49.99,Fatima Iqbal
ORD48437,2024-08-19,Widget B,10,19.99,199.9,Hassan Hussain
ORD48437,2024-11-15,Gadget Y,1,5.49,5.49,Sara Hussain
ORD48457,2024-09-23,Widget B,10,19.99,199.9,Fatima Garcia
ORD48465,2024-06-24,Gadget X,3,770.0,2310.0,Noor Smith
ORD48478,2024-06-01,Gadget Y,3,5.49,16.47,Omar Reyes
ORD48480,2024-10-18,Gadget X,10,700.0,7000.0,Hassan Iqbal
ORD48492,2024-09-14,Widget A,1,12.5,12.5,Ali Khan
ORD48532,2024-10-03,Widget A,3,12.5,37.5,John Lee
ORD48578,2024-12-04,Widget B,10,19.99,199.9,Zain Smith
ORD48585,2024-10-06,Gadget Y,3,4.94,14.82,Maria Iqbal
ORD48600,2024-12-23,Widget A,7,1250.0,8750.0,Ali Khan
ORD48604,2024-07-08,Service Plan,10,49.99,499.9,Fatima Garcia
ORD48604,2024-11-18,Gadget X,8,630.0,5040.0,Sara Hussain
ORD48613,2024-07-27,Gadget Y,5,549.0,2745.0,Noor Khan
ORD48615,2024-11-05,Widget A,6,12.5,75.0,Sara Hussain
ORD48633,2024-12-31,Widget B,4,17.0,68.0,Noor Ahmed
ORD48651,2024-08-15,Gadget Y,3,6.04,18.12,Omar Iqbal
ORD48656,2024-11-02,Widget B,3,19.99,59.97,John Smith
ORD48658,2024-06-29,Widget A,8,13.75,110.0,Maria Ahmed
ORD48675,2024-08-02,Gadget X,3,7.0,21.0,Noor Garcia
ORD48680,2024-08-23,Gadget Y,3,5.49,16.47,John Reyes
ORD48684,2024-07-23,Service Plan,1,49.99,49.99,Ayesha Chen
ORD48696,2024-06-06,Gadget Y,5,5.49,27.45,Ayesha Patel
ORD48724,2024-12-24,Service Plan,4,49.0,196.0,Maria Iqbal
ORD48728,2024-07-19,Gadget X,7,7.0,49.0,Ayesha Ahmed
ORD48745,2024-07-12,Widget A,5,11.25,56.0,John Reyes
ORD48748,2024-07-16,Gadget Y,3,494.0,1482.0,Sara Reyes
ORD48749,2024-10-20,Service Plan,8,49.99,399.92,Sara Garcia
ORD48754,2024-12-27,Gadget X,9,7.0,63.0,Noor Hussain
ORD48756,2024-12-05,Service Plan,8,4999.0,39992.0,Noor Patel
ORD48771,2024-08-06,Service Plan,3,44.0,132.0,Ayesha Lee
ORD48794,2024-07-17,Widget B,4,19.99,79.96,Hassan Patel
ORD48812,2024-11-07,Widget A,2,13.75,27.0,Zain Reyes
ORD48829,2024-07-21,Service Plan,6,54.99,329.0,Maria Smith
ORD48850,2024-10-10,Service Plan,4,49.99,199.0,Omar Chen
ORD48854,2024-12-29,Gadget Y,4,4.94,19.76,Zain Lee
ORD48855,2024-10-16,Gadget Y,6,4.94,29.64,Fatima Iqbal
ORD48860,2024-07-02,Service Plan,6,49.0,299.0,Hassan Iqbal
ORD48862,2024-10-29,Widget A,1,1250.0,1250.0,Hassan Patel
ORD48863,2024-10-18,Widget B,10,17.99,179.91,Hassan Ahmed
ORD48871,2024-07-21,Service Plan,8,5499.0,43992.0,Zain Ahmed
ORD48877,2024-11-02,Gadget X,10,7.0,70.0,Maria Iqbal
ORD48880,2024-08-01,Widget A,2,12.5,25.0,Ayesha Reyes
ORD48888,2024-12-07,Gadget X,5,6.0,30.0,John Khan
ORD48893,2024-06-17,Widget A,2,12.5,25.0,Sara Khan
ORD48915,2024-08-14,Widget A,4,1125.0,4500.0,Ayesha Hussain
ORD48916,2024-07-30,Service Plan,4,44.99,179.96,Ali Chen
ORD48933,2024-11-26,Widget B,1,17.0,17.0,Zain Garcia
ORD48940,2024-08-06,Service Plan,10,44.0,440.0,Fatima Reyes
ORD48949,2024-06-09,Widget A,5,12.5,62.5,Maria Ahmed
ORD48950,2024-11-21,Service Plan,9,49.99,449.91,Noor Khan
ORD48963,2024-10-24,Gadget X,6,7.0,42.0,Zain Patel
ORD48998,2024-08-12,Widget B,6,17.99,107.95,Ali Iqbal
ORD48998,2024-12-25,Gadget Y,7,5.49,38.0,Sara Garcia
ORD49005,2024-10-06,Widget A,2,13.75,27.5,Ali Hussain
ORD49012,2024-10-06,Gadget Y,8,5.49,43.92,Omar Reyes
ORD49015,2024-10-05,Gadget Y,8,5.49,43.92,Ayesha Smith
ORD49017,2024-11-10,Widget A,10,12.5,125.0,Hassan Ahmed
ORD49024,2024-07-16,Widget A,5,13.75,68.75,Noor Garcia
ORD49029,2024-11-21,Gadget Y,6,4.94,29.65,Ali Reyes
ORD49065,2024-06-23,Widget A,6,13.75,82.5,Ali Khan
ORD49066,2024-08-28,Service Plan,2,49.0,98.0,Noor Khan
ORD49079,2024-07-08,Gadget X,2,7.7,15.4,Hassan Ahmed
ORD49080,2024-12-03,Service Plan,4,5499.0,21996.0,Maria Smith
ORD49084,2024-07-15,Widget A,6,12.5,75.0,Omar Lee
ORD49092,2024-07-13,Gadget Y,6,5.49,32.94,Maria Reyes
ORD49097,2024-06-19,Widget A,5,1250.0,6250.0,Noor Smith
ORD49103,2024-07-15,Widget B,1,17.99,17.99,Hassan Ahmed
ORD49113,2024-08-07,Widget A,9,12.5,112.5,Omar Smith
ORD49127,2024-10-30,Gadget Y,7,6.04,42.28,Zain Ahmed
ORD49131,2024-12-21,Widget B,3,19.0,56.97,Noor Khan
ORD49145,2024-12-10,Service Plan,5,54.99,274.0,Omar Patel
ORD49160,2024-08-04,Gadget X,9,630.0,5670.0,Ayesha Khan
ORD49179,2024-07-11,Service Plan,2,49.99,99.98,Omar Reyes
ORD49179,2024-11-27,Service Plan,6,44.99,269.94,Maria Smith
ORD49186,2024-06-27,Gadget X,7,700.0,4900.0,Fatima Ahmed
ORD49198,2024-07-29,Service Plan,6,44.99,269.95,Zain Iqbal
ORD49210,2024-06-26,Service Plan,5,4499.0,22495.0,Hassan Reyes
ORD49217,2024-10-29,Gadget Y,4,4.94,19.76,Ayesha Reyes
ORD49221,2024-10-30,Gadget X,9,630.0,5670.0,Maria Hussain
ORD49222,2024-12-11,Widget B,5,1799.0,8995.0,Ayesha Hussain
ORD49233,2024-07-17,Widget A,4,12.0,48.0,Fatima Patel
ORD49234,2024-07-25,Gadget Y,4,6.0,24.0,Hassan Reyes
ORD49234,2024-10-14,Service Plan,5,4999.0,24995.0,John Iqbal
ORD49244,2024-07-18,Service Plan,1,44.99,44.99,John Patel
ORD49250,2024-06-20,Service Plan,9,54.0,486.0,Zain Smith
ORD49270,2024-09-13,Gadget X,1,7.0,7.0,Ali Smith
ORD49286,2024-09-16,Gadget X,4,7.0,28.0,Ali Smith
ORD49289,2024-12-16,Gadget Y,4,5.0,20.0,Ayesha Patel
ORD49295,2024-06-12,Gadget Y,8,5.49,43.92,Zain Smith
ORD49300,2024-12-30,Service Plan,2,5499.0,10998.0,John Chen
ORD49307,2024-08-14,Gadget Y,8,549.0,4392.0,Maria Chen
ORD49308,2024-06-19,Widget B,2,1799.0,3598.0,Hassan Lee
ORD49315,2024-11-07,Widget B,6,17.99,107.0,Ali Hussain
ORD49323,2024-12-25,Gadget Y,8,604.0,4832.0,Omar Lee
ORD49327,2024-12-24,Gadget Y,3,5.49,16.47,Zain Reyes
ORD49340,2024-06-27,Gadget X,8,7.0,56.0,John Reyes
ORD49348,2024-09-10,Gadget Y,7,5.49,38.43,Sara Reyes
ORD49359,2024-08-19,Gadget Y,2,5.0,10.0,Maria Iqbal
ORD49363,2024-10-08,Gadget X,7,7.0,49.0,Omar Smith
ORD49366,2024-12-01,Gadget Y,10,5.49,54.9,Maria Patel
ORD49368,2024-12-18,Gadget X,9,7.0,63.0,Maria Reyes
ORD49403,2024-06-30,Service Plan,5,44.99,224.95,Zain Khan
ORD49411,2024-06-15,Widget A,5,13.75,68.0,Sara Khan
ORD49413,2024-07-09,Gadget X,6,6.0,36.0,Noor Patel
ORD49426,2024-11-28,Service Plan,6,5499.0,32993.0,Noor Iqbal
ORD49433,2024-10-16,Gadget Y,5,4.94,24.7,Hassan Chen
ORD49450,2024-08-02,Gadget Y,1,549.0,549.0,Zain Khan
ORD49450,2024-09-30,Gadget X,8,7.0,56.0,Sara Chen
ORD49479,2024-09-09,Gadget X,8,7.0,56.0,Ayesha Garcia
ORD49496,2024-08-06,Gadget X,1,7.0,7.0,Noor Ahmed
ORD49503,2024-07-14,Service Plan,8,49.99,399.92,John Ahmed
ORD49503,2024-09-21,Service Plan,5,44.99,224.95,Fatima Lee
ORD49507,2024-10-28,Gadget X,7,7.0,49.0,Hassan Ahmed
ORD49508,2024-12-19,Service Plan,7,4999.0,34993.0,Sara Chen
ORD49512,2024-11-08,Gadget X,8,7.0,56.0,Ayesha Iqbal
ORD49514,2024-11-04,Gadget Y,2,5.49,10.98,Omar Ahmed
ORD49543,2024-12-08,Service Plan,2,49.99,99.98,Omar Lee
ORD49553,2024-12-12,Service Plan,6,4499.0,26994.0,Maria Khan
ORD49554,2024-07-18,Widget B,2,19.0,37.98,Omar Reyes
ORD49582,2024-12-31,Service Plan,5,54.99,274.95,Hassan Garcia
ORD49588,2024-07-04,Widget A,2,12.5,25.0,Sara Patel
ORD49627,2024-07-07,Widget A,6,12.5,75.0,Fatima Ahmed
ORD49631,2024-10-20,Gadget X,3,7.0,21.0,Noor Ahmed
ORD49634,2024-12-19,Widget B,10,17.99,179.9,Ali Iqbal
ORD49642,2024-12-29,Widget B,1,1999.0,1999.0,Ayesha Chen
ORD49650,2024-08-26,Service Plan,5,49.99,249.95,John Lee
ORD49651,2024-11-04,Service Plan,1,44.99,44.99,Zain Smith
ORD49663,2024-08-31,Widget B,8,21.99,175.91,Sara Lee
ORD49673,2024-07-04,Gadget X,6,7.0,42.0,Zain Iqbal
ORD49684,2024-09-13,Gadget X,8,700.0,5600.0,Zain Chen
ORD49695,2024-06-11,Gadget Y,6,5.0,30.0,Fatima Khan
ORD49695,2024-10-09,Gadget X,6,7.0,42.0,Hassan Iqbal
ORD49707,2024-08-07,Service Plan,9,54.0,494.9,Noor Hussain
ORD49707,2024-12-07,Gadget Y,8,5.49,43.92,John Lee
ORD49708,2024-11-18,Gadget Y,10,4.94,49.4,Sara Khan
ORD49743,2024-08-13,Gadget X,8,770.0,6160.0,John Garcia
ORD49768,2024-07-27,Gadget X,5,6.3,31.5,Hassan Garcia
ORD49771,2024-07-15,Gadget X,8,7.0,56.0,Hassan Lee
ORD49775,2024-05-07,Widget A,8,12.5,100.0,Omar Reyes
ORD49791,2024-11-28,Widget A,3,1125.0,3375.0,Omar Reyes
ORD49795,2024-06-11,Service Plan,8,4999.0,39992.0,Ayesha Reyes
ORD49800,2024-07-22,Service Plan,5,4999.0,24995.0,Maria Hussain
ORD49816,2024-12-19,Widget A,6,12.5,75.0,Ayesha Hussain
ORD49828,2024-09-19,Gadget X,5,6.3,31.5,Noor Lee
ORD49831,2024-11-30,Gadget Y,5,494.0,2470.0,Hassan Garcia
ORD49834,2024-12-07,Service Plan,4,54.99,219.96,Ayesha Smith
ORD49838,2024-08-16,Widget A,5,13.0,65.0,Fatima Chen
ORD49860,2024-08-08,Gadget X,6,7.7,46.0,Hassan Hussain
ORD49868,2024-09-05,Widget B,4,1999.0,7996.0,Noor Smith
ORD49879,2024-06-13,Widget A,3,11.25,33.75,Noor Reyes
ORD49881,2024-08-03,Gadget Y,7,549.0,3843.0,Maria Patel
ORD49882,2024-02-07,Widget B,10,21.99,219.0,Sara Reyes
ORD49883,2024-06-29,Gadget X,6,7.0,42.0,Hassan Khan
ORD49913,2024-06-17,Gadget Y,10,4.94,49.41,Fatima Garcia
ORD49919,2024-08-29,Service Plan,8,44.0,359.0,Sara Ahmed
ORD49925,2024-06-27,Service Plan,9,44.99,404.91,Fatima Ahmed
ORD49929,2024-12-13,Widget B,9,19.99,179.91,Noor Smith
ORD49930,2024-06-24,Widget B,2,17.99,35.98,John Lee
ORD49941,2024-12-15,Gadget X,8,7.0,56.0,Maria Patel
ORD49951,2024-08-07,Widget B,10,19.99,199.0,John Ahmed
ORD49956,2024-12-28,Widget A,2,13.75,27.5,Hassan Ahmed
ORD49965,2024-10-11,Widget A,6,12.0,72.0,Zain Ahmed
ORD49989,2024-12-24,Widget A,4,13.0,52.25,Omar Ahmed
ORD49991,2024-08-22,Widget A,4,12.0,48.0,Zain Lee
ORD50002,2024-10-27,Widget B,9,19.99,179.0,Maria Lee
ORD50010,2024-12-19,Gadget Y,9,6.04,54.35,Ayesha Hussain
ORD50018,2024-09-24,Widget B,2,19.99,39.98,Omar Iqbal
ORD50020,2024-09-08,Gadget Y,10,5.49,54.9,Hassan Patel
ORD50023,2024-11-04,Widget A,7,11.25,78.75,John Garcia
ORD50033,2024-08-14,Gadget Y,3,549.0,1647.0,Zain Smith
ORD50054,2024-10-12,Widget B,1,19.99,19.99,Fatima Chen
ORD50056,2024-08-12,Service Plan,4,49.99,199.96,Hassan Iqbal
ORD50060,2024-07-04,Widget B,9,17.0,153.0,Ayesha Reyes
ORD50064,2024-07-31,Service Plan,5,49.99,249.95,Omar Lee
ORD50075,2024-06-11,Widget A,7,1375.0,9625.0,Noor Hussain
ORD50090,2024-06-30,Gadget Y,2,5.49,10.98,Noor Khan
ORD50100,2024-08-01,Gadget Y,5,494.0,2470.0,Noor Lee
ORD50104,2024-08-22,Service Plan,10,49.0,490.0,John Chen
ORD50106,2024-06-07,Widget B,7,1799.0,12593.0,Sara Iqbal
ORD50117,2024-06-18,Widget B,3,19.99,59.0,Zain Ahmed
ORD50123,2024-07-13,Widget A,1,12.5,12.5,Omar Smith
ORD50125,2024-09-09,Gadget X,8,7.0,56.0,Hassan Hussain
ORD50130,2024-10-26,Gadget Y,4,4.94,19.76,Hassan Garcia
ORD50135,2024-09-21,Gadget X,7,7.0,49.0,Maria Khan
ORD50152,2024-12-02,Gadget Y,5,5.49,27.45,Sara Iqbal
ORD50165,2024-09-19,Gadget X,4,7.0,28.0,Zain Khan
ORD50170,2024-10-26,Widget A,4,1250.0,5000.0,Omar Khan
ORD50176,2024-11-10,Gadget Y,7,5.49,38.0,Zain Hussain
ORD50180,2024-06-28,Service Plan,2,49.0,99.0,John Garcia
ORD50187,2024-12-07,Widget A,2,12.0,24.0,Ali Garcia
ORD50205,2024-10-25,Widget A,10,1250.0,12500.0,Ali Khan
ORD50215,2024-08-24,Gadget Y,8,6.04,48.31,Noor Reyes
ORD50225,2024-07-29,Service Plan,1,49.99,49.99,Maria Reyes
ORD50230,2024-08-07,Gadget Y,1,6.04,6.04,Noor Garcia
ORD50233,2024-08-05,Gadget Y,7,549.0,3843.0,Maria Garcia
ORD50234,2024-10-07,Widget A,8,1375.0,11000.0,Zain Hussain
ORD50244,2024-12-07,Gadget X,8,7.0,56.0,Omar Reyes
ORD50250,2024-07-24,Widget B,10,17.0,170.0,Zain Lee
ORD50254,2024-07-12,Gadget Y,7,6.04,42.27,Ayesha Hussain
ORD50256,2024-12-24,Service Plan,3,49.0,147.0,Maria Ahmed
ORD50257,2024-06-26,Gadget X,8,700.0,5600.0,Maria Lee
ORD50257,2024-09-22,Gadget Y,6,4.94,29.65,Zain Hussain
ORD50273,2024-12-26,Gadget Y,6,5.49,32.94,Fatima Patel
ORD50301,2024-06-13,Gadget X,3,7.0,21.0,Ali Reyes
ORD50301,2024-08-02,Gadget X,2,7.0,14.0,Fatima Patel
ORD50302,2024-06-19,Widget B,10,19.99,199.9,Noor Reyes
ORD50305,2024-12-07,Gadget X,10,7.0,70.0,Noor Reyes
ORD50306,2024-12-19,Gadget X,8,7.0,56.0,Sara Smith
ORD50315,2024-10-12,Gadget Y,1,5.49,5.49,Omar Iqbal
ORD50323,2024-10-28,Widget A,8,13.75,110.0,John Lee
ORD50329,2024-11-17,Service Plan,10,49.0,490.0,Maria Ahmed
ORD50334,2024-10-09,Gadget Y,6,5.49,32.94,Ali Ahmed
ORD50342,2024-12-05,Service Plan,10,49.99,499.9,Zain Reyes
ORD50345,2024-11-22,Service Plan,4,49.99,199.96,Sara Ahmed
ORD50350,2024-08-08,Widget B,7,19.99,139.93,Omar Hussain
ORD50354,2024-10-24,Widget B,5,21.0,105.0,Ali Khan
ORD50372,2024-08-08,Widget A,9,12.0,108.0,Maria Lee
ORD50382,2024-07-05,Gadget Y,10,549.0,5490.0,Ayesha Lee
ORD50386,2024-12-25,Service Plan,2,54.99,109.98,Ayesha Garcia
ORD50390,2024-11-26,Gadget Y,7,5.49,38.43,Sara Garcia
ORD50406,2024-10-24,Gadget X,7,6.0,42.0,Fatima Lee
ORD50408,2024-01-06,Widget A,10,12.5,125.0,John Smith
ORD50413,2024-10-03,Gadget X,8,7.0,56.0,Maria Smith
ORD50414,2024-06-11,Gadget X,6,700.0,4200.0,Zain Reyes
ORD50440,2024-12-14,Service Plan,3,54.99,164.97,Hassan Lee
ORD50448,2024-06-23,Gadget Y,5,4.94,24.7,Zain Garcia
ORD50466,2024-09-08,Gadget Y,2,5.49,10.98,Omar Iqbal
ORD50469,2024-06-18,Gadget Y,7,6.0,42.0,Zain Lee
ORD50470,2024-07-22,Widget A,10,1250.0,12500.0,Zain Patel
ORD50481,2024-10-22,Widget A,9,12.5,112.5,Zain Khan
ORD50483,2024-07-17,Widget B,6,21.99,131.94,Zain Chen
ORD50485,2024-10-28,Widget A,8,1125.0,9000.0,Maria Chen
ORD50498,2024-08-08,Widget A,1,1125.0,1125.0,John Smith
ORD50523,2024-08-07,Gadget X,10,7.0,70.0,Zain Patel
ORD50549,2024-07-29,Widget B,5,21.99,109.95,Ali Hussain
ORD50552,2024-08-08,Widget A,4,12.5,50.0,Fatima Reyes
ORD50552,2024-12-22,Widget A,1,12.5,12.5,Fatima Lee
ORD50562,2024-07-20,Gadget X,10,7.7,77.0,Ayesha Chen
ORD50563,2024-12-05,Widget A,10,12.5,125.0,Zain Iqbal
ORD50574,2024-10-16,Gadget Y,8,5.49,43.92,Fatima Lee
ORD50587,2024-08-28,Gadget Y,9,549.0,4941.0,Hassan Garcia
ORD50594,2024-06-14,Gadget X,1,7.0,7.0,John Chen
ORD50596,2024-05-11,Widget A,9,13.75,123.75,Ayesha Hussain
ORD50603,2024-06-05,Gadget X,2,7.0,14.0,Ali Khan
ORD50609,2024-06-25,Widget B,7,19.99,139.93,Maria Patel
ORD50617,2024-10-09,Service Plan,5,49.99,249.95,Noor Hussain
ORD50621,2024-07-29,Gadget Y,6,5.49,32.94,Zain Reyes
ORD50623,2024-10-06,Gadget X,8,7.0,56.0,Maria Hussain
ORD50624,2024-08-07,Gadget X,1,7.0,7.0,John Lee
ORD50641,2024-07-13,Widget A,9,12.5,112.5,Maria Ahmed
ORD50645,2024-11-23,Service Plan,3,49.99,149.0,Omar Reyes
ORD50646,2024-08-23,Widget B,7,19.99,139.0,Ayesha Reyes
ORD50647,2024-11-04,Gadget X,8,7.7,61.6,Zain Lee
ORD50653,2024-10-02,Widget B,1,19.99,19.99,Hassan Smith
ORD50669,2024-09-25,Widget A,9,12.0,108.0,Hassan Garcia
ORD50676,2024-08-02,Service Plan,7,54.0,384.0,Hassan Iqbal
ORD50679,2024-12-04,Widget A,1,12.0,12.0,Ayesha Ahmed
ORD50687,2024-06-12,Gadget X,8,7.7,61.6,Zain Garcia
ORD50687,2024-07-15,Gadget X,10,770.0,7700.0,Sara Smith
ORD50707,2024-11-07,Gadget Y,6,4.0,24.0,Ali Khan
ORD50712,2024-09-24,Widget B,4,17.99,71.96,Maria Smith
ORD50714,2024-10-20,Gadget Y,7,604.0,4228.0,Hassan Garcia
ORD50737,2024-10-02,Service Plan,8,49.99,399.92,Ayesha Ahmed
ORD50737,2024-10-31,Service Plan,1,54.99,54.99,Omar Garcia
ORD50739,2024-10-11,Widget B,4,21.99,87.0,Ayesha Iqbal
ORD50741,2024-08-09,Gadget X,5,700.0,3500.0,Hassan Patel
ORD50745,2024-03-06,Gadget X,10,700.0,7000.0,Zain Reyes
ORD50749,2024-11-08,Widget B,2,19.99,39.98,Ali Garcia
ORD50751,2024-10-05,Gadget X,3,7.0,21.0,Noor Iqbal
ORD50751,2024-12-09,Widget A,5,12.5,62.5,Zain Iqbal
ORD50756,2024-08-11,Gadget Y,2,549.0,1098.0,Sara Lee
ORD50760,2024-08-10,Widget A,4,12.5,50.0,Maria Patel
ORD50764,2024-07-29,Service Plan,6,54.99,329.93,Hassan Hussain
ORD50765,2024-11-03,Gadget Y,2,6.0,12.0,Hassan Reyes
ORD50774,2024-08-16,Widget A,6,12.5,75.0,Ali Reyes
ORD50778,2024-07-29,Widget B,4,19.99,79.96,Sara Ahmed
ORD50787,2024-11-25,Service Plan,2,49.99,99.98,Omar Reyes
ORD50791,2024-12-27,Gadget X,3,7.7,23.1,Ali Smith
ORD50797,2024-10-25,Gadget Y,3,549.0,1647.0,Fatima Lee
ORD50801,2024-07-24,Gadget Y,8,5.49,43.92,Ali Hussain
ORD50811,2024-06-17,Gadget X,8,7.0,56.0,Ali Lee
ORD50812,2024-11-27,Widget B,9,19.99,179.91,Ali Hussain
ORD50820,2024-10-10,Gadget X,9,6.0,54.0,Ali Smith
ORD50824,2024-07-27,Service Plan,8,44.99,359.93,Ayesha Hussain
ORD50838,2024-11-24,Gadget X,3,7.7,23.1,Hassan Garcia
ORD50842,2024-07-24,Service Plan,10,49.99,499.9,Ayesha Iqbal
ORD50843,2024-07-10,Service Plan,4,49.99,199.96,Omar Iqbal
ORD50846,2024-02-12,Gadget X,10,6.3,63.0,Sara Garcia
ORD50860,2024-10-26,Service Plan,6,4999.0,29994.0,Omar Lee
ORD50871,2024-12-23,Widget A,7,13.75,96.25,Noor Smith
ORD50873,2024-11-27,Widget B,4,19.99,79.0,Noor Smith
ORD50889,2024-11-14,Gadget X,4,7.0,28.0,Hassan Reyes
ORD50890,2024-10-11,Widget B,2,19.99,39.98,Sara Garcia
ORD50904,2024-06-15,Gadget X,2,7.0,14.0,Ali Chen
ORD50913,2024-08-17,Widget A,9,12.5,112.0,Ayesha Lee
ORD50916,2024-11-04,Gadget Y,2,4.0,8.0,Noor Chen
ORD50933,2024-07-05,Service Plan,6,44.99,269.94,Fatima Patel
ORD50944,2024-11-02,Gadget X,8,6.3,50.4,Hassan Garcia
ORD50963,2024-11-18,Gadget X,6,7.0,42.0,Sara Iqbal
ORD50978,2024-06-01,Widget A,5,12.0,60.0,Maria Chen
ORD50984,2024-12-11,Widget B,3,19.99,59.97,Hassan Smith
ORD50991,2024-06-24,Widget A,2,12.5,25.0,Zain Reyes
ORD50997,2024-10-30,Service Plan,2,49.99,99.0,Omar Lee
ORD50999,2024-12-16,Widget B,5,19.99,99.95,Omar Garcia
ORD51002,2024-09-19,Gadget X,5,7.0,35.0,Fatima Ahmed
ORD51007,2024-11-09,Widget A,2,12.5,25.0,Sara Smith
ORD51016,2024-05-12,Gadget X,10,7.0,70.0,Hassan Ahmed
ORD51021,2024-06-03,Service Plan,2,49.99,99.98,Omar Lee
ORD51033,2024-10-26,Gadget Y,10,604.0,6040.0,Maria Smith
ORD51036,2024-10-21,Widget A,4,12.0,48.0,Noor Khan
ORD51049,2024-06-09,Widget B,5,21.99,109.95,John Ahmed
ORD51055,2024-06-20,Service Plan,3,49.0,147.0,John Khan
ORD51077,2024-06-21,Gadget X,2,7.0,14.0,Fatima Lee
ORD51077,2024-10-12,Gadget X,6,7.0,42.0,Fatima Lee
ORD51077,2024-10-22,Gadget X,4,7.0,28.0,Sara Patel
ORD51077,2024-11-12,Gadget X,5,630.0,3150.0,Ali Smith
ORD51078,2024-11-12,Widget B,3,17.0,51.0,Omar Garcia
ORD51084,2024-11-11,Gadget Y,4,549.0,2196.0,Ali Iqbal
ORD51087,2024-11-30,Widget B,9,19.0,171.0,Hassan Patel
ORD51098,2024-12-23,Widget A,2,12.5,25.0,Maria Lee
ORD51105,2024-07-06,Gadget Y,4,6.04,24.16,Maria Patel
ORD51110,2024-09-04,Widget A,7,11.25,78.75,Ayesha Chen
ORD51116,2024-08-28,Widget A,5,11.0,55.0,Zain Patel
ORD51129,2024-08-20,Widget A,1,12.5,12.5,Sara Khan
ORD51130,2024-12-19,Widget B,10,1799.0,17990.0,Ayesha Garcia
ORD51132,2024-11-22,Widget A,7,12.5,87.5,Omar Reyes
ORD51139,2024-08-11,Widget B,8,21.99,175.92,Ali Patel
ORD51150,2024-07-28,Widget A,6,11.25,67.5,Hassan Iqbal
ORD51151,2024-03-09,Gadget X,8,7.0,56.0,Fatima Garcia
ORD51155,2024-10-24,Widget B,5,17.99,89.95,Noor Reyes
ORD51164,2024-08-31,Gadget Y,2,6.04,12.08,John Iqbal
ORD51166,2024-07-24,Gadget X,2,7.0,14.0,Ayesha Ahmed
ORD51173,2024-08-29,Service Plan,4,49.99,199.96,John Chen
ORD51176,2024-11-11,Gadget Y,5,6.0,30.0,Ali Reyes
ORD51179,2024-06-13,Gadget X,3,7.0,21.0,John Smith
ORD51193,2024-07-02,Gadget Y,2,4.94,9.88,Maria Reyes
ORD51207,2024-10-06,Gadget Y,10,6.04,60.39,Omar Reyes
ORD51219,2024-01-10,Service Plan,10,54.0,540.0,Ayesha Reyes
ORD51233,2024-07-24,Gadget Y,6,4.94,29.65,Maria Khan
ORD51275,2024-06-06,Gadget X,9,6.3,56.0,Maria Smith
ORD51276,2024-12-22,Gadget X,1,7.0,7.0,John Chen
ORD51286,2024-10-25,Widget B,3,19.99,59.97,Hassan Chen
ORD51291,2024-07-05,Gadget Y,8,4.94,39.0,Ali Smith
ORD51295,2024-09-27,Widget A,5,12.5,62.5,Omar Hussain
ORD51307,2024-10-19,Gadget X,6,770.0,4620.0,Zain Lee
ORD51310,2024-10-18,Widget B,3,2199.0,6597.0,Maria Patel
ORD51312,2024-03-08,Widget A,3,12.5,37.5,Ayesha Patel
ORD51313,2024-09-24,Widget B,1,19.99,19.99,Ayesha Iqbal
ORD51330,2024-09-05,Service Plan,3,49.99,149.97,John Ahmed
ORD51348,2024-07-06,Widget B,7,19.0,133.0,Maria Garcia
ORD51353,2024-10-21,Service Plan,1,4999.0,4999.0,John Khan
ORD51376,2024-07-21,Gadget Y,8,5.49,43.92,Omar Ahmed
ORD51410,2024-07-09,Widget A,6,12.5,75.0,Ayesha Iqbal
ORD51413,2024-11-01,Service Plan,4,49.99,199.96,Sara Garcia
ORD51426,2024-07-01,Gadget Y,1,5.49,5.49,Noor Patel
ORD51444,2024-08-04,Widget A,7,12.0,84.0,Fatima Ahmed
ORD51457,2024-10-11,Gadget Y,7,6.04,42.27,Sara Patel
ORD51462,2024-09-18,Widget B,1,19.0,19.0,Hassan Hussain
ORD51465,2024-12-19,Gadget Y,7,5.49,38.43,Sara Chen
ORD51466,2024-07-09,Gadget X,8,7.0,56.0,Zain Reyes
ORD51475,2024-07-12,Widget A,1,12.5,12.5,Omar Chen
ORD51496,2024-10-14,Widget A,5,12.5,62.0,Maria Smith
ORD51527,2024-09-25,Service Plan,10,44.99,449.0,Hassan Iqbal
ORD51529,2024-09-10,Widget A,2,1250.0,2500.0,Fatima Garcia
ORD51542,2024-06-10,Widget B,3,19.99,59.97,Ali Ahmed
ORD51552,2024-06-05,Gadget Y,10,5.49,54.9,Ayesha Garcia
ORD51552,2024-11-12,Service Plan,3,54.99,164.97,Ali Reyes
ORD51563,2024-11-16,Gadget Y,5,5.49,27.45,Ali Reyes
ORD51569,2024-11-12,Gadget Y,3,5.49,16.47,Ali Smith
ORD51572,2024-10-27,Gadget Y,4,6.04,24.16,Ayesha Lee
ORD51575,2024-10-18,Widget B,6,19.0,114.0,Omar Reyes
ORD51580,2024-11-28,Gadget Y,9,5.49,49.41,Hassan Iqbal
ORD51594,2024-10-08,Service Plan,8,44.99,359.0,Maria Chen
ORD51599,2024-06-19,Gadget Y,10,4.94,49.4,Omar Patel
ORD51602,2024-08-24,Gadget X,5,7.0,35.0,Maria Reyes
ORD51605,2024-12-08,Gadget X,7,7.7,53.9,Hassan Patel
ORD51606,2024-06-07,Widget B,2,2199.0,4398.0,Hassan Patel
ORD51610,2024-11-04,Widget B,1,21.99,21.99,Fatima Smith
ORD51612,2024-11-15,Widget A,9,12.5,112.5,Sara Reyes
ORD51624,2024-09-08,Service Plan,4,44.99,179.96,Maria Lee
ORD51625,2024-12-05,Gadget X,9,6.3,56.7,Fatima Chen
ORD51641,2024-12-30,Service Plan,5,44.99,224.0,Sara Reyes
ORD51642,2024-06-02,Gadget X,5,7.0,35.0,Hassan Patel
ORD51651,2024-06-11,Gadget Y,4,5.0,20.0,Ali Patel
ORD51667,2024-04-12,Gadget X,3,7.0,21.0,Fatima Garcia
ORD51676,2024-08-12,Widget B,1,19.99,19.99,Noor Chen
ORD51676,2024-10-22,Gadget Y,10,549.0,5490.0,Omar Smith
ORD51685,2024-07-12,Widget A,6,13.75,82.5,Hassan Patel
ORD51688,2024-09-24,Gadget X,4,7.0,28.0,Hassan Reyes
ORD51701,2024-06-25,Widget B,4,19.99,79.96,Fatima Patel
ORD51706,2024-10-26,Gadget Y,1,549.0,549.0,Omar Khan
ORD51707,2024-07-11,Gadget X,3,6.0,18.0,Ali Chen
ORD51715,2024-06-30,Widget A,7,13.75,96.25,Hassan Khan
ORD51717,2024-10-12,Widget A,1,1125.0,1125.0,Omar Lee
ORD51724,2024-09-27,Service Plan,7,49.99,349.93,John Chen
ORD51726,2024-07-07,Gadget Y,7,5.49,38.43,Zain Khan
ORD51730,2024-08-22,Service Plan,10,4999.0,49990.0,John Lee
ORD51741,2024-07-23,Widget B,6,17.99,107.94,Omar Lee
ORD51743,2024-06-28,Widget B,7,1999.0,13993.0,Omar Khan
ORD51746,2024-12-26,Gadget Y,4,6.0,24.16,Sara Khan
ORD51753,2024-11-26,Gadget Y,5,5.49,27.45,Omar Patel
ORD51769,2024-08-12,Widget A,3,12.5,37.5,Ali Garcia
ORD51770,2024-10-02,Gadget Y,1,5.49,5.49,Sara Garcia
ORD51789,2024-07-02,Widget A,9,12.5,112.5,Maria Patel
ORD51798,2024-12-21,Widget A,9,12.5,112.5,Ayesha Iqbal
ORD51816,2024-06-07,Service Plan,10,49.99,499.9,Zain Lee
ORD51853,2024-12-05,Gadget X,7,7.0,49.0,Fatima Ahmed
ORD51854,2024-12-25,Widget A,6,12.5,75.0,Maria Patel
ORD51855,2024-08-20,Widget A,8,11.25,90.0,Ayesha Garcia
ORD51856,2024-09-01,Widget B,3,1999.0,5997.0,Zain Hussain
ORD51876,2024-10-20,Widget A,8,11.25,90.0,Maria Smith
ORD51892,2024-06-23,Service Plan,5,49.0,245.0,Ayesha Chen
ORD51920,2024-11-09,Widget A,5,12.0,60.0,John Chen
ORD51925,2024-07-09,Gadget Y,4,5.49,21.96,Maria Reyes
ORD51941,2024-07-30,Gadget X,2,7.0,14.0,Hassan Iqbal
ORD51948,2024-09-09,Widget B,2,17.0,34.0,Ali Garcia
ORD51948,2024-10-29,Gadget X,7,7.7,53.9,Hassan Smith
ORD51966,2024-06-19,Widget B,5,19.99,99.0,Zain Lee
ORD51975,2024-12-27,Service Plan,4,49.99,199.96,Ayesha Garcia
ORD51979,2024-11-10,Service Plan,1,4999.0,4999.0,Zain Smith
ORD51987,2024-11-20,Widget A,4,1250.0,5000.0,Ayesha Smith
ORD51998,2024-10-21,Gadget X,7,7.0,49.0,Maria Reyes
ORD52006,2024-12-17,Gadget Y,1,5.0,5.0,Hassan Reyes
ORD52007,2024-09-20,Gadget Y,6,5.49,32.94,Sara Hussain
ORD52020,2024-08-28,Service Plan,9,44.99,404.91,Maria Reyes
ORD52029,2024-09-05,Widget A,4,12.0,48.0,Maria Reyes
ORD52050,2024-06-03,Service Plan,2,44.99,89.98,John Hussain
ORD52051,2024-11-04,Gadget Y,4,5.0,20.0,Sara Khan
ORD52054,2024-08-06,Gadget X,9,7.0,63.0,Maria Smith
ORD52059,2024-09-15,Widget A,1,11.25,11.25,Hassan Ahmed
ORD52060,2024-10-18,Service Plan,3,4999.0,14997.0,John Lee
ORD52065,2024-09-06,Widget A,7,12.5,87.5,Zain Chen
ORD52086,2024-07-23,Widget A,6,11.25,67.5,Hassan Chen
ORD52088,2024-08-27,Widget A,7,13.75,96.0,Zain Chen
ORD52097,2024-10-21,Gadget Y,6,5.0,30.0,Noor Khan
ORD52106,2024-11-30,Service Plan,10,4999.0,49990.0,Sara Patel
ORD52115,2024-10-31,Gadget X,4,7.0,28.0,Ayesha Reyes
ORD52124,2024-09-18,Widget A,9,12.5,112.5,John Chen
ORD52126,2024-08-15,Service Plan,8,49.99,399.92,Noor Iqbal
ORD52130,2024-09-23,Gadget X,5,770.0,3850.0,Hassan Iqbal
ORD52140,2024-10-11,Gadget Y,9,5.49,49.41,Ali Smith
ORD52157,2024-07-25,Gadget X,8,7.0,56.0,Maria Hussain
ORD52164,2024-06-21,Widget B,1,17.99,17.99,Noor Reyes
ORD52172,2024-11-28,Gadget Y,1,4.94,4.94,Zain Hussain
ORD52184,2024-09-18,Gadget Y,6,4.94,29.64,John Ahmed
ORD52189,2024-09-18,Gadget Y,7,4.94,34.59,Maria Chen
ORD52191,2024-11-01,Gadget Y,1,5.49,5.49,Fatima Iqbal
ORD52195,2024-07-21,Service Plan,9,49.99,449.91,Sara Iqbal
ORD52197,2024-08-16,Gadget Y,3,5.0,15.0,Maria Smith
ORD52211,2024-07-18,Widget B,3,19.99,59.97,John Ahmed
ORD52212,2024-11-30,Widget B,10,19.99,199.9,Fatima Iqbal
ORD52234,2024-11-02,Gadget Y,2,4.94,9.88,Noor Reyes
ORD52237,2024-08-03,Gadget Y,6,5.0,30.0,Omar Reyes
ORD52243,2024-08-25,Widget A,3,12.0,36.0,Zain Smith
ORD52247,2024-11-02,Gadget X,1,7.0,7.0,Noor Khan
ORD52251,2024-12-21,Gadget X,1,6.3,6.3,Fatima Reyes
ORD52279,2024-02-10,Gadget Y,9,549.0,4941.0,Sara Patel
ORD52291,2024-11-29,Widget B,6,1799.0,10794.0,John Smith
ORD52297,2024-08-31,Widget A,7,1125.0,7875.0,Fatima Garcia
ORD52308,2024-08-16,Gadget Y,7,5.49,38.43,Ayesha Reyes
ORD52310,2024-10-02,Gadget Y,9,5.49,49.0,Ayesha Reyes
ORD52338,2024-12-14,Widget A,2,12.5,25.0,Sara Iqbal
ORD52341,2024-07-08,Widget A,10,12.0,120.0,Ali Smith
ORD52353,2024-01-09,Widget B,8,19.99,159.92,Hassan Patel
ORD52354,2024-08-11,Widget A,1,11.25,11.25,Omar Lee
ORD52362,2024-12-14,Gadget Y,9,494.0,4446.0,Sara Khan
ORD52380,2024-06-12,Widget A,7,13.75,96.25,Ali Khan
ORD52380,2024-06-28,Widget B,3,1999.0,5997.0,Ayesha Garcia
ORD52380,2024-08-12,Gadget Y,3,5.49,16.47,Omar Patel
ORD52385,2024-10-16,Service Plan,3,44.99,134.0,John Patel
ORD52402,2024-07-16,Widget A,7,13.75,96.25,Zain Patel
ORD52407,2024-08-24,Gadget Y,10,4.0,40.0,Omar Chen
ORD52412,2024-11-13,Gadget X,2,7.0,14.0,Ayesha Garcia
ORD52413,2024-06-16,Widget A,3,11.25,33.75,Sara Hussain
ORD52421,2024-11-18,Widget B,8,19.99,159.92,Ayesha Khan
ORD52424,2024-09-23,Widget B,5,17.99,89.95,Noor Garcia
ORD52430,2024-07-05,Gadget X,2,7.0,14.0,Zain Lee
ORD52431,2024-07-25,Widget B,7,19.99,139.0,Hassan Patel
ORD52434,2024-01-08,Widget B,1,19.0,19.0,Fatima Iqbal
ORD52442,2024-11-05,Widget B,1,1999.0,1999.0,Noor Iqbal
ORD52446,2024-12-25,Gadget X,10,700.0,7000.0,Fatima Reyes
ORD52448,2024-06-17,Widget B,7,19.99,139.93,Hassan Khan
ORD52457,2024-12-14,Widget A,2,12.5,25.0,Ayesha Hussain
ORD52472,2024-11-14,Gadget X,5,7.0,35.0,Noor Smith
ORD52473,2024-08-16,Service Plan,6,49.99,299.94,Fatima Lee
ORD52488,2024-06-02,Service Plan,4,49.99,199.96,Maria Hussain
ORD52492,2024-06-27,Widget B,2,1799.0,3598.0,Zain Patel
ORD52493,2024-06-19,Gadget Y,1,549.0,549.0,Fatima Ahmed
ORD52494,2024-07-17,Gadget X,6,7.0,42.0,Maria Lee
ORD52495,2024-08-06,Gadget Y,2,5.49,10.98,Zain Iqbal
ORD52495,2024-12-13,Widget B,5,1999.0,9995.0,John Smith
ORD52497,2024-07-20,Gadget Y,7,5.49,38.43,Fatima Chen
ORD52498,2024-08-30,Widget B,9,21.99,197.0,Maria Lee
ORD52505,2024-09-27,Widget A,3,11.25,33.75,Ali Lee
ORD52510,2024-12-08,Gadget X,1,7.0,7.0,Zain Garcia
ORD52518,2024-11-20,Gadget Y,9,4.0,36.0,Omar Khan
ORD52522,2024-08-26,Gadget X,8,7.0,56.0,Ali Chen
ORD52533,2024-06-14,Widget B,1,19.99,19.99,Fatima Patel
ORD52534,2024-09-26,Gadget X,3,700.0,2100.0,Hassan Reyes
ORD52550,2024-06-15,Widget A,6,12.5,75.0,Zain Patel
ORD52583,2024-08-21,Gadget X,1,7.0,7.0,Hassan Khan
ORD52584,2024-12-09,Service Plan,5,44.99,224.95,Zain Lee
ORD52586,2024-12-12,Widget B,3,19.99,59.0,Sara Garcia
ORD52587,2024-09-02,Service Plan,1,49.0,49.0,Ayesha Khan
ORD52610,2024-11-20,Service Plan,8,54.99,439.91,Hassan Hussain
ORD52612,2024-07-21,Service Plan,6,44.99,269.94,Zain Chen
ORD52626,2024-10-11,Gadget Y,9,4.0,36.0,Ayesha Khan
ORD52626,2024-12-30,Gadget X,9,7.0,63.0,Ayesha Smith
ORD52627,2024-11-28,Gadget X,1,770.0,770.0,Ayesha Hussain
ORD52636,2024-08-01,Gadget Y,3,549.0,1647.0,Noor Smith
ORD52638,2024-08-12,Widget A,8,1375.0,11000.0,Hassan Patel
ORD52642,2024-10-14,Gadget Y,3,549.0,1647.0,Hassan Khan
ORD52643,2024-10-17,Service Plan,2,44.99,89.0,John Iqbal
ORD52647,2024-11-23,Widget B,10,19.99,199.9,Hassan Khan
ORD52647,2024-12-14,Gadget X,4,7.0,28.0,Hassan Chen
ORD52651,2024-06-01,Gadget Y,2,5.49,10.98,Omar Iqbal
ORD52654,2024-07-22,Gadget Y,1,6.04,6.04,Ayesha Patel
ORD52655,2024-10-27,Gadget X,7,770.0,5390.0,Noor Reyes
ORD52670,2024-11-20,Gadget Y,7,5.49,38.43,Ali Hussain
ORD52676,2024-12-04,Service Plan,9,4999.0,44991.0,Omar Patel
ORD52676,2024-12-31,Gadget X,9,700.0,6300.0,Ali Smith
ORD52680,2024-10-14,Gadget X,1,7.0,7.0,Ali Garcia
ORD52684,2024-10-29,Widget A,5,1250.0,6250.0,Hassan Lee
ORD52684,2024-11-28,Service Plan,10,54.99,549.89,Sara Ahmed
ORD52705,2024-10-07,Gadget Y,6,5.49,32.94,Omar Iqbal
ORD52724,2024-11-25,Widget A,7,1250.0,8750.0,Zain Hussain
ORD52742,2024-11-02,Gadget X,9,630.0,5670.0,Zain Patel
ORD52744,2024-06-10,Gadget Y,7,494.0,3458.0,Noor Khan
ORD52747,2024-10-27,Widget A,8,12.0,96.0,Ayesha Ahmed
ORD52764,2024-11-09,Gadget Y,8,5.49,43.92,Omar Garcia
ORD52765,2024-06-22,Gadget Y,5,5.49,27.45,Sara Khan
ORD52790,2024-09-13,Gadget Y,6,5.49,32.94,Ayesha Khan
ORD52791,2024-10-19,Gadget Y,3,5.49,16.47,John Garcia
ORD52812,2024-12-09,Widget A,8,12.5,100.0,Maria Khan
ORD52813,2024-06-17,Gadget Y,4,4.0,16.0,Omar Ahmed
ORD52820,2024-05-12,Gadget Y,1,604.0,604.0,Ali Hussain
ORD52827,2024-09-09,Service Plan,2,49.99,99.0,Sara Reyes
ORD52827,2024-12-25,Gadget Y,9,5.49,49.0,Sara Reyes
ORD52840,2024-10-07,Widget A,7,1250.0,8750.0,Hassan Patel
ORD52853,2024-11-23,Gadget Y,10,5.49,54.9,Noor Reyes
ORD52879,2024-10-29,Widget A,8,12.5,100.0,Ali Iqbal
ORD52882,2024-07-23,Widget B,9,17.99,161.91,Omar Iqbal
ORD52890,2024-11-26,Gadget X,4,7.0,28.0,Noor Lee
ORD52892,2024-08-05,Service Plan,5,49.99,249.95,Omar Patel
ORD52899,2024-06-10,Gadget X,5,6.0,30.0,Ali Chen
ORD52909,2024-09-24,Widget A,7,11.25,78.75,Sara Patel
ORD52912,2024-07-09,Gadget X,5,7.7,38.5,Maria Ahmed
ORD52922,2024-06-03,Widget A,9,12.0,108.0,John Ahmed
ORD52929,2024-07-19,Service Plan,1,4999.0,4999.0,Maria Chen
ORD52931,2024-07-06,Widget B,2,19.99,39.98,Zain Garcia
ORD52940,2024-09-23,Service Plan,4,54.99,219.96,Maria Smith
ORD52942,2024-10-09,Service Plan,9,4999.0,44991.0,Maria Khan
ORD52943,2024-10-03,Gadget Y,8,549.0,4392.0,John Khan
ORD52991,2024-08-20,Gadget Y,2,6.04,12.0,Fatima Patel
ORD52997,2024-08-26,Service Plan,1,49.99,49.99,Ayesha Hussain
ORD53017,2024-08-01,Widget A,4,12.0,48.0,John Garcia
ORD53020,2024-07-14,Widget B,1,19.0,19.0,Fatima Hussain
ORD53043,2024-11-12,Widget A,5,11.0,55.0,Noor Khan
ORD53071,2024-08-11,Gadget X,3,7.0,21.0,Ali Ahmed
ORD53071,2024-11-24,Gadget Y,9,5.49,49.41,Zain Lee
ORD53073,2024-11-14,Widget A,7,13.75,96.25,Fatima Lee
ORD53076,2024-07-28,Widget B,1,1999.0,1999.0,Omar Garcia
ORD53076,2024-10-16,Gadget Y,3,6.04,18.12,Zain Chen
ORD53082,2024-07-05,Gadget X,6,700.0,4200.0,Maria Hussain
ORD53093,2024-11-04,Gadget X,4,700.0,2800.0,Ali Reyes
ORD53093,2024-11-13,Widget B,8,1999.0,15992.0,Hassan Iqbal
ORD53103,2024-09-16,Widget A,4,1250.0,5000.0,Ayesha Smith
ORD53109,2024-04-09,Widget B,10,21.99,219.0,Fatima Ahmed
ORD53114,2024-08-14,Widget B,8,19.99,159.92,Noor Reyes
ORD53117,2024-06-26,Gadget X,7,700.0,4900.0,Maria Lee
ORD53141,2024-12-07,Service Plan,2,49.99,99.98,Maria Reyes
ORD53144,2024-11-08,Widget B,2,19.99,39.98,Ayesha Chen
ORD53148,2024-08-30,Service Plan,5,44.99,224.95,Noor Ahmed
ORD53155,2024-09-07,Gadget Y,3,5.49,16.47,Zain Iqbal
ORD53155,2024-11-23,Gadget X,1,7.0,7.0,Ali Chen
ORD53166,2024-06-09,Widget A,1,12.0,12.0,John Reyes
ORD53183,2024-09-14,Gadget Y,9,549.0,4941.0,Omar Reyes
ORD53188,2024-01-08,Service Plan,5,49.0,245.0,Fatima Hussain
ORD53190,2024-10-08,Widget A,5,11.25,56.25,Fatima Patel
ORD53197,2024-02-12,Service Plan,9,49.0,441.0,Sara Smith
ORD53229,2024-08-27,Gadget Y,8,549.0,4392.0,Zain Garcia
ORD53266,2024-12-26,Widget A,2,13.75,27.5,Sara Garcia
ORD53274,2024-10-26,Service Plan,10,49.0,490.0,Ayesha Lee
ORD53276,2024-12-09,Widget B,3,17.99,53.97,Hassan Reyes
ORD53316,2024-12-11,Gadget Y,3,549.0,1647.0,Hassan Ahmed
ORD53331,2024-07-31,Service Plan,9,49.99,449.91,Hassan Garcia
ORD53333,2024-07-19,Widget A,2,12.5,25.0,Omar Hussain
ORD53335,2024-12-11,Widget B,2,1999.0,3998.0,Noor Lee
ORD53339,2024-10-27,Widget A,2,12.5,25.0,Fatima Patel
ORD53345,2024-06-05,Widget B,5,1999.0,9995.0,John Hussain
ORD53363,2024-08-29,Gadget X,3,7.0,21.0,Noor Iqbal
ORD53388,2024-12-04,Widget B,1,2199.0,2199.0,John Chen
ORD53391,2024-06-22,Service Plan,7,49.99,349.93,Maria Chen
ORD53402,2024-09-23,Widget A,8,1375.0,11000.0,Sara Patel
ORD53420,2024-09-16,Gadget X,8,700.0,5600.0,Hassan Chen
ORD53432,2024-06-19,Service Plan,8,54.0,432.0,Ali Hussain
ORD53432,2024-10-27,Service Plan,3,54.99,164.97,Maria Hussain
ORD53433,2024-06-21,Gadget X,7,7.0,49.0,Maria Chen
ORD53439,2024-09-04,Widget B,4,19.99,79.96,Fatima Reyes
ORD53439,2024-09-08,Gadget X,8,7.0,56.0,Maria Reyes
ORD53449,2024-06-14,Gadget Y,10,6.0,60.39,John Hussain
ORD53449,2024-12-06,Widget B,4,19.99,79.96,John Reyes
ORD53456,2024-07-02,Widget A,8,12.0,96.0,Hassan Hussain
ORD53498,2024-08-30,Widget A,6,12.5,75.0,John Lee
ORD53507,2024-10-20,Gadget X,6,7.7,46.2,Zain Garcia
ORD53515,2024-06-26,Gadget Y,2,4.94,9.88,Sara Reyes
ORD53526,2024-12-24,Gadget Y,9,5.49,49.41,Ayesha Ahmed
ORD53533,2024-12-14,Service Plan,3,49.99,149.97,Ayesha Hussain
ORD53555,2024-06-08,Widget A,6,12.5,75.0,Maria Khan
ORD53566,2024-11-13,Widget A,8,13.75,110.0,Sara Lee
ORD53578,2024-10-08,Service Plan,4,54.99,219.0,Ali Ahmed
ORD53585,2024-07-31,Gadget Y,4,6.0,24.16,Noor Hussain
ORD53595,2024-12-26,Widget A,5,13.0,65.0,Maria Khan
ORD53604,2024-09-30,Service Plan,2,4999.0,9998.0,Ayesha Patel
ORD53614,2024-09-11,Service Plan,5,49.0,245.0,Fatima Iqbal
ORD53616,2024-08-03,Service Plan,3,44.99,134.97,Ayesha Patel
ORD53620,2024-07-28,Service Plan,10,49.0,490.0,Omar Lee
ORD53626,2024-07-22,Service Plan,9,49.0,441.0,Hassan Chen
ORD53630,2024-11-20,Widget A,6,12.0,72.0,Hassan Smith
ORD53634,2024-07-10,Widget B,6,21.99,131.93,Sara Smith
ORD53637,2024-10-24,Service Plan,3,54.99,164.97,Noor Khan
ORD53642,2024-06-10,Gadget X,5,700.0,3500.0,Zain Smith
ORD53649,2024-09-25,Service Plan,2,44.0,88.0,Noor Ahmed
ORD53650,2024-12-06,Widget B,4,17.99,71.96,Ali Ahmed
ORD53666,2024-12-19,Widget A,2,1250.0,2500.0,Fatima Khan
ORD53681,2024-11-18,Gadget Y,6,5.0,30.0,Ayesha Iqbal
ORD53691,2024-07-08,Widget A,6,13.75,82.5,John Reyes
ORD53700,2024-12-28,Gadget X,8,630.0,5040.0,Ayesha Hussain
ORD53705,2024-09-08,Widget A,1,12.5,12.5,Ali Patel
ORD53716,2024-11-15,Gadget Y,6,5.49,32.94,Omar Iqbal
ORD53724,2024-09-03,Gadget X,6,7.0,42.0,John Garcia
ORD53738,2024-12-13,Widget B,7,17.99,125.93,Fatima Ahmed
ORD53743,2024-12-08,Widget B,7,19.99,139.93,Ali Ahmed
ORD53745,2024-07-04,Gadget Y,1,5.0,5.0,John Lee
ORD53746,2024-07-21,Gadget X,5,7.0,35.0,Zain Garcia
ORD53746,2024-10-20,Gadget Y,7,4.94,34.0,Hassan Hussain
ORD53753,2024-11-07,Service Plan,2,4499.0,8998.0,John Hussain
ORD53764,2024-11-13,Service Plan,9,4999.0,44991.0,Fatima Garcia
ORD53767,2024-10-01,Gadget Y,8,604.0,4832.0,Sara Garcia
ORD53770,2024-07-25,Gadget X,5,7.0,35.0,Omar Khan
ORD53784,2024-10-25,Widget B,6,2199.0,13194.0,Omar Smith
ORD53788,2024-06-23,Gadget Y,1,6.04,6.04,Maria Ahmed
ORD53802,2024-08-15,Gadget Y,4,5.49,21.96,Zain Hussain
ORD53802,2024-09-06,Gadget Y,8,4.0,32.0,John Ahmed
ORD53809,2024-09-26,Widget B,1,19.99,19.99,Zain Garcia
ORD53810,2024-09-24,Gadget X,1,6.0,6.0,Ali Khan
ORD53822,2024-09-21,Gadget X,2,700.0,1400.0,Maria Garcia
ORD53832,2024-07-27,Gadget Y,4,5.49,21.96,Fatima Chen
ORD53836,2024-12-13,Widget A,10,11.25,112.5,Ali Hussain
ORD53841,2024-10-01,Gadget X,2,7.7,15.4,Ayesha Khan
ORD53855,2024-12-20,Gadget Y,5,5.49,27.45,Sara Chen
ORD53856,2024-09-11,Gadget Y,1,6.0,6.04,John Iqbal
ORD53862,2024-07-28,Gadget X,10,7.7,77.0,John Ahmed
ORD53866,2024-07-10,Service Plan,8,4499.0,35992.0,Sara Iqbal
ORD53872,2024-04-08,Gadget X,9,7.0,63.0,John Reyes
ORD53877,2024-07-07,Service Plan,10,49.99,499.9,Ali Hussain
ORD53891,2024-11-14,Widget A,2,11.25,22.5,Maria Patel
ORD53895,2024-10-04,Widget A,6,12.5,75.0,Ayesha Patel
ORD53907,2024-07-29,Gadget X,4,7.0,28.0,Omar Iqbal
ORD53920,2024-12-01,Service Plan,5,44.0,224.0,Hassan Patel
ORD53923,2024-10-20,Widget B,1,19.99,19.99,Sara Reyes
ORD53925,2024-12-18,Gadget Y,7,4.0,28.0,Hassan Garcia
ORD53931,2024-10-22,Gadget X,5,630.0,3150.0,Omar Chen
ORD53937,2024-06-07,Gadget Y,10,5.49,54.9,Zain Garcia
ORD53938,2024-12-17,Widget B,7,21.99,153.0,Zain Patel
ORD53940,2024-07-31,Widget B,10,1999.0,19990.0,Zain Khan
ORD53952,2024-07-13,Widget B,5,19.99,99.95,Hassan Hussain
ORD53982,2024-08-30,Widget A,6,13.75,82.5,Maria Ahmed
ORD54001,2024-10-27,Gadget Y,4,549.0,2196.0,Omar Ahmed
ORD54005,2024-10-08,Gadget Y,5,4.94,24.7,John Smith
ORD54025,2024-11-16,Gadget Y,1,6.04,6.04,Hassan Chen
ORD54042,2024-08-18,Service Plan,9,44.99,404.92,Hassan Garcia
ORD54049,2024-07-13,Gadget Y,10,5.49,54.9,Noor Patel
ORD54052,2024-12-17,Widget B,3,19.0,57.0,John Chen
ORD54056,2024-12-22,Gadget X,10,7.0,70.0,Hassan Reyes
ORD54077,2024-08-07,Widget A,6,12.5,75.0,Fatima Reyes
ORD54087,2024-09-15,Gadget X,1,6.3,6.3,Ayesha Patel
ORD54091,2024-10-21,Widget B,5,1999.0,9995.0,Sara Iqbal
ORD54093,2024-02-09,Widget B,9,17.99,161.91,Omar Reyes
ORD54095,2024-12-02,Service Plan,3,49.99,149.97,Omar Smith
ORD54105,2024-06-22,Gadget Y,10,494.0,4941.0,Omar Hussain
ORD54112,2024-09-03,Gadget X,6,7.0,42.0,Maria Ahmed
ORD54118,2024-06-27,Widget A,7,12.5,87.5,Fatima Chen
ORD54120,2024-09-18,Widget A,7,1125.0,7875.0,Noor Ahmed
ORD54123,2024-10-28,Service Plan,5,54.99,274.0,Noor Reyes
ORD54127,2024-09-28,Gadget X,7,7.0,49.0,Fatima Reyes
ORD54150,2024-08-16,Service Plan,2,44.0,88.0,Ali Patel
ORD54172,2024-07-12,Service Plan,9,49.99,449.91,Ayesha Iqbal
ORD54187,2024-10-15,Widget B,1,19.0,19.0,Sara Hussain
ORD54191,2024-06-03,Service Plan,6,49.99,299.94,Ayesha Hussain
ORD54192,2024-11-21,Widget A,7,12.5,87.0,Ali Ahmed
ORD54209,2024-10-25,Widget A,1,12.5,12.5,Omar Smith
ORD54212,2024-07-21,Widget A,8,13.75,110.0,Omar Iqbal
ORD54224,2024-10-07,Gadget Y,3,5.0,15.0,Ali Patel
ORD54231,2024-12-25,Gadget Y,3,6.04,18.12,Ali Smith
ORD54234,2024-11-25,Gadget X,9,6.0,54.0,Ayesha Hussain
ORD54258,2024-05-08,Service Plan,1,4999.0,4999.0,John Garcia
ORD54274,2024-12-04,Gadget X,3,700.0,2100.0,Noor Iqbal
ORD54276,2024-08-23,Gadget Y,3,4.94,14.82,Maria Reyes
ORD54279,2024-08-11,Service Plan,10,4999.0,49990.0,Maria Iqbal
ORD54282,2024-08-17,Gadget X,7,7.0,49.0,Omar Lee
ORD54303,2024-07-24,Widget A,5,12.5,62.5,Sara Khan
ORD54309,2024-11-12,Gadget X,3,7.0,21.0,Fatima Iqbal
ORD54315,2024-07-20,Service Plan,1,4499.0,4499.0,Ali Chen
ORD54319,2024-07-07,Widget A,4,11.25,45.0,Fatima Iqbal
ORD54319,2024-07-17,Service Plan,9,49.99,449.91,Hassan Chen
ORD54335,2024-09-02,Widget A,3,12.5,37.5,Ayesha Smith
ORD54335,2024-10-24,Widget A,4,12.5,50.0,Zain Ahmed
ORD54338,2024-06-04,Widget B,1,17.99,17.99,Ali Khan
ORD54342,2024-06-14,Widget A,4,12.5,50.0,Maria Lee
ORD54355,2024-12-10,Widget A,6,12.0,72.0,John Lee
ORD54359,2024-12-06,Gadget Y,1,4.0,4.0,John Ahmed
ORD54369,2024-10-04,Service Plan,7,54.99,384.92,Noor Patel
ORD54374,2024-12-26,Widget B,8,21.99,175.0,Ali Garcia
ORD54396,2024-12-23,Widget A,8,12.5,100.0,Ali Garcia
ORD54399,2024-08-29,Widget A,6,13.75,82.5,Sara Reyes
ORD54414,2024-11-04,Gadget X,8,7.0,56.0,Maria Patel
ORD54425,2024-03-08,Service Plan,9,49.99,449.91,Zain Patel
ORD54440,2024-06-01,Widget B,7,19.99,139.93,John Hussain
ORD54447,2024-06-14,Widget B,2,19.99,39.98,Noor Chen
ORD54462,2024-12-16,Gadget X,6,7.0,42.0,Ayesha Smith
ORD54464,2024-07-09,Widget B,6,19.0,114.0,Zain Hussain
ORD54466,2024-07-30,Gadget Y,5,5.0,25.0,Maria Iqbal
ORD54473,2024-06-19,Gadget X,9,7.0,63.0,Hassan Reyes
ORD54493,2024-07-28,Widget B,2,19.99,39.98,Zain Ahmed
ORD54493,2024-12-27,Widget A,1,12.0,12.0,Noor Chen
ORD54497,2024-07-07,Widget A,4,12.5,50.0,Maria Garcia
ORD54505,2024-07-15,Gadget Y,7,4.94,34.58,Hassan Chen
ORD54540,2024-10-20,Widget B,3,19.99,59.97,Omar Ahmed
ORD54552,2024-10-15,Widget B,4,1999.0,7996.0,Omar Khan
ORD54573,2024-12-31,Gadget X,7,700.0,4900.0,Hassan Smith
ORD54578,2024-11-23,Gadget X,1,7.0,7.0,Hassan Khan
ORD54585,2024-11-25,Service Plan,4,44.99,179.96,Omar Iqbal
ORD54591,2024-07-09,Gadget X,7,7.0,49.0,Sara Reyes
ORD54608,2024-08-11,Service Plan,5,44.99,224.95,Zain Lee
ORD54614,2024-07-09,Widget B,1,19.99,19.99,Omar Hussain
ORD54617,2024-08-04,Widget A,5,12.0,60.0,John Reyes
ORD54634,2024-08-31,Widget A,7,11.25,78.0,Omar Chen
ORD54649,2024-07-26,Service Plan,1,44.99,44.99,Hassan Chen
ORD54653,2024-12-28,Gadget X,3,7.7,23.1,Ali Lee
ORD54656,2024-07-08,Widget B,1,17.99,17.99,Fatima Lee
ORD54695,2024-12-24,Gadget Y,1,5.0,5.0,Omar Khan
ORD54698,2024-09-21,Service Plan,7,4999.0,34993.0,Maria Lee
ORD54705,2024-08-18,Gadget Y,9,5.49,49.41,Hassan Iqbal
ORD54706,2024-12-13,Gadget Y,2,5.49,10.98,Hassan Garcia
ORD54707,2024-09-29,Widget B,3,19.0,57.0,Hassan Chen
ORD54709,2024-07-24,Service Plan,2,49.99,99.98,Hassan Patel
ORD54725,2024-08-23,Gadget Y,5,549.0,2745.0,Maria Reyes
ORD54744,2024-12-26,Widget A,1,12.5,12.5,Hassan Hussain
ORD54748,2024-11-17,Widget B,1,19.99,19.99,Ayesha Patel
ORD54761,2024-11-22,Widget B,3,19.99,59.97,Maria Hussain
ORD54766,2024-09-27,Gadget X,2,7.7,15.4,John Garcia
ORD54770,2024-08-20,Widget A,2,13.75,27.5,Hassan Reyes
ORD54776,2024-12-22,Gadget Y,6,5.49,32.94,John Patel
ORD54781,2024-08-14,Service Plan,4,49.0,196.0,Zain Lee
ORD54809,2024-12-06,Gadget X,9,6.3,56.0,John Lee
ORD54822,2024-11-12,Gadget Y,1,549.0,549.0,John Ahmed
ORD54829,2024-12-10,Gadget X,3,7.0,21.0,Omar Hussain
ORD54840,2024-12-16,Widget A,1,12.5,12.5,Omar Reyes
ORD54842,2024-11-09,Widget B,2,19.99,39.98,Ayesha Ahmed
ORD54845,2024-10-09,Widget B,9,19.99,179.91,John Hussain
ORD54849,2024-07-21,Gadget X,6,7.0,42.0,Zain Patel
ORD54849,2024-09-05,Widget A,1,13.75,13.75,John Iqbal
ORD54854,2024-11-15,Gadget Y,5,4.0,20.0,Hassan Garcia
ORD54858,2024-10-07,Widget A,10,13.75,137.5,Noor Reyes
ORD54861,2024-11-23,Widget B,10,1999.0,19990.0,Hassan Patel
ORD54880,2024-10-15,Service Plan,10,4999.0,49990.0,Zain Lee
ORD54882,2024-06-07,Widget B,1,19.99,19.99,Noor Khan
ORD54884,2024-09-04,Widget B,4,17.99,71.96,Maria Lee
ORD54890,2024-10-25,Widget A,3,1250.0,3750.0,Maria Ahmed
ORD54897,2024-09-12,Widget A,9,13.0,117.0,Zain Chen
ORD54902,2024-06-11,Gadget X,4,700.0,2800.0,Hassan Smith
ORD54910,2024-07-16,Gadget X,8,700.0,5600.0,Zain Garcia
ORD54917,2024-08-10,Service Plan,6,54.0,329.93,Maria Iqbal
ORD54917,2024-12-29,Widget A,10,12.5,125.0,Ali Khan
ORD54926,2024-11-08,Gadget X,1,7.0,7.0,John Lee
ORD54928,2024-06-30,Widget A,1,11.25,11.25,Noor Hussain
ORD54930,2024-11-15,Gadget X,8,6.3,50.4,Noor Smith
ORD54935,2024-07-29,Service Plan,9,5499.0,49491.0,Noor Ahmed
ORD54938,2024-10-16,Widget B,2,1799.0,3598.0,Omar Chen
ORD54940,2024-12-09,Gadget X,4,7.0,28.0,Omar Reyes
ORD54942,2024-07-23,Gadget X,9,7.7,69.3,Ali Khan
ORD54945,2024-07-12,Gadget Y,4,5.49,21.96,John Reyes
ORD54949,2024-09-30,Gadget Y,9,5.49,49.41,Maria Patel
ORD54949,2024-11-17,Service Plan,8,4999.0,39992.0,Omar Hussain
ORD54950,2024-11-30,Service Plan,10,49.99,499.9,Zain Patel
ORD54959,2024-11-24,Gadget Y,1,6.04,6.04,Sara Hussain
ORD54965,2024-10-14,Service Plan,3,44.99,134.97,Zain Chen
ORD54969,2024-07-22,Widget A,2,1375.0,2750.0,Fatima Hussain
ORD54987,2024-08-15,Widget B,9,19.0,171.0,Fatima Smith
ORD54989,2024-09-01,Gadget X,9,700.0,6300.0,Hassan Smith
ORD54995,2024-07-06,Service Plan,3,54.99,164.97,Ayesha Reyes
ORD55014,2024-11-12,Service Plan,10,54.0,549.0,Ali Khan
ORD55024,2024-06-08,Widget B,8,21.99,175.91,Hassan Smith
ORD55026,2024-11-15,Service Plan,6,49.99,299.94,Zain Reyes
ORD55029,2024-10-15,Widget A,8,13.75,110.0,Maria Garcia
ORD55036,2024-10-21,Widget A,9,1375.0,12375.0,Omar Ahmed
ORD55044,2024-12-10,Service Plan,6,54.99,329.94,Zain Ahmed
ORD55058,2024-09-17,Widget A,4,12.0,48.0,Ayesha Patel
ORD55069,2024-07-25,Gadget Y,9,549.0,4941.0,Noor Khan
ORD55077,2024-08-07,Widget A,2,11.0,22.0,John Patel
ORD55085,2024-07-24,Service Plan,8,49.99,399.92,Noor Patel
ORD55093,2024-07-27,Service Plan,4,54.0,219.96,Zain Reyes
ORD55097,2024-07-21,Gadget X,1,630.0,630.0,Maria Chen
ORD55102,2024-07-19,Service Plan,9,49.0,441.0,Fatima Smith
ORD55102,2024-09-05,Widget B,4,19.99,79.96,Maria Smith
ORD55104,2024-08-26,Gadget Y,2,4.94,9.88,Sara Chen
ORD55110,2024-11-04,Service Plan,1,49.0,49.0,Ali Chen
ORD55115,2024-09-16,Widget B,2,19.0,38.0,Ali Lee
ORD55123,2024-08-22,Widget B,9,19.99,179.91,Ayesha Khan
ORD55134,2024-12-06,Widget B,9,17.99,161.92,Sara Chen
ORD55135,2024-07-12,Service Plan,1,49.99,49.0,Fatima Hussain
ORD55149,2024-11-25,Gadget X,2,7.0,14.0,John Lee
ORD55151,2024-10-22,Gadget Y,9,5.49,49.41,John Garcia
ORD55167,2024-07-16,Gadget Y,7,5.49,38.43,Fatima Chen
ORD55185,2024-11-22,Service Plan,6,49.99,299.94,Ali Garcia
ORD55199,2024-12-14,Gadget Y,5,604.0,3020.0,Fatima Hussain
ORD55200,2024-10-03,Widget B,9,19.0,171.0,Hassan Chen
ORD55213,2024-11-26,Gadget X,4,7.0,28.0,Sara Garcia
ORD55214,2024-11-21,Widget A,7,12.5,87.5,John Hussain
ORD55218,2024-05-12,Widget A,1,1375.0,1375.0,Omar Iqbal
ORD55222,2024-06-25,Widget B,10,21.99,219.0,Fatima Ahmed
ORD55226,2024-09-30,Gadget X,9,6.0,54.0,Ayesha Iqbal
ORD55227,2024-02-08,Service Plan,10,49.99,499.9,Sara Hussain
ORD55237,2024-06-22,Widget B,3,2199.0,6597.0,Omar Iqbal
ORD55245,2024-11-27,Service Plan,4,49.0,196.0,Omar Chen
ORD55252,2024-12-25,Gadget Y,4,5.49,21.96,John Lee
ORD55253,2024-06-06,Gadget X,4,7.0,28.0,Sara Hussain
ORD55278,2024-02-09,Gadget X,6,7.0,42.0,Maria Patel
ORD55288,2024-06-04,Gadget X,2,7.0,14.0,Sara Chen
ORD55292,2024-06-29,Widget A,8,13.75,110.0,Omar Chen
ORD55300,2024-11-29,Service Plan,7,49.99,349.93,Zain Khan
ORD55308,2024-10-08,Widget B,1,1799.0,1799.0,Ayesha Lee
ORD55357,2024-10-14,Service Plan,5,49.0,245.0,Fatima Lee
ORD55362,2024-06-19,Widget B,3,19.0,57.0,John Chen
ORD55379,2024-06-01,Widget B,9,19.99,179.0,Sara Garcia
ORD55383,2024-07-03,Gadget Y,10,604.0,6040.0,Sara Smith
ORD55386,2024-08-06,Service Plan,7,44.0,308.0,Fatima Patel
ORD55387,2024-05-07,Widget A,1,1250.0,1250.0,Ayesha Smith
ORD55397,2024-11-15,Gadget X,8,7.0,56.0,John Patel
ORD55398,2024-09-22,Gadget X,8,700.0,5600.0,Hassan Ahmed
ORD55428,2024-08-16,Service Plan,5,5499.0,27495.0,Noor Reyes
ORD55433,2024-12-18,Gadget Y,7,4.0,28.0,Omar Lee
ORD55434,2024-10-26,Gadget Y,1,5.49,5.49,Maria Khan
ORD55444,2024-12-20,Widget A,2,13.75,27.5,Zain Lee
ORD55445,2024-08-15,Gadget Y,2,5.49,10.98,Ayesha Reyes
ORD55457,2024-08-21,Widget B,2,19.99,39.98,Maria Garcia
ORD55459,2024-06-28,Widget A,7,12.5,87.5,Zain Hussain
ORD55459,2024-07-03,Gadget Y,4,5.49,21.96,Hassan Hussain
ORD55467,2024-09-08,Gadget X,3,7.0,21.0,Noor Hussain
ORD55485,2024-11-18,Widget A,6,12.5,75.0,Noor Smith
ORD55498,2024-09-07,Gadget X,3,7.0,21.0,Zain Khan
ORD55504,2024-07-17,Widget B,10,19.99,199.9,Maria Patel
ORD55516,2024-12-06,Gadget Y,4,4.0,16.0,Noor Reyes
ORD55517,2024-09-10,Service Plan,4,49.99,199.96,Noor Lee
ORD55519,2024-09-09,Widget B,8,1999.0,15992.0,Ayesha Iqbal
ORD55530,2024-07-25,Widget B,9,17.0,153.0,Noor Patel
ORD55533,2024-06-06,Gadget Y,10,5.0,50.0,John Ahmed
ORD55563,2024-11-02,Widget A,2,11.25,22.5,Omar Garcia
ORD55584,2024-06-09,Widget B,2,21.99,43.98,Omar Iqbal
ORD55584,2024-11-18,Gadget X,8,7.0,56.0,Zain Iqbal
ORD55585,2024-09-18,Widget A,4,12.5,50.0,Fatima Patel
ORD55601,2024-07-12,Gadget X,4,6.0,24.0,Ayesha Ahmed
ORD55603,2024-10-28,Service Plan,6,49.99,299.94,Ali Chen
ORD55617,2024-11-30,Service Plan,9,49.0,449.0,Zain Patel
ORD55639,2024-09-04,Gadget Y,5,5.49,27.45,Noor Reyes
ORD55653,2024-12-11,Gadget Y,7,549.0,3843.0,Zain Iqbal
ORD55670,2024-09-25,Widget B,9,19.99,179.91,Omar Ahmed
ORD55685,2024-07-24,Widget B,2,19.99,39.98,Zain Ahmed
ORD55702,2024-07-08,Widget B,1,19.99,19.99,Fatima Reyes
ORD55702,2024-08-12,Gadget Y,7,549.0,3843.0,Ayesha Garcia
ORD55702,2024-08-14,Gadget Y,3,4.94,14.82,John Khan
ORD55708,2024-11-29,Gadget X,3,7.0,21.0,Omar Ahmed
ORD55714,2024-06-26,Service Plan,5,49.99,249.0,Hassan Khan
ORD55717,2024-12-07,Gadget Y,8,6.04,48.32,Sara Iqbal
ORD55730,2024-06-16,Widget B,8,19.99,159.92,John Garcia
ORD55747,2024-06-06,Service Plan,9,44.99,404.92,Omar Garcia
ORD55749,2024-12-19,Service Plan,4,4999.0,19996.0,Ayesha Reyes
ORD55762,2024-12-24,Service Plan,6,44.99,269.95,Ayesha Smith
ORD55763,2024-10-08,Widget B,7,19.0,133.0,Zain Smith
ORD55782,2024-10-17,Widget A,3,11.25,33.75,Sara Ahmed
ORD55839,2024-06-28,Widget A,9,13.75,123.75,Omar Ahmed
ORD55857,2024-12-15,Gadget Y,7,6.04,42.0,Zain Lee
ORD55860,2024-11-23,Service Plan,6,49.99,299.0,Zain Reyes
ORD55867,2024-06-03,Gadget X,3,7.0,21.0,Zain Iqbal
ORD55872,2024-06-09,Gadget Y,10,6.04,60.4,Ayesha Ahmed
ORD55874,2024-08-27,Gadget Y,8,5.49,43.92,Ali Iqbal
ORD55884,2024-09-02,Gadget X,1,7.0,7.0,Hassan Ahmed
ORD55889,2024-07-05,Gadget X,9,6.3,56.7,Ali Ahmed
ORD55894,2024-03-11,Gadget X,9,700.0,6300.0,Zain Chen
ORD55900,2024-09-05,Widget A,1,12.0,12.0,Maria Smith
ORD55924,2024-09-29,Widget A,1,1375.0,1375.0,Hassan Lee
ORD55925,2024-11-13,Gadget X,7,7.7,53.9,Sara Smith
ORD55926,2024-10-14,Widget B,5,19.0,95.0,Noor Hussain
ORD55941,2024-09-06,Gadget X,10,700.0,7000.0,John Lee
ORD55949,2024-11-13,Widget A,1,12.0,12.0,Hassan Smith
ORD55953,2024-08-26,Gadget Y,6,5.49,32.94,John Chen
ORD55956,2024-12-10,Widget A,6,11.25,67.5,Zain Chen
ORD55974,2024-06-23,Widget B,7,19.99,139.93,Omar Patel
ORD55981,2024-11-03,Gadget X,3,7.0,21.0,Zain Smith
ORD55994,2024-06-22,Gadget X,10,6.3,63.0,Omar Lee
ORD56013,2024-11-23,Gadget Y,1,6.0,6.0,Sara Lee
ORD56014,2024-11-29,Widget B,9,21.99,197.91,Ayesha Hussain
ORD56018,2024-12-09,Widget B,6,21.99,131.93,Ali Smith
ORD56048,2024-06-20,Widget B,1,21.99,21.99,Noor Reyes
ORD56052,2024-08-18,Gadget Y,9,5.0,45.0,Hassan Iqbal
ORD56053,2024-06-15,Widget B,2,1999.0,3998.0,Maria Iqbal
ORD56070,2024-06-14,Service Plan,6,4999.0,29994.0,John Lee
ORD56072,2024-11-09,Gadget Y,7,5.49,38.43,Omar Hussain
ORD56090,2024-12-25,Gadget Y,10,6.0,60.39,Hassan Garcia
ORD56117,2024-07-09,Service Plan,7,49.99,349.93,Omar Khan
ORD56146,2024-09-10,Service Plan,4,54.0,219.96,Sara Hussain
ORD56150,2024-09-11,Service Plan,7,49.99,349.93,Ali Khan
ORD56152,2024-11-03,Service Plan,9,49.99,449.91,John Lee
ORD56156,2024-09-16,Widget B,2,19.99,39.98,Zain Smith
ORD56161,2024-11-14,Gadget Y,5,5.49,27.45,Noor Lee
ORD56170,2024-10-15,Gadget Y,8,5.49,43.92,Maria Patel
ORD56177,2024-07-19,Gadget X,3,7.0,21.0,Omar Smith
ORD56191,2024-09-25,Gadget X,7,7.7,53.9,Ayesha Patel
ORD56211,2024-12-21,Gadget Y,9,5.0,45.0,Ayesha Khan
ORD56215,2024-06-30,Service Plan,6,49.99,299.0,Omar Hussain
ORD56218,2024-12-04,Widget B,6,1999.0,11994.0,Ali Ahmed
ORD56231,2024-08-09,Widget A,1,12.5,12.5,Noor Chen
ORD56233,2024-07-11,Gadget Y,10,549.0,5490.0,Sara Smith
ORD56241,2024-06-27,Gadget X,8,7.0,56.0,Omar Reyes
ORD56265,2024-09-14,Widget A,2,12.5,25.0,Ayesha Iqbal
ORD56278,2024-10-08,Gadget X,2,7.0,14.0,Sara Patel
ORD56304,2024-08-08,Widget A,10,11.25,112.5,Noor Patel
ORD56372,2024-06-04,Gadget X,1,7.0,7.0,Sara Khan
ORD56373,2024-09-10,Widget B,7,19.99,139.93,Maria Lee
ORD56375,2024-09-28,Widget A,9,12.5,112.5,Noor Garcia
ORD56379,2024-08-31,Gadget Y,7,5.0,35.0,Sara Hussain
ORD56379,2024-09-30,Widget A,10,11.25,112.5,Sara Garcia
ORD56385,2024-10-14,Widget B,5,19.0,95.0,Zain Ahmed
ORD56396,2024-09-14,Widget B,8,19.0,152.0,Hassan Ahmed
ORD56409,2024-10-26,Service Plan,9,54.99,494.91,Zain Lee
ORD56410,2024-06-02,Service Plan,4,49.0,196.0,Omar Garcia
ORD56413,2024-07-27,Gadget Y,2,5.49,10.98,Ayesha Khan
ORD56415,2024-06-23,Widget A,7,13.75,96.25,Ayesha Patel
ORD56427,2024-07-06,Widget A,8,13.75,110.0,Hassan Hussain
ORD56429,2024-12-05,Widget B,10,21.99,219.9,Ayesha Smith
ORD56430,2024-09-07,Service Plan,7,4999.0,34993.0,Sara Garcia
ORD56436,2024-12-01,Widget B,4,19.99,79.0,Ali Garcia
ORD56437,2024-11-21,Gadget X,10,7.7,77.0,John Lee
ORD56443,2024-10-02,Widget B,8,21.0,167.12,Hassan Hussain
ORD56445,2024-06-25,Widget A,9,12.5,112.0,Zain Iqbal
ORD56459,2024-11-03,Service Plan,9,49.0,441.0,Ayesha Khan
ORD56471,2024-11-27,Service Plan,10,49.0,490.0,Ayesha Garcia
ORD56526,2024-09-09,Widget A,2,1125.0,2250.0,John Patel
ORD56540,2024-06-05,Gadget X,10,7.0,70.0,Omar Ahmed
ORD56541,2024-07-12,Gadget Y,3,5.0,15.0,Omar Chen
ORD56575,2024-06-07,Widget B,8,19.99,159.92,Omar Khan
ORD56578,2024-09-10,Gadget X,6,7.0,42.0,Fatima Iqbal
ORD56583,2024-10-17,Service Plan,2,49.99,99.98,Hassan Lee
ORD56584,2024-09-07,Gadget Y,5,494.0,2470.0,Maria Garcia
ORD56610,2024-09-15,Gadget Y,3,549.0,1647.0,Fatima Chen
ORD56615,2024-06-13,Widget A,3,12.5,37.5,John Ahmed
ORD56626,2024-11-26,Gadget Y,3,5.49,16.47,Fatima Iqbal
ORD56630,2024-10-12,Gadget Y,4,6.04,24.16,John Smith
ORD56631,2024-06-24,Gadget X,2,700.0,1400.0,Ali Ahmed
ORD56648,2024-06-12,Widget A,2,12.5,25.0,Maria Hussain
ORD56651,2024-08-29,Widget B,1,17.0,17.0,John Smith
ORD56651,2024-09-20,Gadget X,3,7.0,21.0,John Ahmed
ORD56654,2024-12-26,Service Plan,7,49.99,349.0,Zain Iqbal
ORD56655,2024-10-15,Widget A,6,1375.0,8250.0,Ayesha Chen
ORD56658,2024-11-13,Widget A,2,13.0,26.0,Zain Reyes
ORD56661,2024-02-07,Widget B,2,19.99,39.98,Ayesha Chen
ORD56671,2024-08-22,Service Plan,9,49.99,449.91,Zain Khan
ORD56681,2024-10-10,Gadget X,9,6.0,54.0,Zain Khan
ORD56683,2024-12-29,Service Plan,8,44.0,352.0,Zain Lee
ORD56692,2024-10-14,Service Plan,7,49.0,343.0,Omar Ahmed
ORD56692,2024-11-21,Gadget X,10,7.0,70.0,Fatima Iqbal
ORD56694,2024-10-27,Service Plan,4,49.99,199.96,Maria Chen
ORD56698,2024-07-05,Service Plan,9,49.99,449.91,Hassan Lee
ORD56704,2024-08-21,Gadget Y,9,6.0,54.35,Omar Hussain
ORD56706,2024-10-25,Gadget X,8,7.0,56.0,Zain Reyes
ORD56732,2024-11-12,Service Plan,2,44.0,88.0,Maria Lee
ORD56735,2024-08-12,Widget A,5,11.25,56.25,Sara Smith
ORD56749,2024-08-25,Service Plan,7,54.99,384.92,John Patel
ORD56753,2024-06-12,Gadget Y,10,5.49,54.0,Omar Garcia
ORD56756,2024-06-28,Gadget X,10,7.0,70.0,Maria Lee
ORD56761,2024-07-13,Gadget X,6,7.7,46.0,John Patel
ORD56764,2024-10-26,Service Plan,6,44.99,269.0,Sara Iqbal
ORD56767,2024-11-25,Gadget Y,1,604.0,604.0,Noor Lee
ORD56774,2024-09-07,Gadget Y,7,5.0,35.0,Ayesha Khan
ORD56786,2024-07-22,Gadget Y,7,5.49,38.43,Hassan Reyes
ORD56787,2024-07-27,Gadget Y,5,5.49,27.45,Maria Chen
ORD56788,2024-12-29,Service Plan,7,49.99,349.0,Ayesha Garcia
ORD56816,2024-12-29,Gadget X,5,7.7,38.5,Noor Patel
ORD56822,2024-08-18,Gadget Y,7,5.49,38.43,Ali Ahmed
ORD56834,2024-01-10,Gadget X,3,700.0,2100.0,Ayesha Ahmed
ORD56838,2024-06-22,Service Plan,7,54.0,384.92,Sara Lee
ORD56840,2024-06-04,Service Plan,5,44.0,224.0,Fatima Iqbal
ORD56849,2024-09-08,Gadget X,2,6.3,12.6,John Iqbal
ORD56860,2024-11-17,Gadget Y,1,494.0,494.0,Noor Patel
ORD56861,2024-10-07,Service Plan,3,49.99,149.0,Fatima Reyes
ORD56871,2024-08-06,Gadget X,9,6.0,54.0,Sara Smith
ORD56871,2024-08-21,Widget A,2,11.25,22.5,Sara Hussain
ORD56883,2024-08-14,Gadget X,1,6.3,6.3,Noor Chen
ORD56901,2024-07-24,Gadget Y,8,494.0,3953.0,Ali Garcia
ORD56902,2024-12-31,Widget B,1,2199.0,2199.0,Maria Ahmed
ORD56910,2024-08-01,Service Plan,6,49.99,299.94,Maria Lee
ORD56912,2024-12-12,Widget A,6,13.75,82.5,John Hussain
ORD56927,2024-06-14,Widget A,5,13.75,68.75,Ayesha Lee
ORD56933,2024-07-14,Widget B,5,1999.0,9995.0,Fatima Hussain
ORD56935,2024-06-27,Gadget X,2,7.0,14.0,Omar Smith
ORD56938,2024-12-08,Gadget Y,6,604.0,3624.0,Ayesha Patel
ORD56939,2024-09-08,Widget B,10,19.0,190.0,John Lee
ORD56943,2024-11-13,Gadget X,7,6.3,44.0,Sara Khan
ORD56967,2024-06-01,Gadget Y,8,4.94,39.0,Ayesha Smith
ORD56983,2024-11-16,Gadget Y,10,5.49,54.9,John Chen
ORD56984,2024-09-04,Gadget Y,3,5.49,16.47,Noor Iqbal
ORD56988,2024-08-25,Service Plan,2,49.99,99.98,Ayesha Chen
ORD56994,2024-11-09,Widget A,1,13.75,13.75,Ayesha Smith
ORD57020,2024-12-16,Gadget X,8,6.3,50.4,John Ahmed
ORD57026,2024-10-30,Widget A,6,11.25,67.0,Zain Garcia
ORD57047,2024-12-06,Widget B,8,19.99,159.0,Sara Lee
ORD57058,2024-07-31,Widget A,10,12.5,125.0,Ali Khan
ORD57067,2024-06-22,Gadget X,9,630.0,5670.0,Sara Ahmed
ORD57068,2024-08-19,Gadget X,9,7.0,63.0,Fatima Garcia
ORD57077,2024-07-03,Widget A,4,12.5,50.0,Maria Khan
ORD57077,2024-12-13,Gadget Y,5,5.49,27.45,Hassan Hussain
ORD57086,2024-06-29,Gadget X,1,7.0,7.0,Omar Iqbal
ORD57087,2024-10-12,Widget B,3,21.99,65.97,Zain Smith
ORD57103,2024-08-13,Gadget Y,3,6.04,18.12,Maria Chen
ORD57106,2024-12-03,Gadget X,9,7.0,63.0,Ayesha Ahmed
ORD57127,2024-11-29,Service Plan,5,49.99,249.0,Zain Patel
ORD57148,2024-10-28,Gadget X,8,700.0,5600.0,Ali Ahmed
ORD57158,2024-06-13,Gadget X,4,7.0,28.0,Sara Garcia
ORD57170,2024-01-09,Gadget Y,10,4.94,49.4,John Hussain
ORD57175,2024-12-04,Gadget X,6,7.0,42.0,Zain Hussain
ORD57177,2024-09-24,Gadget Y,4,5.49,21.96,Noor Reyes
ORD57193,2024-07-06,Gadget Y,3,549.0,1647.0,Maria Garcia
ORD57202,2024-12-21,Service Plan,4,44.99,179.96,Sara Ahmed
ORD57214,2024-10-09,Gadget X,1,7.0,7.0,Omar Ahmed
ORD57221,2024-07-14,Gadget Y,2,5.49,10.98,Hassan Reyes
ORD57235,2024-07-20,Widget B,4,17.99,71.96,Maria Khan
ORD57241,2024-11-09,Gadget Y,7,5.49,38.43,Omar Garcia
ORD57244,2024-11-21,Gadget X,2,6.3,12.6,John Reyes
ORD57250,2024-09-20,Gadget X,3,7.7,23.0,Hassan Iqbal
ORD57256,2024-05-10,Widget B,3,21.99,65.97,Maria Patel
ORD57260,2024-07-07,Service Plan,7,49.99,349.93,Maria Khan
ORD57264,2024-06-15,Gadget Y,8,5.49,43.92,Sara Patel
ORD57270,2024-07-21,Service Plan,8,49.99,399.92,John Smith
ORD57294,2024-08-20,Widget A,2,12.5,25.0,Noor Patel
ORD57307,2024-10-21,Gadget Y,6,5.49,32.94,John Ahmed
ORD57321,2024-10-16,Gadget Y,2,5.49,10.98,Hassan Reyes
ORD57342,2024-08-10,Gadget Y,2,5.49,10.98,Maria Ahmed
ORD57342,2024-08-31,Gadget Y,4,5.49,21.96,Zain Lee
ORD57358,2024-11-29,Service Plan,5,4999.0,24995.0,Sara Patel
ORD57364,2024-10-20,Widget B,7,2199.0,15393.0,Zain Lee
ORD57395,2024-10-25,Widget A,7,1125.0,7875.0,Fatima Reyes
ORD57396,2024-06-04,Widget A,7,12.5,87.5,Hassan Smith
ORD57413,2024-11-25,Service Plan,6,54.99,329.93,Hassan Smith
ORD57414,2024-11-22,Widget B,3,2199.0,6597.0,Ali Hussain
ORD57428,2024-06-23,Gadget Y,2,5.49,10.98,Maria Lee
ORD57443,2024-07-30,Gadget Y,6,5.0,30.0,Zain Chen
ORD57453,2024-09-25,Gadget Y,1,5.0,5.0,Hassan Smith
ORD57477,2024-08-18,Gadget Y,2,604.0,1208.0,John Hussain
ORD57479,2024-06-22,Widget B,3,17.99,53.97,Zain Lee
ORD57483,2024-06-28,Widget B,7,17.0,119.0,John Iqbal
ORD57484,2024-08-06,Widget B,7,19.0,133.0,Ali Smith
ORD57498,2024-08-30,Gadget Y,10,5.49,54.9,Noor Patel
ORD57500,2024-11-08,Gadget X,10,7.0,70.0,Fatima Hussain
ORD57525,2024-07-17,Gadget X,2,630.0,1260.0,Sara Chen
ORD57530,2024-11-18,Gadget Y,3,5.49,16.47,Zain Hussain
ORD57564,2024-07-07,Service Plan,7,54.99,384.92,Zain Chen
ORD57564,2024-10-26,Gadget Y,9,6.04,54.35,Sara Ahmed
ORD57589,2024-11-14,Gadget Y,6,6.0,36.0,Sara Iqbal
ORD57592,2024-10-16,Service Plan,4,54.0,219.96,Maria Lee
ORD57600,2024-09-12,Service Plan,9,54.99,494.9,John Ahmed
ORD57601,2024-10-12,Gadget X,10,770.0,7700.0,Ali Chen
ORD57603,2024-09-12,Gadget Y,10,6.04,60.0,Noor Hussain
ORD57613,2024-10-31,Widget A,10,1125.0,11250.0,Hassan Smith
ORD57614,2024-08-18,Service Plan,2,4999.0,9998.0,Ayesha Hussain
ORD57619,2024-10-10,Widget B,1,19.99,19.99,Maria Hussain
ORD57621,2024-07-11,Gadget Y,10,6.04,60.4,Ayesha Lee
ORD57636,2024-07-15,Service Plan,4,49.99,199.96,Hassan Smith
ORD57645,2024-06-22,Widget B,7,21.99,153.92,Hassan Reyes
ORD57648,2024-06-29,Gadget Y,7,5.49,38.43,Sara Hussain
ORD57660,2024-07-17,Service Plan,7,49.99,349.93,Maria Iqbal
ORD57668,2024-12-25,Gadget X,10,7.0,70.0,Noor Khan
ORD57699,2024-10-14,Widget A,7,11.25,78.75,Omar Lee
ORD57706,2024-10-10,Widget A,5,1125.0,5625.0,Ayesha Iqbal
ORD57725,2024-09-26,Gadget Y,6,5.0,30.0,Noor Chen
ORD57728,2024-06-19,Gadget X,5,770.0,3850.0,John Lee
ORD57731,2024-06-14,Gadget X,8,7.0,56.0,Maria Garcia
ORD57733,2024-10-02,Widget B,2,21.99,43.98,Sara Iqbal
ORD57752,2024-12-05,Gadget Y,7,5.49,38.0,Zain Ahmed
ORD57754,2024-11-18,Gadget Y,1,4.94,4.94,Maria Iqbal
ORD57762,2024-09-15,Gadget X,7,6.3,44.1,Zain Khan
ORD57775,2024-11-16,Widget A,2,12.5,25.0,John Iqbal
ORD57788,2024-06-04,Service Plan,4,5499.0,21996.0,Noor Smith
ORD57798,2024-11-26,Widget B,2,1999.0,3998.0,Sara Khan
ORD57806,2024-09-16,Gadget X,10,7.7,77.0,Sara Hussain
ORD57809,2024-10-22,Widget B,7,19.99,139.0,Ayesha Reyes
ORD57809,2024-11-18,Widget B,5,19.99,99.95,Ayesha Smith
ORD57811,2024-06-16,Gadget Y,5,549.0,2745.0,Ali Iqbal
ORD57843,2024-06-30,Gadget Y,1,5.0,5.0,Hassan Iqbal
ORD57852,2024-11-04,Widget B,9,1999.0,17991.0,Maria Khan
ORD57863,2024-08-18,Widget A,2,12.0,24.0,Maria Iqbal
ORD57865,2024-12-21,Widget A,9,11.25,101.25,Maria Ahmed
ORD57868,2024-12-21,Service Plan,7,49.99,349.93,Sara Lee
ORD57880,2024-06-27,Widget A,2,12.5,25.0,Maria Ahmed
ORD57880,2024-06-30,Gadget X,2,6.3,12.6,Ali Chen
ORD57884,2024-11-11,Widget A,10,12.0,120.0,John Iqbal
ORD57885,2024-07-05,Gadget Y,7,6.04,42.28,Maria Khan
ORD57886,2024-09-23,Gadget Y,5,5.49,27.45,Ali Reyes
ORD57886,2024-09-30,Gadget X,5,7.0,35.0,John Ahmed
ORD57889,2024-07-25,Widget A,6,13.0,78.0,Zain Patel
ORD57897,2024-11-20,Gadget Y,8,5.49,43.92,Zain Ahmed
ORD57914,2024-06-03,Gadget Y,6,4.0,24.0,Fatima Hussain
ORD57916,2024-11-15,Service Plan,10,49.99,499.9,Fatima Khan
ORD57918,2024-09-28,Service Plan,1,49.99,49.99,Hassan Hussain
ORD57932,2024-10-20,Widget A,4,11.25,45.0,Omar Reyes
ORD57935,2024-11-27,Widget B,1,19.99,19.99,Fatima Smith
ORD57935,2024-12-31,Gadget X,7,7.0,49.0,Maria Chen
ORD57936,2024-06-20,Gadget X,7,6.3,44.1,Ayesha Patel
ORD57946,2024-11-23,Widget A,1,11.25,11.25,Maria Khan
ORD57948,2024-11-03,Gadget Y,10,549.0,5490.0,Maria Patel
ORD57951,2024-08-06,Service Plan,4,5499.0,21996.0,Ayesha Iqbal
ORD57958,2024-07-30,Gadget Y,5,6.04,30.2,Fatima Chen
ORD57978,2024-10-13,Service Plan,1,49.99,49.99,Omar Lee
ORD57980,2024-11-21,Widget B,8,19.99,159.92,Ali Ahmed
ORD57992,2024-11-12,Widget A,4,12.5,50.0,Ali Lee
ORD57999,2024-06-23,Gadget Y,10,6.04,60.39,Fatima Chen
ORD58040,2024-11-03,Gadget X,3,7.0,21.0,John Ahmed
ORD58044,2024-08-03,Service Plan,8,5499.0,43992.0,Noor Smith
ORD58062,2024-06-16,Service Plan,7,49.99,349.93,Ayesha Garcia
ORD58076,2024-11-08,Widget A,8,13.0,104.0,Ali Hussain
ORD58085,2024-10-17,Widget A,8,11.25,90.0,John Khan
ORD58094,2024-06-11,Service Plan,6,4999.0,29994.0,Ali Chen
ORD58099,2024-06-09,Widget A,10,13.75,137.5,Hassan Chen
ORD58117,2024-06-13,Service Plan,6,49.99,299.94,John Hussain
ORD58121,2024-12-09,Gadget X,5,7.0,35.0,Maria Hussain
ORD58125,2024-10-06,Widget A,10,12.5,125.0,Maria Iqbal
ORD58125,2024-12-21,Gadget Y,4,6.04,24.16,Sara Lee
ORD58128,2024-08-25,Gadget Y,3,494.0,1482.0,Zain Garcia
ORD58128,2024-10-25,Gadget X,8,7.0,56.0,Ali Ahmed
ORD58140,2024-10-22,Service Plan,3,4999.0,14997.0,Hassan Patel
ORD58161,2024-11-06,Widget B,5,19.99,99.95,John Reyes
ORD58168,2024-09-20,Gadget X,2,700.0,1400.0,Hassan Hussain
ORD58174,2024-11-05,Widget B,4,19.99,79.96,Fatima Chen
ORD58192,2024-08-24,Service Plan,1,49.99,49.99,Maria Reyes
ORD58198,2024-09-01,Gadget Y,7,5.0,35.0,Omar Iqbal
ORD58206,2024-03-06,Gadget X,1,6.3,6.3,Noor Khan
ORD58207,2024-09-11,Service Plan,9,49.99,449.91,Fatima Smith
ORD58214,2024-06-07,Gadget X,6,7.0,42.0,Fatima Ahmed
ORD58224,2024-07-29,Gadget X,7,700.0,4900.0,Noor Iqbal
ORD58230,2024-06-14,Service Plan,10,49.0,490.0,Zain Patel
ORD58236,2024-06-21,Widget B,4,17.99,71.96,John Iqbal
ORD58238,2024-10-16,Gadget X,2,7.0,14.0,Fatima Ahmed
ORD58242,2024-09-06,Gadget X,5,7.0,35.0,John Chen
ORD58258,2024-11-26,Widget A,7,13.0,91.0,Ali Smith
ORD58272,2024-11-27,Service Plan,4,4499.0,17996.0,Noor Ahmed
ORD58274,2024-11-27,Gadget X,4,7.7,30.8,John Ahmed
ORD58275,2024-06-08,Gadget X,8,7.0,56.0,Zain Lee
ORD58296,2024-07-31,Gadget X,1,7.0,7.0,Ayesha Ahmed
ORD58305,2024-11-24,Service Plan,1,49.99,49.99,Fatima Chen
ORD58308,2024-06-22,Gadget Y,2,549.0,1098.0,Ayesha Iqbal
ORD58313,2024-09-01,Widget B,9,19.0,171.0,Hassan Chen
ORD58331,2024-12-30,Gadget X,2,7.0,14.0,Ali Reyes
ORD58335,2024-12-11,Widget A,8,13.75,110.0,Omar Chen
ORD58337,2024-08-24,Widget A,6,12.5,75.0,John Reyes
ORD58349,2024-12-26,Service Plan,1,49.99,49.99,Sara Garcia
ORD58358,2024-08-09,Gadget X,10,7.0,70.0,Maria Iqbal
ORD58358,2024-08-18,Gadget X,8,7.0,56.0,Zain Garcia
ORD58358,2024-11-10,Gadget Y,1,5.49,5.49,John Hussain
ORD58362,2024-12-26,Service Plan,5,49.99,249.95,Maria Ahmed
ORD58374,2024-09-25,Gadget Y,6,494.0,2964.0,Omar Lee
ORD58376,2024-07-10,Service Plan,8,54.99,439.91,Ali Reyes
ORD58383,2024-06-23,Widget A,9,12.5,112.5,Sara Reyes
ORD58384,2024-09-13,Gadget Y,1,6.04,6.04,John Reyes
ORD58390,2024-08-17,Gadget X,6,7.7,46.2,Noor Hussain
ORD58399,2024-10-08,Service Plan,1,49.0,49.0,Omar Chen
ORD58434,2024-06-08,Gadget Y,7,5.0,35.0,Ali Ahmed
ORD58452,2024-07-24,Widget A,9,12.5,112.5,Hassan Khan
ORD58454,2024-07-05,Gadget Y,9,549.0,4941.0,Ali Ahmed
ORD58454,2024-09-08,Gadget Y,1,4.94,4.94,Maria Khan
ORD58456,2024-10-01,Widget A,3,13.75,41.25,Ali Khan
ORD58471,2024-12-15,Gadget X,7,770.0,5390.0,Ali Reyes
ORD58484,2024-11-24,Gadget X,7,7.7,53.9,Ali Ahmed
ORD58498,2024-09-30,Widget A,9,11.0,99.0,Sara Iqbal
ORD58532,2024-06-07,Widget A,8,1250.0,10000.0,Noor Patel
ORD58544,2024-07-22,Gadget X,10,630.0,6300.0,Hassan Khan
ORD58556,2024-10-09,Gadget X,5,7.0,35.0,Fatima Iqbal
ORD58569,2024-06-04,Widget A,1,12.0,12.0,Maria Lee
ORD58577,2024-11-20,Service Plan,10,49.99,499.9,Noor Chen
ORD58590,2024-10-23,Gadget Y,5,6.04,30.2,Omar Lee
ORD58606,2024-11-07,Gadget X,1,7.0,7.0,Omar Khan
ORD58609,2024-09-02,Widget A,4,12.5,50.0,Zain Iqbal
ORD58622,2024-06-09,Gadget Y,1,5.0,5.0,Hassan Ahmed
ORD58624,2024-08-30,Gadget Y,6,5.49,32.94,Zain Lee
ORD58625,2024-06-17,Gadget Y,4,4.94,19.76,Noor Reyes
ORD58626,2024-12-10,Gadget X,7,7.0,49.0,Ali Ahmed
ORD58636,2024-06-17,Widget B,9,21.99,197.9,Zain Ahmed
ORD58679,2024-08-29,Service Plan,6,5499.0,32994.0,Maria Reyes
ORD58680,2024-12-16,Gadget X,4,6.3,25.2,Ayesha Smith
ORD58682,2024-06-13,Service Plan,8,49.99,399.92,Hassan Iqbal
ORD58690,2024-06-10,Widget A,1,13.75,13.75,Ali Garcia
ORD58690,2024-09-02,Service Plan,5,49.99,249.0,Omar Khan
ORD58701,2024-12-06,Service Plan,2,5499.0,10998.0,Fatima Smith
ORD58710,2024-10-23,Widget B,3,19.99,59.97,Zain Patel
ORD58713,2024-10-17,Gadget Y,5,5.49,27.45,Sara Reyes
ORD58714,2024-06-08,Service Plan,1,54.99,54.99,Hassan Reyes
ORD58715,2024-08-28,Widget A,8,12.5,100.0,Sara Reyes
ORD58730,2024-06-15,Gadget X,3,7.0,21.0,Maria Patel
ORD58738,2024-06-29,Service Plan,4,49.99,199.0,Sara Chen
ORD58769,2024-12-04,Gadget X,4,7.7,30.8,Noor Chen
ORD58784,2024-11-18,Service Plan,6,49.0,294.0,Ayesha Khan
ORD58795,2024-10-23,Gadget Y,10,549.0,5490.0,Hassan Iqbal
ORD58799,2024-09-02,Gadget Y,5,6.04,30.2,Ayesha Chen
ORD58822,2024-06-19,Gadget X,7,6.3,44.1,Sara Chen
ORD58823,2024-12-02,Widget A,5,12.0,60.0,Sara Khan
ORD58842,2024-08-05,Widget B,3,19.99,59.0,Omar Chen
ORD58852,2024-07-12,Gadget X,1,7.0,7.0,John Reyes
ORD58872,2024-11-30,Widget B,6,21.99,131.93,Noor Ahmed
ORD58874,2024-08-29,Service Plan,1,44.0,44.0,Fatima Hussain
ORD58878,2024-07-04,Service Plan,2,49.99,99.98,Noor Hussain
ORD58887,2024-08-06,Service Plan,6,4999.0,29994.0,Fatima Hussain
ORD58893,2024-09-28,Gadget Y,10,5.49,54.9,Maria Patel
ORD58903,2024-04-06,Gadget X,9,7.0,63.0,John Smith
ORD58908,2024-06-02,Gadget Y,2,5.49,10.98,Maria Khan
ORD58915,2024-12-21,Gadget X,9,7.0,63.0,Ali Khan
ORD58924,2024-08-19,Widget A,6,12.5,75.0,Fatima Khan
ORD58924,2024-11-16,Gadget X,9,6.3,56.7,Fatima Hussain
ORD58929,2024-11-24,Service Plan,4,49.99,199.96,Fatima Khan
ORD58929,2024-11-25,Widget B,9,21.99,197.9,Fatima Chen
ORD58948,2024-11-26,Service Plan,6,49.0,294.0,Zain Ahmed
ORD58957,2024-07-24,Widget A,7,11.25,78.0,Fatima Iqbal
ORD58960,2024-07-09,Widget A,4,13.75,55.0,Noor Khan
ORD58960,2024-08-23,Service Plan,5,49.0,245.0,Fatima Hussain
ORD58973,2024-06-06,Gadget Y,1,494.0,494.0,Fatima Hussain
ORD58974,2024-07-19,Gadget Y,9,6.0,54.35,John Ahmed
ORD58981,2024-06-26,Service Plan,8,49.99,399.92,Fatima Iqbal
ORD58999,2024-10-19,Gadget X,5,7.0,35.0,Noor Iqbal
ORD59003,2024-07-20,Widget A,5,12.0,60.0,Zain Chen
ORD59012,2024-07-26,Gadget Y,10,5.49,54.9,Ali Smith
ORD59014,2024-06-09,Widget A,9,1250.0,11250.0,Fatima Khan
ORD59018,2024-10-09,Widget A,2,13.75,27.5,Ali Lee
ORD59018,2024-12-09,Service Plan,7,49.99,349.93,Zain Smith
ORD59025,2024-06-25,Widget A,7,12.5,87.5,Maria Reyes
ORD59027,2024-12-10,Widget B,4,19.99,79.96,Maria Iqbal
ORD59037,2024-06-23,Widget B,9,19.0,171.0,Ayesha Patel
ORD59048,2024-07-19,Service Plan,5,54.99,274.95,Sara Lee
ORD59050,2024-07-13,Gadget X,1,770.0,770.0,Noor Iqbal
ORD59068,2024-07-28,Gadget X,8,6.0,48.0,Ayesha Patel
ORD59069,2024-04-12,Gadget Y,3,6.04,18.12,Fatima Hussain
ORD59069,2024-07-24,Gadget Y,7,6.04,42.27,Fatima Garcia
ORD59074,2024-06-17,Service Plan,6,54.0,324.0,Maria Chen
ORD59074,2024-07-07,Widget A,4,12.5,50.0,Fatima Chen
ORD59097,2024-11-03,Widget B,2,21.99,43.98,Maria Iqbal
ORD59105,2024-08-01,Widget B,2,1999.0,3998.0,Ayesha Ahmed
ORD59105,2024-08-15,Widget B,9,19.99,179.91,Zain Khan
ORD59125,2024-07-15,Widget A,7,11.25,78.75,Noor Chen
ORD59127,2024-07-11,Gadget X,6,7.0,42.0,Omar Iqbal
ORD59133,2024-06-07,Widget B,4,19.0,76.0,John Chen
ORD59137,2024-12-22,Service Plan,1,4999.0,4999.0,Sara Khan
ORD59150,2024-08-16,Widget B,6,19.99,119.94,Maria Khan
ORD59158,2024-11-08,Widget A,7,1250.0,8750.0,Fatima Chen
ORD59191,2024-06-21,Widget B,1,1999.0,1999.0,Fatima Ahmed
ORD59192,2024-10-09,Widget B,2,17.99,35.98,Noor Ahmed
ORD59197,2024-10-25,Service Plan,5,4499.0,22495.0,Sara Iqbal
ORD59202,2024-12-04,Widget B,7,1799.0,12594.0,John Patel
ORD59209,2024-03-11,Widget B,9,17.99,161.91,Ali Ahmed
ORD59237,2024-07-22,Gadget X,1,7.7,7.7,Noor Lee
ORD59257,2024-12-12,Widget A,2,12.5,25.0,Zain Chen
ORD59260,2024-07-24,Widget B,6,19.99,119.94,Ayesha Khan
ORD59261,2024-06-22,Service Plan,3,49.99,149.97,Fatima Chen
ORD59269,2024-10-26,Widget A,4,1125.0,4500.0,Zain Garcia
ORD59271,2024-12-06,Gadget X,2,6.3,12.6,Omar Khan
ORD59281,2024-12-19,Gadget Y,5,5.49,27.45,John Garcia
ORD59286,2024-12-29,Gadget Y,7,4.94,34.59,Ayesha Reyes
ORD59290,2024-08-07,Gadget Y,1,4.94,4.94,Ayesha Smith
ORD59298,2024-08-24,Widget B,10,19.99,199.9,John Ahmed
ORD59323,2024-08-04,Widget B,3,19.99,59.97,Zain Ahmed
ORD59369,2024-12-15,Widget A,7,1250.0,8750.0,Ali Chen
ORD59386,2024-07-21,Service Plan,1,54.0,54.0,Sara Patel
ORD59401,2024-11-10,Gadget X,10,770.0,7700.0,Maria Khan
ORD59412,2024-12-23,Gadget Y,1,549.0,549.0,Ali Khan
ORD59415,2024-11-30,Widget B,1,2199.0,2199.0,Hassan Ahmed
ORD59417,2024-12-26,Gadget Y,6,6.04,36.24,Zain Garcia
ORD59429,2024-08-12,Widget B,10,19.99,199.9,Fatima Ahmed
ORD59435,2024-12-03,Widget A,9,12.5,112.5,Sara Garcia
ORD59448,2024-06-18,Widget A,7,12.5,87.5,Maria Reyes
ORD59456,2024-12-11,Widget B,2,21.99,43.98,Ali Hussain
ORD59479,2024-09-05,Widget A,9,12.5,112.5,Omar Chen
ORD59487,2024-03-07,Widget B,7,17.99,125.93,Fatima Reyes
ORD59515,2024-09-09,Gadget X,6,7.0,42.0,Sara Garcia
ORD59515,2024-12-21,Widget A,9,11.25,101.25,Fatima Reyes
ORD59527,2024-11-18,Widget B,10,21.99,219.89,Ayesha Smith
ORD59532,2024-11-04,Gadget Y,10,5.0,50.0,Omar Lee
ORD59556,2024-06-02,Widget B,6,19.99,119.94,Ayesha Ahmed
ORD59589,2024-08-31,Widget A,4,13.0,52.0,Ayesha Chen
ORD59592,2024-07-09,Widget B,10,19.99,199.9,Sara Khan
ORD59595,2024-07-17,Gadget X,4,7.7,30.8,Zain Garcia
ORD59601,2024-10-10,Gadget Y,3,4.94,14.82,Noor Smith
ORD59605,2024-11-21,Gadget X,8,7.0,56.0,Hassan Patel
ORD59608,2024-09-29,Gadget X,9,7.0,63.0,Fatima Iqbal
ORD59623,2024-10-13,Gadget X,3,7.0,21.0,Maria Khan
ORD59659,2024-12-01,Widget A,10,11.25,112.5,Ayesha Garcia
ORD59669,2024-02-07,Service Plan,5,49.99,249.95,Sara Lee
ORD59681,2024-08-31,Service Plan,2,49.99,99.98,Noor Khan
ORD59713,2024-11-21,Gadget Y,5,5.49,27.45,Hassan Smith
ORD59722,2024-06-06,Gadget Y,9,6.04,54.35,Noor Smith
ORD59728,2024-07-26,Gadget Y,1,6.04,6.0,Zain Ahmed
ORD59749,2024-09-08,Widget B,3,1799.0,5397.0,Omar Reyes
ORD59755,2024-06-25,Widget B,2,19.99,39.98,Omar Chen
ORD59772,2024-12-04,Service Plan,2,49.99,99.98,Omar Iqbal
ORD59775,2024-10-04,Widget B,6,19.99,119.0,Hassan Chen
ORD59778,2024-09-16,Widget A,7,11.25,78.75,Fatima Ahmed
ORD59781,2024-10-06,Gadget Y,8,5.49,43.92,Ali Reyes
ORD59790,2024-08-04,Service Plan,6,4999.0,29994.0,Noor Reyes
ORD59799,2024-09-17,Service Plan,9,49.0,441.0,Ayesha Ahmed
ORD59803,2024-07-07,Widget A,10,12.5,125.0,Ayesha Khan
ORD59811,2024-12-23,Gadget Y,7,5.49,38.43,Ayesha Ahmed
ORD59844,2024-06-16,Gadget X,7,7.7,53.0,John Garcia
ORD59844,2024-08-06,Widget B,7,1799.0,12593.0,Noor Chen
ORD59856,2024-12-02,Gadget X,7,6.3,44.1,Zain Ahmed
ORD59859,2024-06-23,Widget B,2,19.0,38.0,Maria Hussain
ORD59868,2024-07-13,Widget A,6,13.75,82.5,Ali Lee
ORD59872,2024-12-20,Widget A,1,12.5,12.5,Fatima Khan
ORD59884,2024-08-30,Widget B,3,1799.0,5397.0,Noor Garcia
ORD59886,2024-12-06,Widget B,6,17.99,107.95,Ali Iqbal
ORD59890,2024-06-30,Gadget Y,7,549.0,3843.0,Omar Garcia
ORD59890,2024-12-28,Widget B,8,21.99,175.91,Maria Patel
ORD59916,2024-06-23,Gadget Y,6,549.0,3294.0,Zain Garcia
ORD59924,2024-10-28,Gadget Y,4,6.04,24.16,Maria Ahmed
ORD59932,2024-06-02,Widget B,4,19.99,79.96,Noor Patel
ORD59941,2024-09-22,Gadget X,4,700.0,2800.0,Hassan Khan
ORD59968,2024-06-04,Service Plan,9,44.99,404.92,Zain Hussain
ORD59977,2024-09-16,Gadget Y,6,549.0,3294.0,John Reyes
ORD59984,2024-07-25,Gadget Y,3,549.0,1647.0,Zain Smith
ORD59988,2024-08-09,Gadget Y,3,4.0,12.0,Maria Ahmed
ORD59992,2024-10-09,Widget A,8,12.0,96.0,John Smith
ORD59995,2024-08-31,Widget A,1,11.25,11.25,Ayesha Lee
ORD59998,2024-09-11,Widget B,7,19.99,139.93,Sara Khan
ORD60002,2024-11-09,Widget B,5,19.99,99.95,John Smith
ORD60003,2024-09-05,Service Plan,7,54.0,384.92,Maria Khan
ORD60015,2024-08-09,Service Plan,5,49.99,249.0,Ali Smith
ORD60019,2024-08-05,Service Plan,4,49.99,199.96,Hassan Patel
ORD60048,2024-11-25,Widget B,3,19.0,57.0,Fatima Khan
ORD60051,2024-08-10,Gadget Y,1,6.04,6.0,Maria Smith
ORD60056,2024-10-18,Gadget X,3,7.0,21.0,Zain Hussain
ORD60067,2024-11-15,Gadget X,10,6.3,63.0,Noor Iqbal
ORD60075,2024-08-11,Widget B,3,19.99,59.97,Maria Chen
ORD60094,2024-07-29,Gadget X,4,770.0,3080.0,Ali Khan
ORD60135,2024-12-02,Service Plan,4,54.99,219.96,Ayesha Lee
ORD60144,2024-05-09,Gadget X,6,7.0,42.0,Fatima Patel
ORD60162,2024-10-27,Gadget X,1,700.0,700.0,Ayesha Khan
ORD60168,2024-10-06,Widget B,10,19.99,199.0,Ali Iqbal
ORD60178,2024-08-26,Widget A,2,12.0,24.0,Zain Smith
ORD60184,2024-10-05,Widget A,2,12.5,25.0,Ayesha Garcia
ORD60189,2024-09-11,Service Plan,5,54.99,274.95,Sara Hussain
ORD60193,2024-09-06,Gadget Y,2,5.49,10.98,Noor Lee
ORD60204,2024-10-16,Widget B,9,1999.0,17991.0,John Reyes
ORD60209,2024-09-25,Service Plan,4,49.99,199.96,Ayesha Khan
ORD60214,2024-07-12,Gadget Y,9,4.0,36.0,Ali Lee
ORD60233,2024-09-08,Service Plan,1,49.99,49.99,Fatima Lee
ORD60236,2024-07-23,Service Plan,10,49.99,499.9,Fatima Ahmed
ORD60238,2024-09-19,Gadget Y,10,494.0,4940.0,Maria Hussain
ORD60242,2024-10-26,Widget B,10,19.99,199.9,Hassan Hussain
ORD60250,2024-11-14,Widget B,9,19.99,179.91,Omar Garcia
ORD60266,2024-12-24,Widget B,9,19.99,179.91,John Chen
ORD60277,2024-07-19,Service Plan,9,49.0,441.0,John Khan
ORD60277,2024-11-06,Widget B,7,21.99,153.92,Noor Khan
ORD60278,2024-12-18,Gadget Y,5,494.0,2470.0,Noor Smith
ORD60297,2024-08-20,Service Plan,5,44.99,224.95,Ali Iqbal
ORD60298,2024-12-31,Gadget X,1,7.0,7.0,Sara Chen
ORD60329,2024-11-18,Widget B,4,19.99,79.96,Maria Chen
ORD60330,2024-09-22,Service Plan,4,4999.0,19996.0,Zain Iqbal
ORD60354,2024-08-22,Gadget Y,2,5.0,10.0,Ali Hussain
ORD60375,2024-03-07,Gadget Y,10,5.49,54.9,Ali Khan
ORD60399,2024-08-08,Service Plan,8,44.99,359.92,Ali Khan
ORD60413,2024-06-22,Service Plan,7,44.99,314.94,Ayesha Khan
ORD60419,2024-06-21,Widget A,5,13.75,68.75,Zain Ahmed
ORD60429,2024-11-23,Widget A,8,12.5,100.0,Maria Ahmed
ORD60436,2024-08-26,Widget A,7,12.5,87.5,John Khan
ORD60452,2024-06-10,Widget A,5,12.5,62.5,Maria Khan
ORD60462,2024-09-14,Gadget X,7,7.0,49.0,Hassan Ahmed
ORD60467,2024-10-23,Widget A,6,13.0,78.0,Fatima Ahmed
ORD60471,2024-11-14,Gadget Y,8,494.0,3952.0,John Lee
ORD60473,2024-08-27,Widget B,10,19.99,199.0,Noor Khan
ORD60484,2024-08-10,Gadget X,6,7.0,42.0,Maria Ahmed
ORD60516,2024-09-25,Gadget Y,9,5.49,49.41,Zain Patel
ORD60523,2024-07-04,Widget A,1,12.0,12.0,Sara Smith
ORD60533,2024-06-20,Widget A,1,12.5,12.5,Noor Smith
ORD60534,2024-07-26,Service Plan,2,44.99,89.98,Omar Hussain
ORD60558,2024-08-11,Widget A,8,11.25,90.0,Ali Ahmed
ORD60574,2024-09-27,Widget A,10,12.5,125.0,John Ahmed
ORD60575,2024-06-02,Service Plan,2,49.99,99.98,Sara Iqbal
ORD60585,2024-09-27,Gadget Y,7,5.49,38.43,Fatima Iqbal
ORD60593,2024-09-19,Gadget X,1,630.0,630.0,Maria Lee
ORD60594,2024-11-15,Gadget Y,4,5.49,21.96,Omar Smith
ORD60605,2024-10-24,Widget B,5,19.0,95.0,Hassan Hussain
ORD60608,2024-11-17,Gadget Y,2,6.04,12.08,Ali Smith
ORD60629,2024-09-24,Widget B,4,21.99,87.96,Ali Khan
ORD60631,2024-06-20,Gadget Y,1,549.0,549.0,Hassan Lee
ORD60641,2024-11-10,Gadget Y,5,5.49,27.45,Sara Iqbal
ORD60652,2024-08-31,Service Plan,8,49.99,399.92,Sara Smith
ORD60676,2024-02-11,Service Plan,10,5499.0,54990.0,Sara Patel
ORD60678,2024-07-02,Widget B,9,19.0,171.0,Noor Patel
ORD60684,2024-12-30,Widget B,7,19.99,139.0,John Lee
ORD60685,2024-09-23,Widget B,4,19.0,76.0,Noor Iqbal
ORD60686,2024-06-08,Widget B,7,19.99,139.93,Maria Garcia
ORD60728,2024-06-09,Widget A,4,12.5,50.0,Fatima Hussain
ORD60729,2024-09-15,Widget A,7,13.75,96.25,Zain Lee
ORD60730,2024-06-29,Widget B,8,1999.0,15992.0,John Lee
ORD60733,2024-11-06,Gadget Y,6,604.0,3624.0,Omar Chen
ORD60738,2024-12-09,Gadget X,6,7.0,42.0,Sara Smith
ORD60749,2024-10-07,Widget B,2,1999.0,3998.0,Ali Ahmed
ORD60752,2024-11-05,Gadget X,1,6.3,6.3,Fatima Ahmed
ORD60756,2024-11-20,Widget A,9,13.75,123.75,Noor Chen
ORD60771,2024-08-09,Widget B,9,19.99,179.91,Zain Chen
ORD60774,2024-12-11,Widget B,1,19.99,19.99,Sara Smith
ORD60788,2024-07-03,Service Plan,3,44.99,134.97,Maria Chen
ORD60793,2024-12-14,Service Plan,2,49.99,99.98,Fatima Patel
ORD60803,2024-09-15,Service Plan,3,49.99,149.0,Maria Reyes
ORD60815,2024-06-21,Gadget X,5,700.0,3500.0,John Lee
ORD60820,2024-06-12,Service Plan,4,4999.0,19996.0,Fatima Garcia
ORD60821,2024-08-12,Gadget X,3,7.7,23.1,John Khan
ORD60834,2024-12-23,Gadget X,3,7.0,21.0,Maria Ahmed
ORD60836,2024-11-13,Widget A,10,11.25,112.5,Ayesha Patel
ORD60845,2024-06-19,Widget A,1,13.75,13.75,Omar Patel
ORD60852,2024-08-20,Gadget Y,5,5.0,25.0,John Reyes
ORD60870,2024-06-19,Widget A,2,13.75,27.5,Maria Lee
ORD60871,2024-08-11,Widget B,6,19.99,119.94,Ayesha Patel
ORD60910,2024-11-03,Gadget Y,1,4.94,4.94,Sara Reyes
ORD60960,2024-08-17,Service Plan,5,49.99,249.95,Sara Lee
ORD60966,2024-12-18,Gadget Y,2,4.94,9.88,Ayesha Iqbal
ORD60971,2024-09-21,Widget A,6,12.0,72.0,Hassan Khan
ORD60972,2024-08-03,Service Plan,6,54.99,329.94,Omar Iqbal
ORD60978,2024-09-08,Widget A,8,12.0,96.0,Zain Garcia
ORD60986,2024-07-23,Widget B,4,19.99,79.96,Noor Lee
ORD60994,2024-12-07,Widget B,9,21.99,197.0,Zain Ahmed
ORD61007,2024-10-11,Gadget Y,5,5.49,27.45,Ali Smith
ORD61014,2024-08-30,Widget B,4,21.0,84.0,Omar Reyes
ORD61017,2024-06-30,Gadget Y,1,604.0,604.0,Zain Garcia
ORD61050,2024-08-21,Gadget Y,10,4.94,49.41,Noor Smith
ORD61055,2024-10-10,Gadget Y,3,549.0,1647.0,Zain Ahmed
ORD61056,2024-09-15,Widget A,7,11.0,77.0,Hassan Chen
ORD61067,2024-08-02,Gadget Y,4,5.49,21.96,Fatima Garcia
ORD61067,2024-12-28,Widget B,7,1999.0,13993.0,Fatima Reyes
ORD61082,2024-09-08,Gadget X,8,7.0,56.0,Noor Garcia
ORD61100,2024-07-10,Widget A,4,1125.0,4500.0,John Lee
ORD61109,2024-10-06,Widget A,3,12.5,37.5,Zain Chen
ORD61111,2024-06-05,Widget A,4,12.5,50.0,Zain Reyes
ORD61112,2024-12-22,Gadget X,10,700.0,7000.0,Ayesha Chen
ORD61116,2024-09-17,Gadget X,9,7.0,63.0,Ali Khan
ORD61116,2024-10-24,Service Plan,2,49.99,99.98,Ali Hussain
ORD61118,2024-09-17,Service Plan,7,49.99,349.93,Hassan Lee
ORD61120,2024-09-21,Service Plan,3,4999.0,14997.0,Omar Iqbal
ORD61123,2024-07-23,Widget A,1,13.75,13.75,Zain Reyes
ORD61149,2024-08-30,Widget A,3,12.5,37.5,Hassan Ahmed
ORD61157,2024-08-22,Service Plan,2,54.0,108.0,Hassan Patel
ORD61166,2024-09-15,Gadget X,8,7.0,56.0,Hassan Lee
ORD61166,2024-09-17,Service Plan,7,49.99,349.93,Zain Patel
ORD61167,2024-11-06,Gadget Y,7,5.49,38.0,Noor Reyes
ORD61171,2024-11-24,Service Plan,5,54.0,270.0,Maria Lee
ORD61176,2024-06-15,Gadget X,6,6.3,37.8,Hassan Chen
ORD61181,2024-12-18,Gadget X,8,7.7,61.6,Maria Ahmed
ORD61186,2024-08-25,Widget B,3,21.99,65.97,Omar Hussain
ORD61192,2024-08-13,Widget B,10,21.99,219.0,Hassan Reyes
ORD61202,2024-10-07,Widget A,1,12.5,12.5,Ayesha Chen
ORD61213,2024-12-16,Widget B,7,17.99,125.93,John Reyes
ORD61215,2024-11-01,Gadget Y,3,494.0,1482.0,Fatima Lee
ORD61216,2024-11-02,Widget B,8,21.99,175.91,Ali Khan
ORD61246,2024-06-09,Widget B,8,21.99,175.91,Sara Reyes
ORD61249,2024-10-30,Widget B,4,19.0,76.0,Hassan Lee
ORD61271,2024-06-17,Gadget X,4,7.0,28.0,Ali Iqbal
ORD61279,2024-07-28,Service Plan,1,49.0,49.0,Fatima Patel
ORD61281,2024-05-08,Gadget X,4,7.0,28.0,Ali Khan
ORD61282,2024-06-18,Service Plan,8,49.99,399.92,Noor Smith
ORD61300,2024-08-08,Widget A,3,1375.0,4125.0,Ali Lee
ORD61316,2024-09-25,Widget A,4,11.0,44.0,Omar Ahmed
ORD61372,2024-06-15,Service Plan,4,4499.0,17996.0,Noor Garcia
ORD61384,2024-06-30,Gadget Y,2,5.49,10.98,Noor Smith
ORD61393,2024-10-13,Gadget X,1,7.0,7.0,John Patel
ORD61409,2024-12-21,Gadget Y,6,6.04,36.23,Ali Lee
ORD61427,2024-06-21,Service Plan,1,49.99,49.99,John Lee
ORD61429,2024-08-23,Gadget X,3,7.0,21.0,Fatima Lee
ORD61437,2024-10-18,Service Plan,5,49.99,249.0,Hassan Iqbal
ORD61451,2024-07-26,Widget B,4,1999.0,7996.0,John Reyes
ORD61468,2024-07-12,Gadget Y,3,5.49,16.47,John Hussain
ORD61473,2024-12-10,Widget A,8,13.75,110.0,Maria Patel
ORD61487,2024-08-20,Service Plan,10,44.99,449.9,Omar Lee
ORD61495,2024-09-23,Service Plan,10,44.0,440.0,Sara Reyes
ORD61507,2024-11-05,Gadget X,2,7.0,14.0,Zain Chen
ORD61510,2024-11-08,Gadget Y,5,6.0,30.2,Ayesha Lee
ORD61531,2024-10-28,Service Plan,3,44.99,134.97,Maria Chen
ORD61536,2024-11-02,Widget B,4,19.99,79.0,Hassan Garcia
ORD61540,2024-12-26,Widget B,3,21.99,65.0,Hassan Reyes
ORD61549,2024-06-30,Widget B,4,1999.0,7996.0,Fatima Ahmed
ORD61552,2024-08-26,Gadget X,8,7.0,56.0,Maria Hussain
ORD61557,2024-04-08,Gadget X,1,6.3,6.3,Ali Garcia
ORD61557,2024-12-13,Widget B,3,19.0,57.0,Maria Reyes
ORD61567,2024-06-04,Service Plan,1,49.0,49.0,Noor Chen
ORD61570,2024-06-16,Gadget Y,8,5.49,43.92,Hassan Ahmed
ORD61589,2024-07-07,Gadget X,6,6.3,37.8,Hassan Iqbal
ORD61603,2024-07-07,Widget B,6,17.99,107.95,Fatima Ahmed
ORD61605,2024-12-16,Gadget X,6,6.3,37.8,Fatima Lee
ORD61617,2024-09-20,Gadget X,4,7.0,28.0,Zain Hussain
ORD61621,2024-10-05,Widget A,9,12.0,108.0,Omar Hussain
ORD61639,2024-12-27,Gadget Y,5,604.0,3020.0,Omar Smith
ORD61648,2024-10-28,Widget B,3,17.99,53.97,Fatima Khan
ORD61649,2024-10-25,Service Plan,2,44.99,89.98,Ayesha Garcia
ORD61659,2024-07-09,Service Plan,1,4999.0,4999.0,John Reyes
ORD61662,2024-10-19,Widget A,5,11.25,56.25,Hassan Ahmed
ORD61662,2024-12-01,Gadget Y,6,549.0,3294.0,Ayesha Garcia
ORD61664,2024-09-04,Service Plan,2,49.0,98.0,Noor Khan
ORD61702,2024-10-06,Widget B,1,19.0,19.0,Sara Patel
ORD61708,2024-11-09,Gadget Y,6,6.04,36.23,Fatima Khan
ORD61717,2024-10-21,Gadget Y,8,4.94,39.52,Noor Ahmed
ORD61717,2024-11-24,Gadget X,4,7.0,28.0,Sara Khan
ORD61726,2024-09-21,Gadget X,1,7.7,7.7,Hassan Iqbal
ORD61728,2024-06-06,Gadget X,9,700.0,6300.0,Hassan Chen
ORD61732,2024-12-11,Gadget Y,6,4.94,29.64,Fatima Reyes
ORD61733,2024-11-19,Gadget X,3,6.3,18.9,Fatima Smith
ORD61745,2024-12-23,Gadget Y,7,494.0,3458.0,Ayesha Patel
ORD61759,2024-08-14,Gadget Y,8,5.0,40.0,Omar Ahmed
ORD61766,2024-06-16,Gadget Y,3,5.49,16.47,Hassan Khan
ORD61773,2024-07-06,Gadget Y,7,5.49,38.43,Ali Patel
ORD61790,2024-12-08,Gadget Y,2,6.04,12.08,Sara Khan
ORD61792,2024-09-12,Service Plan,4,44.99,179.96,Noor Hussain
ORD61792,2024-11-16,Gadget X,8,700.0,5600.0,Ali Khan
ORD61812,2024-08-27,Gadget Y,9,5.49,49.41,John Lee
ORD61829,2024-11-09,Gadget X,2,7.0,14.0,Noor Iqbal
ORD61852,2024-09-16,Service Plan,1,49.99,49.99,Ali Garcia
ORD61859,2024-09-16,Gadget X,1,6.3,6.3,Hassan Ahmed
ORD61864,2024-08-25,Service Plan,7,49.99,349.93,Noor Lee
ORD61869,2024-06-09,Gadget Y,7,549.0,3843.0,Hassan Smith
ORD61873,2024-10-22,Widget B,10,19.99,199.9,Zain Ahmed
ORD61883,2024-11-04,Widget B,1,21.99,21.99,Zain Iqbal
ORD61898,2024-12-25,Widget B,9,19.99,179.91,Zain Reyes
ORD61900,2024-12-25,Widget A,9,13.75,123.75,Maria Garcia
ORD61904,2024-12-25,Widget A,2,13.75,27.5,Fatima Lee
ORD61915,2024-02-10,Gadget Y,9,5.49,49.41,Fatima Khan
ORD61916,2024-08-14,Widget A,7,12.0,84.0,Maria Lee
ORD61946,2024-08-02,Gadget Y,1,6.04,6.0,Sara Iqbal
ORD61950,2024-06-21,Gadget Y,2,4.94,9.88,Zain Smith
ORD61967,2024-08-29,Widget A,9,1125.0,10125.0,Ali Hussain
ORD61968,2024-09-24,Gadget Y,9,5.49,49.0,Maria Reyes
ORD61968,2024-11-24,Service Plan,6,4999.0,29994.0,Sara Smith
ORD61978,2024-11-01,Gadget X,3,7.7,23.1,Ayesha Smith
ORD61979,2024-11-28,Gadget Y,4,549.0,2196.0,Omar Iqbal
ORD61983,2024-06-13,Widget B,1,19.0,19.0,Maria Garcia
ORD62016,2024-07-15,Service Plan,7,44.99,314.94,Ayesha Patel
ORD62024,2024-06-09,Gadget X,6,7.0,42.0,Fatima Garcia
ORD62028,2024-11-10,Widget A,1,12.0,12.0,Noor Chen
ORD62030,2024-10-24,Gadget Y,2,549.0,1098.0,Hassan Lee
ORD62038,2024-12-27,Gadget Y,9,5.49,49.41,Hassan Ahmed
ORD62045,2024-06-29,Gadget X,8,7.0,56.0,Zain Khan
ORD62064,2024-06-03,Gadget X,9,7.0,63.0,Maria Iqbal
ORD62075,2024-09-01,Widget B,2,19.99,39.98,Ali Khan
ORD62075,2024-10-30,Gadget X,7,7.7,53.9,Hassan Patel
ORD62083,2024-06-16,Gadget X,4,7.0,28.0,Omar Ahmed
ORD62085,2024-09-10,Gadget X,7,7.0,49.0,Noor Reyes
ORD62088,2024-11-02,Service Plan,3,49.99,149.97,John Smith
ORD62105,2024-12-09,Service Plan,3,49.99,149.97,Hassan Iqbal
ORD62114,2024-06-14,Widget B,1,17.99,17.99,John Lee
ORD62119,2024-07-05,Widget B,8,19.99,159.92,Ayesha Patel
ORD62120,2024-06-18,Gadget X,2,7.7,15.4,Omar Khan
ORD62133,2024-08-03,Widget B,3,19.99,59.97,Fatima Patel
ORD62143,2024-10-04,Widget B,4,19.0,76.0,John Reyes
ORD62144,2024-08-28,Service Plan,1,54.99,54.99,Maria Reyes
ORD62145,2024-06-04,Gadget X,3,700.0,2100.0,Hassan Hussain
ORD62148,2024-06-01,Widget A,6,12.5,75.0,Ali Smith
ORD62148,2024-08-29,Gadget Y,3,5.49,16.47,Noor Khan
ORD62156,2024-06-07,Service Plan,1,49.99,49.99,Maria Lee
ORD62159,2024-11-27,Gadget X,4,7.0,28.0,Omar Smith
ORD62172,2024-07-31,Widget A,7,12.5,87.0,John Patel
ORD62177,2024-07-02,Gadget Y,10,5.49,54.9,John Ahmed
ORD62195,2024-12-08,Widget B,10,17.99,179.9,Ali Hussain
ORD62198,2024-08-21,Gadget X,8,6.0,48.0,Maria Ahmed
ORD62205,2024-06-20,Gadget X,3,6.3,18.9,Sara Chen
ORD62221,2024-12-09,Widget B,6,19.0,114.0,Maria Garcia
ORD62222,2024-09-11,Gadget X,8,7.0,56.0,Ali Lee
ORD62223,2024-07-18,Widget A,4,12.5,50.0,Maria Khan
ORD62232,2024-10-07,Widget B,8,19.99,159.92,Zain Smith
ORD62233,2024-11-24,Gadget X,6,7.0,42.0,Fatima Hussain
ORD62261,2024-08-09,Service Plan,8,54.0,439.0,Maria Ahmed
ORD62269,2024-07-09,Gadget X,4,6.0,24.0,Fatima Patel
ORD62270,2024-12-11,Gadget Y,7,5.49,38.43,Ali Garcia
ORD62279,2024-05-08,Widget B,4,21.0,84.0,Hassan Ahmed
ORD62285,2024-12-20,Widget A,2,11.25,22.5,Ali Chen
ORD62310,2024-10-31,Widget B,6,1999.0,11994.0,Sara Lee
ORD62314,2024-06-25,Widget B,10,1999.0,19990.0,Zain Garcia
ORD62315,2024-11-25,Service Plan,6,4999.0,29994.0,Noor Chen
ORD62322,2024-07-08,Widget A,7,11.25,78.75,Fatima Iqbal
ORD62325,2024-11-25,Gadget Y,5,5.0,25.0,Maria Khan
ORD62341,2024-09-30,Widget B,5,19.0,95.0,Zain Ahmed
ORD62357,2024-07-01,Widget A,8,1375.0,11000.0,Maria Reyes
ORD62362,2024-07-25,Service Plan,4,49.99,199.96,Maria Hussain
ORD62388,2024-08-07,Gadget Y,3,549.0,1647.0,Ali Ahmed
ORD62409,2024-09-16,Service Plan,6,49.0,294.0,Maria Khan
ORD62418,2024-12-15,Service Plan,6,4999.0,29994.0,Zain Smith
ORD62424,2024-06-18,Gadget X,6,7.0,42.0,Maria Iqbal
ORD62435,2024-08-13,Widget A,9,12.5,112.0,Omar Iqbal
ORD62449,2024-07-08,Widget A,1,12.5,12.5,John Chen
ORD62450,2024-10-14,Gadget X,3,7.7,23.1,Noor Ahmed
ORD62455,2024-12-14,Gadget Y,1,6.04,6.04,Sara Ahmed
ORD62457,2024-06-15,Widget A,10,12.5,125.0,Fatima Iqbal
ORD62483,2024-08-13,Widget B,7,17.0,119.0,John Reyes
ORD62485,2024-12-31,Service Plan,6,54.0,329.93,Noor Patel
ORD62486,2024-08-01,Gadget Y,5,5.49,27.45,Noor Hussain
ORD62493,2024-12-25,Gadget X,6,6.3,37.8,Omar Garcia
ORD62513,2024-11-05,Service Plan,5,44.0,220.0,John Lee
ORD62522,2024-07-29,Service Plan,10,44.99,449.91,John Garcia
ORD62531,2024-02-11,Widget A,1,1250.0,1250.0,Ali Lee
ORD62539,2024-11-05,Widget A,4,13.75,55.0,Ali Reyes
ORD62543,2024-08-01,Gadget Y,8,549.0,4392.0,John Garcia
ORD62545,2024-09-30,Gadget Y,3,5.49,16.47,Fatima Patel
ORD62568,2024-10-28,Service Plan,10,4999.0,49990.0,Hassan Khan
ORD62573,2024-10-30,Gadget X,5,700.0,3500.0,Omar Hussain
ORD62577,2024-11-02,Gadget X,4,770.0,3080.0,Ali Reyes
ORD62577,2024-12-26,Widget A,7,11.25,78.75,Omar Patel
ORD62582,2024-06-15,Service Plan,7,44.99,314.94,Zain Garcia
ORD62583,2024-09-17,Gadget X,5,770.0,3850.0,Omar Garcia
ORD62597,2024-06-13,Gadget X,1,7.0,7.0,Maria Khan
ORD62600,2024-06-28,Gadget Y,9,5.49,49.41,Noor Smith
ORD62605,2024-09-24,Widget A,1,13.75,13.75,Fatima Lee
ORD62618,2024-06-14,Gadget X,10,6.0,60.0,Omar Khan
ORD62632,2024-07-07,Gadget Y,9,6.04,54.35,Sara Patel
ORD62656,2024-12-18,Service Plan,6,44.0,269.0,Hassan Smith
ORD62658,2024-06-19,Gadget X,8,7.0,56.0,Ali Garcia
ORD62660,2024-08-03,Gadget Y,8,5.0,40.0,Ayesha Ahmed
ORD62661,2024-11-12,Widget A,9,11.0,99.0,Hassan Reyes
ORD62662,2024-08-26,Widget B,7,19.99,139.93,Ali Ahmed
ORD62663,2024-10-08,Service Plan,8,54.99,439.92,Noor Hussain
ORD62665,2024-03-12,Widget B,1,1799.0,1799.0,Zain Iqbal
ORD62669,2024-07-16,Widget A,7,13.75,96.25,Noor Garcia
ORD62671,2024-08-10,Service Plan,8,49.99,399.0,John Garcia
ORD62676,2024-12-01,Widget A,6,12.5,75.0,Ali Iqbal
ORD62730,2024-10-15,Widget B,1,19.99,19.99,Fatima Patel
ORD62731,2024-07-27,Gadget Y,9,4.94,44.0,Omar Reyes
ORD62746,2024-06-10,Widget A,8,12.5,100.0,Noor Khan
ORD62757,2024-06-26,Service Plan,3,49.0,147.0,Ali Smith
ORD62768,2024-10-31,Gadget Y,7,4.94,34.0,Ali Khan
ORD62771,2024-07-29,Service Plan,3,44.99,134.97,Fatima Khan
ORD62793,2024-11-22,Widget A,8,13.0,104.0,Zain Smith
ORD62797,2024-07-06,Gadget Y,5,5.49,27.45,Ali Garcia
ORD62804,2024-09-13,Gadget X,5,7.0,35.0,Maria Chen
ORD62805,2024-12-22,Gadget Y,10,4.94,49.41,Sara Lee
ORD62818,2024-07-07,Service Plan,10,54.99,549.9,Maria Khan
ORD62819,2024-08-08,Widget B,1,19.99,19.99,Zain Ahmed
ORD62840,2024-06-06,Service Plan,6,49.0,294.0,Sara Hussain
ORD62844,2024-09-15,Widget A,2,12.5,25.0,Hassan Reyes
ORD62845,2024-06-19,Widget A,9,13.0,117.0,Noor Khan
ORD62858,2024-07-19,Service Plan,5,49.0,245.0,Noor Khan
ORD62879,2024-07-15,Widget B,2,2199.0,4398.0,Maria Ahmed
ORD62884,2024-02-10,Widget B,5,19.99,99.95,Maria Chen
ORD62892,2024-09-04,Gadget Y,6,5.49,32.94,Zain Ahmed
ORD62909,2024-10-25,Service Plan,4,54.99,219.96,John Chen
ORD62947,2024-08-24,Service Plan,6,49.0,294.0,Ali Chen
ORD62955,2024-12-10,Widget A,2,13.75,27.5,Omar Garcia
ORD62963,2024-06-15,Gadget Y,6,5.49,32.94,Ayesha Garcia
ORD62976,2024-10-10,Widget A,9,13.75,123.0,Fatima Khan
ORD62988,2024-07-03,Gadget X,3,7.0,21.0,Hassan Lee
ORD62990,2024-07-01,Gadget X,1,6.3,6.3,Ali Lee
ORD62990,2024-09-03,Gadget X,10,7.0,70.0,Zain Khan
ORD62993,2024-06-14,Widget B,8,19.99,159.92,Sara Hussain
ORD62998,2024-07-01,Widget A,1,12.0,12.0,John Patel
ORD63013,2024-11-12,Gadget X,2,7.0,14.0,Zain Lee
ORD63024,2024-12-10,Widget A,8,12.5,100.0,Fatima Garcia
ORD63027,2024-11-06,Gadget X,6,7.0,42.0,Hassan Lee
ORD63039,2024-08-24,Widget A,2,11.25,22.5,Fatima Lee
ORD63052,2024-09-20,Gadget X,8,700.0,5600.0,Fatima Chen
ORD63054,2024-06-19,Widget A,3,1250.0,3750.0,Omar Garcia
ORD63056,2024-06-11,Widget B,7,21.99,153.92,Omar Lee
ORD63065,2024-08-24,Widget A,5,13.75,68.75,Maria Garcia
ORD63073,2024-07-25,Widget B,4,21.99,87.0,Ali Ahmed
ORD63085,2024-07-06,Widget B,5,19.99,99.95,John Reyes
ORD63099,2024-08-08,Service Plan,6,44.99,269.94,John Smith
ORD63110,2024-10-12,Gadget X,9,7.7,69.3,Maria Garcia
ORD63120,2024-09-19,Gadget X,9,770.0,6930.0,Ayesha Smith
ORD63169,2024-10-14,Widget B,1,19.99,19.99,Noor Smith
ORD63182,2024-12-08,Gadget Y,9,4.94,44.46,Maria Hussain
ORD63197,2024-08-01,Widget A,3,12.0,36.0,Omar Khan
ORD63202,2024-09-17,Gadget X,4,7.0,28.0,Hassan Reyes
ORD63216,2024-06-18,Widget A,5,12.0,60.0,Fatima Khan
ORD63218,2024-09-26,Service Plan,4,49.99,199.0,Omar Chen
ORD63228,2024-12-10,Gadget X,4,6.3,25.2,Ali Lee
ORD63246,2024-08-24,Widget A,2,12.0,24.0,Zain Khan
ORD63252,2024-10-15,Service Plan,2,49.99,99.98,Sara Smith
ORD63256,2024-09-08,Service Plan,10,4499.0,44990.0,Zain Hussain
ORD63264,2024-06-11,Widget B,4,19.0,76.0,Omar Lee
ORD63284,2024-11-13,Widget B,4,17.99,71.96,Omar Ahmed
ORD63285,2024-06-02,Gadget X,4,6.0,24.0,Maria Reyes
ORD63291,2024-12-26,Gadget X,3,7.0,21.0,Ayesha Reyes
ORD63294,2024-10-04,Gadget X,7,7.0,49.0,Ayesha Hussain
ORD63300,2024-06-09,Widget A,2,1125.0,2250.0,Fatima Chen
ORD63301,2024-09-26,Gadget Y,6,5.0,30.0,Ayesha Iqbal
ORD63303,2024-07-10,Widget B,5,19.99,99.95,Sara Hussain
ORD63307,2024-08-11,Widget A,8,1250.0,10000.0,Noor Hussain
ORD63332,2024-11-28,Widget B,10,19.99,199.0,Hassan Khan
ORD63334,2024-07-22,Gadget Y,8,5.49,43.92,Maria Garcia
ORD63338,2024-09-17,Widget A,10,1250.0,12500.0,Ali Garcia
ORD63347,2024-09-02,Widget A,7,12.5,87.5,Noor Chen
ORD63359,2024-07-15,Widget B,4,1799.0,7196.0,Ayesha Khan
ORD63359,2024-08-26,Service Plan,7,44.99,314.0,Zain Hussain
ORD63367,2024-11-09,Gadget X,10,7.0,70.0,Omar Lee
ORD63368,2024-12-07,Gadget Y,9,5.49,49.41,Omar Smith
ORD63376,2024-03-07,Gadget X,10,6.3,63.0,Sara Reyes
ORD63397,2024-01-10,Widget A,2,12.5,25.0,Sara Garcia
ORD63400,2024-08-03,Gadget X,7,6.3,44.1,John Reyes
ORD63429,2024-11-26,Widget A,1,12.5,12.5,Sara Lee
ORD63437,2024-06-05,Gadget X,3,7.0,21.0,Fatima Reyes
ORD63445,2024-11-18,Service Plan,2,4999.0,9998.0,Maria Hussain
ORD63451,2024-11-21,Widget A,1,12.5,12.5,Ali Lee
ORD63456,2024-08-27,Widget B,8,19.0,152.0,Zain Patel
ORD63475,2024-08-16,Gadget Y,3,4.94,14.82,Ali Iqbal
ORD63478,2024-09-03,Gadget X,4,7.0,28.0,Omar Chen
ORD63501,2024-07-16,Widget B,6,21.99,131.93,Noor Patel
ORD63504,2024-09-04,Gadget X,4,7.0,28.0,Omar Khan
ORD63505,2024-09-26,Gadget X,4,7.0,28.0,Fatima Smith
ORD63507,2024-11-03,Gadget X,6,7.0,42.0,Maria Lee
ORD63510,2024-12-07,Service Plan,7,54.99,384.93,Hassan Iqbal
ORD63517,2024-11-28,Gadget Y,7,5.0,35.0,Hassan Hussain
ORD63525,2024-12-12,Gadget X,3,6.3,18.9,Fatima Garcia
ORD63536,2024-11-29,Widget B,4,19.99,79.96,Sara Smith
ORD63538,2024-06-22,Gadget Y,7,549.0,3843.0,John Patel
ORD63541,2024-11-13,Widget B,4,21.99,87.96,Zain Smith
ORD63548,2024-11-28,Service Plan,2,49.99,99.98,Ali Patel
ORD63549,2024-06-10,Service Plan,9,54.99,494.91,Zain Garcia
ORD63571,2024-09-06,Widget A,2,12.5,25.0,Fatima Reyes
ORD63580,2024-09-12,Widget A,3,11.25,33.75,Hassan Lee
ORD63604,2024-07-18,Gadget Y,8,5.49,43.92,Hassan Patel
ORD63608,2024-10-22,Service Plan,2,49.99,99.98,Sara Lee
ORD63617,2024-07-20,Gadget Y,3,5.49,16.47,Hassan Hussain
ORD63618,2024-06-25,Widget A,7,12.5,87.5,Omar Lee
ORD63627,2024-12-12,Widget A,4,12.0,48.0,Sara Khan
ORD63636,2024-06-28,Gadget X,10,7.0,70.0,Maria Ahmed
ORD63637,2024-12-20,Gadget X,7,7.0,49.0,Ali Iqbal
ORD63638,2024-10-28,Service Plan,3,4999.0,14997.0,Noor Khan
ORD63643,2024-11-04,Gadget X,6,7.0,42.0,Ayesha Ahmed
ORD63645,2024-07-17,Gadget X,6,7.0,42.0,Ayesha Hussain
ORD63648,2024-09-26,Service Plan,6,49.99,299.94,Maria Hussain
ORD63649,2024-12-01,Widget B,8,1999.0,15992.0,Zain Hussain
ORD63654,2024-06-21,Gadget X,3,6.3,18.9,Ayesha Smith
ORD63674,2024-10-10,Widget A,1,13.75,13.75,John Patel
ORD63675,2024-10-24,Gadget X,9,7.0,63.0,Zain Ahmed
ORD63676,2024-09-17,Gadget Y,6,5.49,32.94,Ali Khan
ORD63685,2024-07-26,Gadget X,6,700.0,4200.0,Maria Reyes
ORD63687,2024-10-30,Gadget Y,9,4.94,44.46,John Patel
ORD63704,2024-09-28,Gadget Y,6,6.0,36.0,Omar Khan
ORD63706,2024-11-26,Service Plan,10,54.99,549.89,Zain Hussain
ORD63708,2024-12-18,Service Plan,8,49.0,399.0,Noor Hussain
ORD63724,2024-10-09,Widget A,8,12.5,100.0,Fatima Patel
ORD63779,2024-06-22,Service Plan,3,44.0,132.0,Ali Reyes
ORD63781,2024-11-10,Service Plan,9,49.99,449.91,Fatima Khan
ORD63784,2024-10-11,Gadget X,3,7.0,21.0,Maria Reyes
ORD63800,2024-10-01,Widget B,7,2199.0,15393.0,Ali Hussain
ORD63806,2024-07-26,Widget A,3,11.0,33.0,Fatima Smith
ORD63810,2024-10-12,Service Plan,4,44.99,179.96,Omar Reyes
ORD63814,2024-10-20,Service Plan,7,4999.0,34993.0,Omar Khan
ORD63822,2024-07-16,Widget A,10,11.25,112.5,Ali Patel
ORD63822,2024-12-14,Service Plan,2,4999.0,9998.0,Hassan Hussain
ORD63839,2024-10-08,Service Plan,2,49.99,99.0,Sara Khan
ORD63848,2024-11-28,Service Plan,8,49.99,399.92,Ayesha Ahmed
ORD63851,2024-12-17,Widget B,4,19.99,79.96,Ayesha Lee
ORD63853,2024-12-15,Widget B,10,1999.0,19990.0,Sara Iqbal
ORD63866,2024-09-15,Gadget Y,1,6.04,6.04,Omar Ahmed
ORD63871,2024-09-16,Gadget X,8,7.0,56.0,Noor Iqbal
ORD63887,2024-10-04,Widget B,3,19.99,59.97,John Ahmed
ORD63895,2024-05-06,Widget B,2,2199.0,4398.0,Fatima Lee
ORD63904,2024-10-15,Widget B,1,17.99,17.99,Hassan Smith
ORD63926,2024-12-11,Widget A,10,13.75,137.5,Omar Smith
ORD63960,2024-06-26,Widget B,6,17.99,107.0,Noor Patel
ORD63964,2024-08-01,Gadget Y,5,5.0,25.0,Omar Patel
ORD63967,2024-08-05,Widget B,4,1799.0,7196.0,Ayesha Lee
ORD63971,2024-10-10,Gadget Y,10,549.0,5490.0,Maria Khan
ORD63988,2024-10-12,Gadget Y,1,5.49,5.49,Noor Chen
ORD63991,2024-07-07,Widget B,3,19.0,57.0,Omar Reyes
ORD63992,2024-08-17,Gadget Y,3,5.49,16.47,John Hussain
ORD63992,2024-08-29,Widget A,4,12.5,50.0,John Ahmed
ORD64034,2024-06-04,Widget A,5,12.0,60.0,Hassan Lee
ORD64036,2024-09-11,Gadget X,1,7.7,7.7,Ali Chen
ORD64073,2024-09-05,Gadget Y,7,494.0,3459.0,Maria Patel
ORD64092,2024-09-05,Widget B,4,19.99,79.96,John Chen
ORD64099,2024-06-22,Gadget X,3,700.0,2100.0,Omar Reyes
ORD64102,2024-06-10,Widget A,6,12.5,75.0,Noor Lee
ORD64106,2024-09-03,Gadget X,8,6.3,50.4,John Patel
ORD64114,2024-08-30,Gadget Y,8,4.0,32.0,Noor Chen
ORD64118,2024-11-28,Widget B,8,17.99,143.92,Zain Ahmed
ORD64124,2024-06-22,Service Plan,10,49.0,499.0,Noor Reyes
ORD64129,2024-10-31,Gadget X,6,700.0,4200.0,Zain Ahmed
ORD64139,2024-10-16,Widget B,4,19.99,79.96,Fatima Smith
ORD64141,2024-12-09,Service Plan,10,49.99,499.9,Ali Smith
ORD64154,2024-11-18,Service Plan,10,49.99,499.9,Sara Hussain
ORD64163,2024-11-25,Widget A,5,12.5,62.5,Ali Chen
ORD64174,2024-06-30,Widget A,4,12.5,50.0,Maria Ahmed
ORD64174,2024-08-01,Widget B,3,19.99,59.97,Hassan Lee
ORD64174,2024-12-14,Gadget X,7,630.0,4410.0,Maria Smith
ORD64178,2024-07-09,Service Plan,7,49.99,349.93,Hassan Hussain
ORD64186,2024-07-15,Service Plan,2,4999.0,9998.0,John Iqbal
ORD64189,2024-09-15,Widget B,6,21.0,126.0,Hassan Ahmed
ORD64194,2024-07-24,Gadget X,2,700.0,1400.0,Omar Lee
ORD64200,2024-12-09,Widget A,2,1250.0,2500.0,Noor Khan
ORD64223,2024-10-13,Gadget Y,4,4.94,19.76,Hassan Iqbal
ORD64224,2024-10-11,Widget A,4,12.0,48.0,Omar Patel
ORD64225,2024-05-06,Gadget X,10,6.3,63.0,Ali Patel
ORD64246,2024-09-01,Widget B,6,19.0,114.0,Sara Iqbal
ORD64255,2024-09-21,Widget A,9,12.5,112.0,Fatima Iqbal
ORD64256,2024-08-24,Service Plan,5,49.99,249.95,John Khan
ORD64269,2024-09-22,Widget A,5,11.25,56.0,Ayesha Hussain
ORD64269,2024-12-06,Gadget X,6,6.3,37.8,John Ahmed
ORD64270,2024-06-09,Widget A,6,1250.0,7500.0,Omar Smith
ORD64290,2024-10-01,Gadget X,6,700.0,4200.0,Hassan Hussain
ORD64298,2024-12-09,Widget A,4,1125.0,4500.0,Hassan Ahmed
ORD64305,2024-10-06,Widget A,8,13.0,104.0,Maria Chen
ORD64316,2024-10-11,Gadget Y,2,4.0,8.0,Hassan Ahmed
ORD64318,2024-06-27,Gadget Y,10,5.0,50.0,Sara Ahmed
ORD64336,2024-06-09,Widget A,1,12.5,12.5,Noor Iqbal
ORD64338,2024-12-09,Widget A,1,1250.0,1250.0,Sara Reyes
ORD64339,2024-09-06,Service Plan,9,49.99,449.91,Ali Reyes
ORD64342,2024-07-03,Widget A,4,11.25,45.0,John Chen
ORD64350,2024-06-21,Gadget Y,4,6.04,24.0,Maria Smith
ORD64359,2024-11-21,Gadget Y,4,5.49,21.96,John Patel
ORD64385,2024-12-24,Service Plan,3,49.99,149.97,John Hussain
ORD64403,2024-09-07,Widget A,9,12.5,112.0,Zain Khan
ORD64415,2024-07-14,Gadget X,9,7.0,63.0,Omar Smith
ORD64421,2024-10-07,Service Plan,10,44.99,449.9,Fatima Iqbal
ORD64451,2024-09-17,Gadget Y,2,494.0,988.0,Zain Lee
ORD64462,2024-08-15,Service Plan,2,4999.0,9998.0,Sara Garcia
ORD64464,2024-07-23,Gadget Y,1,6.04,6.04,Maria Lee
ORD64475,2024-09-05,Gadget Y,8,5.0,40.0,Ali Smith
ORD64484,2024-06-28,Gadget X,5,6.3,31.5,John Khan
ORD64490,2024-09-25,Widget B,4,21.99,87.96,Fatima Hussain
ORD64497,2024-10-01,Widget A,2,12.0,24.0,Maria Chen
ORD64499,2024-06-14,Widget B,3,1999.0,5997.0,Omar Ahmed
ORD64520,2024-06-13,Widget A,4,12.0,48.0,Ali Iqbal
ORD64520,2024-12-01,Service Plan,10,49.0,490.0,Ayesha Patel
ORD64523,2024-10-05,Gadget X,4,700.0,2800.0,Hassan Smith
ORD64540,2024-08-05,Widget A,2,11.25,22.5,Ayesha Hussain
ORD64555,2024-08-06,Widget A,2,12.5,25.0,Ali Khan
ORD64572,2024-12-11,Gadget Y,3,4.0,12.0,Ayesha Lee
ORD64581,2024-09-26,Gadget Y,8,5.49,43.92,Hassan Chen
ORD64593,2024-12-02,Widget B,6,2199.0,13194.0,Zain Chen
ORD64607,2024-11-18,Widget B,3,1999.0,5997.0,Zain Ahmed
ORD64608,2024-12-29,Widget A,2,12.5,25.0,Hassan Hussain
ORD64618,2024-07-21,Service Plan,6,54.99,329.93,Fatima Khan
ORD64653,2024-08-18,Widget A,10,12.0,120.0,Ali Khan
ORD64658,2024-12-11,Widget A,6,12.5,75.0,Hassan Smith
ORD64677,2024-10-16,Gadget Y,7,5.49,38.43,John Chen
ORD64731,2024-08-03,Gadget X,8,7.0,56.0,Hassan Khan
ORD64732,2024-08-15,Widget B,4,19.99,79.96,John Reyes
ORD64736,2024-12-01,Widget B,4,19.0,76.0,Sara Lee
ORD64738,2024-08-08,Widget B,5,1799.0,8995.0,Fatima Ahmed
ORD64744,2024-11-30,Widget B,7,1799.0,12593.0,Noor Chen
ORD64753,2024-11-16,Gadget Y,8,4.94,39.0,Zain Lee
ORD64763,2024-07-11,Service Plan,4,49.99,199.96,Ayesha Garcia
ORD64767,2024-10-13,Gadget Y,5,6.04,30.2,Zain Ahmed
ORD64767,2024-12-04,Service Plan,5,49.99,249.95,Ali Khan
ORD64769,2024-07-09,Service Plan,4,49.99,199.96,Fatima Ahmed
ORD64771,2024-10-06,Widget B,9,21.0,189.0,Maria Iqbal
ORD64781,2024-08-20,Service Plan,10,49.99,499.9,Maria Chen
ORD64790,2024-06-06,Widget B,2,19.0,38.0,John Smith
ORD64805,2024-09-11,Gadget Y,2,6.04,12.08,John Patel
ORD64816,2024-10-02,Widget B,8,19.0,152.0,Omar Garcia
ORD64832,2024-09-18,Widget B,4,17.99,71.96,Ali Khan
ORD64840,2024-10-29,Widget A,5,12.0,60.0,Fatima Iqbal
ORD64841,2024-06-30,Gadget X,9,6.3,56.7,Ayesha Khan
ORD64871,2024-07-13,Widget A,3,12.5,37.0,Ali Khan
ORD64872,2024-06-30,Widget A,4,1250.0,5000.0,Maria Garcia
ORD64881,2024-11-28,Widget B,6,1999.0,11994.0,Hassan Lee
ORD64906,2024-07-27,Widget B,10,19.0,190.0,Omar Garcia
ORD64914,2024-07-27,Gadget X,7,7.0,49.0,Ayesha Garcia
ORD64933,2024-08-08,Widget B,8,19.0,152.0,Maria Khan
ORD64945,2024-07-24,Service Plan,7,49.99,349.93,Sara Reyes
ORD64949,2024-07-22,Service Plan,4,4499.0,17996.0,Maria Patel
ORD64956,2024-09-01,Widget A,5,11.25,56.25,Noor Khan
ORD64957,2024-06-07,Widget B,3,1999.0,5997.0,Sara Ahmed
ORD64959,2024-11-08,Service Plan,1,4999.0,4999.0,Noor Lee
ORD64963,2024-10-07,Gadget X,8,7.0,56.0,Hassan Ahmed
ORD64980,2024-10-23,Service Plan,6,44.99,269.95,Ali Iqbal
ORD64995,2024-09-24,Widget A,3,13.75,41.25,Zain Smith
ORD65009,2024-11-30,Gadget Y,10,5.0,50.0,Zain Patel
ORD65011,2024-09-10,Widget B,8,1999.0,15992.0,Ali Smith
ORD65016,2024-07-04,Gadget Y,7,5.49,38.43,Maria Smith
ORD65017,2024-08-24,Widget A,4,12.5,50.0,Ayesha Khan
ORD65043,2024-09-03,Gadget X,9,7.0,63.0,Fatima Lee
ORD65050,2024-04-10,Gadget Y,5,549.0,2745.0,Ayesha Reyes
ORD65060,2024-08-13,Service Plan,2,44.99,89.98,Hassan Hussain
ORD65069,2024-09-08,Service Plan,1,4499.0,4499.0,Omar Chen
ORD65108,2024-06-20,Widget B,3,19.99,59.97,Sara Iqbal
ORD65110,2024-10-05,Widget A,6,12.5,75.0,Ayesha Chen
ORD65119,2024-12-19,Gadget X,4,7.0,28.0,Maria Khan
ORD65129,2024-08-28,Gadget X,2,7.0,14.0,Omar Khan
ORD65141,2024-11-17,Service Plan,8,44.0,352.0,Ayesha Iqbal
ORD65144,2024-11-08,Gadget X,4,700.0,2800.0,Ali Hussain
ORD65152,2024-10-17,Widget A,7,1375.0,9625.0,Ali Reyes
ORD65162,2024-05-11,Service Plan,1,49.99,49.99,Omar Iqbal
ORD65179,2024-09-25,Widget B,1,19.99,19.99,Sara Khan
ORD65182,2024-08-09,Gadget Y,3,5.0,15.0,Hassan Khan
ORD65195,2024-08-18,Gadget Y,3,4.0,12.0,Zain Hussain
ORD65204,2024-07-22,Gadget X,8,7.0,56.0,Hassan Hussain
ORD65235,2024-06-20,Widget A,10,11.0,110.0,Sara Chen
ORD65240,2024-08-08,Service Plan,8,54.99,439.91,Hassan Hussain
ORD65250,2024-11-15,Widget B,1,1999.0,1999.0,Hassan Hussain
ORD65257,2024-10-05,Widget B,4,1799.0,7196.0,Maria Chen
ORD65274,2024-06-07,Gadget X,9,7.0,63.0,Ali Smith
ORD65276,2024-11-28,Widget A,2,12.5,25.0,Sara Iqbal
ORD65299,2024-07-31,Service Plan,6,49.99,299.0,Sara Lee
ORD65312,2024-10-26,Gadget X,9,7.0,63.0,Maria Reyes
ORD65337,2024-06-02,Service Plan,2,54.99,109.98,John Iqbal
ORD65343,2024-12-03,Gadget Y,5,5.49,27.45,Zain Reyes
ORD65358,2024-11-16,Gadget X,10,7.0,70.0,Hassan Khan
ORD65359,2024-08-30,Widget B,7,17.99,125.93,Noor Patel
ORD65397,2024-09-12,Widget B,7,19.99,139.93,Omar Ahmed
ORD65400,2024-07-03,Widget B,4,19.99,79.96,Hassan Chen
ORD65402,2024-06-25,Gadget X,9,7.0,63.0,Ayesha Lee
ORD65425,2024-09-24,Service Plan,7,49.99,349.93,Noor Iqbal
ORD65434,2024-07-13,Widget A,5,1250.0,6250.0,Zain Iqbal
ORD65445,2024-11-18,Gadget Y,10,6.04,60.39,Ali Iqbal
ORD65465,2024-11-23,Gadget X,4,7.0,28.0,Hassan Khan
ORD65489,2024-06-27,Service Plan,8,4499.0,35993.0,Ali Iqbal
ORD65489,2024-12-27,Gadget X,7,7.0,49.0,Ayesha Lee
ORD65499,2024-11-15,Gadget Y,10,4.94,49.41,Ali Smith
ORD65504,2024-12-12,Widget A,1,11.0,11.0,Fatima Reyes
ORD65530,2024-11-17,Widget B,6,21.99,131.93,Omar Chen
ORD65550,2024-06-20,Widget B,4,19.99,79.0,Ali Patel
ORD65554,2024-09-23,Widget A,2,11.0,22.0,Maria Patel
ORD65555,2024-12-14,Gadget Y,5,5.49,27.0,Ali Smith
ORD65563,2024-06-17,Widget A,8,12.5,100.0,Omar Reyes
ORD65572,2024-11-21,Service Plan,3,54.99,164.97,Ayesha Khan
ORD65573,2024-06-21,Widget A,4,12.5,50.0,John Reyes
ORD65576,2024-07-16,Service Plan,4,49.99,199.0,Sara Hussain
ORD65583,2024-02-10,Gadget X,10,700.0,7000.0,Ayesha Garcia
ORD65587,2024-11-25,Service Plan,8,49.99,399.92,Zain Patel
ORD65592,2024-06-23,Gadget Y,5,549.0,2745.0,Ayesha Patel
ORD65592,2024-09-24,Gadget Y,3,5.0,15.0,Fatima Patel
ORD65597,2024-12-09,Widget B,1,19.99,19.99,Noor Hussain
ORD65598,2024-10-05,Widget B,9,21.99,197.91,John Garcia
ORD65604,2024-09-10,Service Plan,8,44.0,352.0,Omar Khan
ORD65613,2024-12-23,Gadget X,10,770.0,7700.0,Omar Patel
ORD65614,2024-07-03,Service Plan,4,49.99,199.96,Ayesha Khan
ORD65615,2024-10-10,Service Plan,7,44.99,314.0,Omar Lee
ORD65621,2024-11-16,Gadget X,8,7.0,56.0,Zain Ahmed
ORD65625,2024-07-24,Service Plan,3,49.99,149.97,Zain Smith
ORD65639,2024-12-14,Service Plan,2,49.99,99.98,Noor Hussain
ORD65657,2024-08-11,Widget B,6,19.0,114.0,Maria Ahmed
ORD65663,2024-11-18,Gadget X,3,770.0,2310.0,Fatima Iqbal
ORD65672,2024-11-29,Widget B,5,1999.0,9995.0,Sara Smith
ORD65676,2024-02-12,Widget B,5,19.99,99.0,Maria Chen
ORD65676,2024-06-07,Widget A,6,13.75,82.5,John Khan
ORD65680,2024-09-20,Widget B,2,19.0,38.0,John Lee
ORD65700,2024-08-31,Gadget Y,9,5.49,49.41,Zain Hussain
ORD65701,2024-06-13,Service Plan,6,5499.0,32994.0,John Reyes
ORD65705,2024-07-05,Gadget X,8,7.7,61.6,Maria Ahmed
ORD65713,2024-08-21,Service Plan,10,49.99,499.9,John Reyes
ORD65738,2024-08-02,Gadget Y,1,4.94,4.94,Omar Smith
ORD65767,2024-12-14,Widget B,3,19.99,59.97,Fatima Khan
ORD65776,2024-11-23,Gadget Y,10,549.0,5490.0,Zain Iqbal
ORD65780,2024-10-20,Widget A,4,12.0,48.0,John Garcia
ORD65791,2024-08-01,Service Plan,6,54.0,324.0,Maria Hussain
ORD65792,2024-06-16,Widget A,8,12.5,100.0,Ayesha Iqbal
ORD65795,2024-08-14,Gadget Y,6,4.94,29.65,John Garcia
ORD65795,2024-10-21,Widget B,2,19.99,39.98,Noor Patel
ORD65810,2024-06-05,Service Plan,4,49.99,199.96,Omar Lee
ORD65810,2024-06-25,Gadget X,6,7.7,46.2,Zain Ahmed
ORD65830,2024-11-21,Widget A,7,11.25,78.75,Omar Ahmed
ORD65837,2024-07-25,Service Plan,6,44.0,269.0,Fatima Patel
ORD65850,2024-09-24,Gadget Y,7,604.0,4228.0,Hassan Reyes
ORD65850,2024-11-24,Widget B,10,1999.0,19990.0,Omar Chen
ORD65851,2024-07-28,Gadget X,8,700.0,5600.0,Ali Hussain
ORD65854,2024-07-30,Service Plan,2,54.99,109.98,Zain Reyes
ORD65864,2024-09-27,Widget A,3,12.5,37.5,Ayesha Khan
ORD65867,2024-08-26,Gadget Y,8,4.94,39.52,Sara Khan
ORD65870,2024-12-11,Widget A,4,12.5,50.0,Ali Ahmed
ORD65871,2024-12-04,Service Plan,6,44.0,264.0,Zain Smith
ORD65872,2024-11-04,Gadget Y,9,6.04,54.35,John Hussain
ORD65876,2024-06-04,Service Plan,7,4999.0,34993.0,Ali Smith
ORD65887,2024-09-30,Gadget Y,5,549.0,2745.0,Noor Hussain
ORD65888,2024-12-11,Gadget Y,8,549.0,4392.0,Ali Patel
ORD65891,2024-09-25,Gadget Y,9,6.04,54.36,Maria Reyes
ORD65911,2024-08-03,Gadget Y,4,6.04,24.16,John Patel
ORD65915,2024-07-16,Service Plan,6,54.99,329.0,Ayesha Garcia
ORD65916,2024-11-29,Gadget Y,8,5.49,43.92,Maria Smith
ORD65918,2024-09-18,Service Plan,2,44.99,89.98,Zain Khan
ORD65920,2024-08-16,Gadget X,8,7.7,61.6,Omar Garcia
ORD65935,2024-12-06,Gadget Y,10,5.0,50.0,Omar Chen
ORD65939,2024-06-26,Gadget Y,7,5.49,38.43,Ali Smith
ORD65943,2024-09-04,Widget A,8,13.75,110.0,Ayesha Patel
ORD65945,2024-10-19,Widget B,2,21.99,43.98,Ayesha Lee
ORD65971,2024-12-26,Gadget X,8,7.0,56.0,Maria Chen
ORD65982,2024-06-03,Widget B,4,19.99,79.96,Maria Ahmed
ORD65988,2024-08-06,Gadget X,5,6.0,30.0,John Smith
ORD66002,2024-11-17,Gadget X,5,7.0,35.0,Hassan Patel
ORD66003,2024-10-07,Gadget X,8,7.0,56.0,Ali Lee
ORD66010,2024-09-06,Widget B,1,1999.0,1999.0,Fatima Smith
ORD66032,2024-12-01,Widget B,10,1999.0,19990.0,Zain Smith
ORD66038,2024-06-04,Gadget Y,6,5.49,32.94,Hassan Garcia
ORD66043,2024-07-23,Gadget X,4,7.0,28.0,Sara Smith
ORD66052,2024-12-27,Gadget Y,4,5.49,21.96,Ayesha Iqbal
ORD66055,2024-11-30,Gadget X,6,7.0,42.0,Sara Ahmed
ORD66056,2024-07-30,Service Plan,7,54.99,384.0,Ali Khan
ORD66065,2024-10-26,Gadget X,5,700.0,3500.0,Fatima Hussain
ORD66083,2024-01-07,Widget B,4,19.99,79.96,Ali Iqbal
ORD66102,2024-03-09,Gadget X,5,7.7,38.5,John Iqbal
ORD66105,2024-11-08,Gadget X,8,7.0,56.0,Ali Ahmed
ORD66121,2024-08-21,Widget B,5,19.99,99.95,Sara Hussain
ORD66126,2024-08-04,Gadget Y,1,4.94,4.94,Omar Hussain
ORD66139,2024-06-04,Widget B,2,17.0,34.0,Hassan Chen
ORD66143,2024-07-17,Service Plan,5,49.99,249.0,Ali Hussain
ORD66148,2024-11-23,Gadget Y,10,5.49,54.9,Ayesha Khan
ORD66149,2024-09-04,Widget B,9,1799.0,16191.0,John Patel
ORD66152,2024-06-27,Gadget Y,5,6.04,30.2,Hassan Iqbal
ORD66173,2024-05-07,Widget A,10,12.0,120.0,Maria Smith
ORD66175,2024-10-06,Gadget X,1,7.0,7.0,John Patel
ORD66190,2024-07-19,Service Plan,2,49.99,99.0,John Patel
ORD66193,2024-07-24,Gadget X,1,7.0,7.0,Omar Hussain
ORD66203,2024-07-15,Widget B,1,19.99,19.99,Zain Reyes
ORD66205,2024-07-20,Widget B,7,19.99,139.93,Hassan Lee
ORD66206,2024-08-25,Gadget X,7,7.0,49.0,Maria Hussain
ORD66237,2024-09-15,Service Plan,8,49.99,399.92,Omar Smith
ORD66256,2024-10-22,Widget A,10,12.5,125.0,Sara Khan
ORD66257,2024-07-21,Widget B,5,19.99,99.95,Zain Khan
ORD66260,2024-08-05,Gadget X,6,7.0,42.0,Sara Smith
ORD66272,2024-06-24,Service Plan,9,44.99,404.91,Omar Patel
ORD66282,2024-07-28,Widget B,5,1999.0,9995.0,Ayesha Khan
ORD66293,2024-06-12,Service Plan,2,49.99,99.98,Hassan Hussain
ORD66301,2024-08-29,Widget B,5,2199.0,10995.0,Maria Reyes
ORD66307,2024-09-19,Service Plan,5,49.99,249.95,Noor Ahmed
ORD66308,2024-07-31,Widget B,4,17.99,71.96,Fatima Reyes
ORD66311,2024-09-19,Widget B,5,19.99,99.95,Hassan Ahmed
ORD66313,2024-06-20,Service Plan,7,54.99,384.93,Ali Garcia
ORD66321,2024-12-30,Widget B,1,19.99,19.99,Omar Garcia
ORD66340,2024-12-06,Widget A,6,12.5,75.0,Maria Reyes
ORD66353,2024-08-31,Widget A,1,1250.0,1250.0,Ayesha Reyes
ORD66355,2024-11-07,Service Plan,9,49.99,449.91,Maria Khan
ORD66359,2024-06-05,Widget B,10,1999.0,19990.0,Fatima Ahmed
ORD66370,2024-07-14,Gadget Y,8,5.0,40.0,Ayesha Patel
ORD66382,2024-06-12,Gadget Y,3,5.49,16.47,Fatima Khan
ORD66387,2024-06-24,Gadget X,5,770.0,3850.0,Ayesha Patel
ORD66409,2024-11-10,Service Plan,1,4999.0,4999.0,Noor Khan
ORD66420,2024-06-28,Widget A,2,12.5,25.0,Ayesha Reyes
ORD66437,2024-07-01,Gadget Y,3,549.0,1647.0,Ayesha Hussain
ORD66460,2024-09-26,Widget A,5,12.5,62.5,Ali Chen
ORD66460,2024-10-10,Widget A,3,12.5,37.5,Ayesha Ahmed
ORD66479,2024-06-23,Gadget X,3,7.0,21.0,Maria Reyes
ORD66480,2024-12-09,Widget A,7,12.0,84.0,Maria Reyes
ORD66533,2024-06-29,Widget A,2,12.5,25.0,Noor Iqbal
ORD66545,2024-11-10,Gadget Y,1,4.94,4.94,Noor Garcia
ORD66551,2024-12-21,Widget B,1,21.99,21.99,Zain Hussain
ORD66555,2024-09-09,Widget B,5,17.99,89.95,John Patel
ORD66561,2024-07-16,Widget B,9,1999.0,17991.0,Zain Hussain
ORD66561,2024-12-15,Gadget X,4,700.0,2800.0,Ali Chen
ORD66568,2024-09-30,Widget B,4,17.99,71.96,Sara Chen
ORD66572,2024-06-08,Widget A,5,12.5,62.0,Fatima Ahmed
ORD66595,2024-11-04,Gadget X,6,700.0,4200.0,Fatima Lee
ORD66598,2024-03-07,Service Plan,9,49.0,441.0,Ayesha Hussain
ORD66611,2024-10-16,Gadget Y,8,5.49,43.92,Ali Patel
ORD66612,2024-12-31,Service Plan,10,54.99,549.9,Noor Iqbal
ORD66630,2024-12-08,Gadget X,6,7.0,42.0,Ayesha Reyes
ORD66632,2024-12-24,Gadget X,7,7.0,49.0,Fatima Iqbal
ORD66639,2024-06-22,Gadget X,10,7.0,70.0,Omar Garcia
ORD66643,2024-07-31,Gadget X,6,7.0,42.0,Noor Patel
ORD66648,2024-10-25,Widget B,5,17.99,89.0,Noor Hussain
ORD66648,2024-12-07,Gadget Y,7,5.49,38.43,Zain Patel
ORD66650,2024-02-06,Widget A,4,12.0,48.0,Omar Khan
ORD66653,2024-09-19,Widget A,6,1125.0,6750.0,Zain Smith
ORD66686,2024-09-14,Gadget X,8,7.0,56.0,Hassan Lee
ORD66688,2024-11-08,Widget B,3,21.99,65.97,Omar Chen
ORD66705,2024-12-02,Service Plan,3,54.0,162.0,Ayesha Patel
ORD66712,2024-07-29,Gadget Y,5,5.49,27.0,Maria Smith
ORD66723,2024-06-15,Gadget X,1,700.0,700.0,Omar Hussain
ORD66729,2024-10-28,Gadget Y,9,5.49,49.41,Noor Hussain
ORD66744,2024-07-07,Gadget X,2,700.0,1400.0,John Garcia
ORD66747,2024-08-26,Widget A,5,13.75,68.75,Ali Patel
ORD66748,2024-07-20,Widget A,9,12.5,112.0,Ayesha Lee
ORD66755,2024-08-23,Gadget X,2,6.3,12.6,Maria Smith
ORD66756,2024-06-30,Gadget X,2,7.0,14.0,Omar Hussain
ORD66762,2024-11-04,Widget A,9,1250.0,11250.0,Fatima Patel
ORD66767,2024-08-06,Widget A,3,12.5,37.5,Ali Chen
ORD66779,2024-10-08,Gadget Y,9,5.49,49.41,Ayesha Chen
ORD66795,2024-09-01,Gadget X,10,7.0,70.0,Zain Reyes
ORD66806,2024-10-14,Service Plan,8,54.0,439.91,Omar Garcia
ORD66807,2024-12-29,Gadget Y,9,4.94,44.46,Maria Chen
ORD66813,2024-09-22,Service Plan,6,49.0,294.0,Noor Chen
ORD66813,2024-11-18,Gadget X,10,7.0,70.0,Noor Iqbal
ORD66813,2024-11-28,Service Plan,7,4999.0,34993.0,Fatima Ahmed
ORD66840,2024-08-16,Service Plan,3,49.99,149.97,Omar Chen
ORD66853,2024-08-11,Widget B,7,19.0,133.0,Noor Ahmed
ORD66854,2024-11-18,Gadget X,2,7.0,14.0,Ali Patel
ORD66859,2024-12-07,Service Plan,9,49.99,449.91,Ayesha Hussain
ORD66862,2024-04-06,Gadget X,2,7.0,14.0,Noor Lee
ORD66867,2024-09-07,Widget A,4,13.75,55.0,Sara Iqbal
ORD66869,2024-11-19,Widget B,5,21.99,109.95,Fatima Smith
ORD66872,2024-09-03,Widget B,8,19.99,159.92,Ayesha Patel
ORD66894,2024-06-16,Gadget Y,1,5.49,5.49,Omar Chen
ORD66902,2024-06-13,Widget B,3,19.0,56.97,Fatima Smith
ORD66906,2024-10-05,Service Plan,4,49.99,199.96,John Patel
ORD66908,2024-12-20,Service Plan,1,4499.0,4499.0,Ali Ahmed
ORD66921,2024-11-25,Widget A,5,12.0,60.0,Omar Iqbal
ORD66923,2024-07-27,Widget B,5,1999.0,9995.0,Zain Smith
ORD66929,2024-11-27,Widget A,3,12.5,37.5,Ali Iqbal
ORD66937,2024-10-12,Widget B,10,17.99,179.91,Zain Smith
ORD66941,2024-08-21,Service Plan,6,4499.0,26994.0,Noor Patel
ORD66965,2024-09-13,Gadget X,8,7.0,56.0,Ayesha Garcia
ORD66967,2024-12-03,Service Plan,8,44.99,359.93,John Hussain
ORD66968,2024-06-19,Gadget Y,9,4.94,44.46,Hassan Hussain
ORD66980,2024-01-12,Gadget X,2,630.0,1260.0,Ali Khan
ORD66982,2024-11-29,Gadget X,9,7.0,63.0,Hassan Smith
ORD66984,2024-11-23,Widget A,10,12.0,120.0,Ayesha Smith
ORD66986,2024-08-22,Gadget X,8,6.3,50.4,Noor Chen
ORD66998,2024-11-12,Widget A,4,12.5,50.0,John Iqbal
ORD67004,2024-09-16,Widget B,6,19.99,119.94,Hassan Lee
ORD67013,2024-12-09,Gadget X,10,7.0,70.0,Fatima Ahmed
ORD67034,2024-08-02,Service Plan,6,49.0,294.0,Ayesha Reyes
ORD67050,2024-10-06,Gadget Y,5,494.0,2470.0,Omar Lee
ORD67051,2024-11-02,Gadget Y,5,6.04,30.2,Omar Chen
ORD67060,2024-09-13,Widget A,9,11.0,99.0,Hassan Iqbal
ORD67084,2024-10-26,Widget A,5,12.0,60.0,Maria Khan
ORD67085,2024-12-22,Gadget Y,7,6.04,42.28,Hassan Lee
ORD67091,2024-06-05,Service Plan,8,4999.0,39992.0,Sara Chen
ORD67092,2024-06-16,Widget A,7,12.5,87.0,Ayesha Ahmed
ORD67105,2024-06-14,Service Plan,8,54.99,439.91,Sara Chen
ORD67109,2024-06-02,Gadget X,3,7.7,23.1,Ayesha Khan
ORD67109,2024-08-31,Gadget Y,8,6.04,48.31,Hassan Chen
ORD67120,2024-07-12,Widget A,1,12.5,12.5,John Ahmed
ORD67120,2024-10-12,Service Plan,1,49.0,49.0,Omar Smith
ORD67123,2024-11-21,Gadget X,10,700.0,7000.0,Ayesha Garcia
ORD67129,2024-08-07,Widget B,10,21.0,210.0,John Lee
ORD67141,2024-10-02,Gadget Y,8,4.94,39.53,Ayesha Chen
ORD67152,2024-11-13,Gadget X,2,7.0,14.0,Noor Patel
ORD67155,2024-10-10,Gadget Y,4,5.49,21.96,John Smith
ORD67163,2024-06-18,Gadget Y,7,4.94,34.58,Hassan Garcia
ORD67173,2024-09-22,Widget B,9,21.99,197.9,Sara Khan
ORD67175,2024-08-07,Widget A,3,12.5,37.5,Zain Iqbal
ORD67179,2024-11-07,Widget B,6,19.99,119.94,Noor Reyes
ORD67187,2024-05-06,Widget A,9,12.5,112.5,Omar Lee
ORD67188,2024-06-16,Widget A,6,1250.0,7500.0,Sara Garcia
ORD67190,2024-12-13,Service Plan,4,49.99,199.96,Omar Garcia
ORD67232,2024-12-18,Service Plan,9,54.99,494.91,Sara Reyes
ORD67233,2024-09-28,Gadget Y,5,549.0,2745.0,Ali Ahmed
ORD67235,2024-10-06,Service Plan,3,4999.0,14997.0,Fatima Ahmed
ORD67236,2024-08-14,Widget A,6,13.75,82.5,Ayesha Khan
ORD67259,2024-12-28,Widget A,8,12.0,96.0,John Khan
ORD67317,2024-07-03,Gadget X,4,6.0,24.0,Ali Garcia
ORD67328,2024-08-18,Gadget X,8,7.0,56.0,Ayesha Chen
ORD67331,2024-10-23,Widget B,5,19.99,99.95,Noor Hussain
ORD67338,2024-07-11,Widget B,6,19.99,119.94,Zain Garcia
ORD67345,2024-11-27,Gadget Y,3,4.94,14.82,Ayesha Hussain
ORD67350,2024-12-25,Service Plan,6,49.0,294.0,Maria Smith
ORD67353,2024-08-28,Service Plan,6,4999.0,29994.0,Omar Ahmed
ORD67377,2024-09-21,Service Plan,9,44.0,396.0,Noor Khan
ORD67385,2024-06-29,Widget B,8,17.99,143.93,Maria Khan
ORD67390,2024-09-09,Gadget Y,6,5.49,32.94,Noor Patel
ORD67407,2024-12-06,Widget B,3,19.0,56.97,John Reyes
ORD67408,2024-09-28,Gadget Y,10,6.04,60.4,Noor Iqbal
ORD67426,2024-07-05,Widget A,4,13.75,55.0,Sara Garcia
ORD67426,2024-09-25,Gadget X,9,700.0,6300.0,Fatima Khan
ORD67433,2024-06-20,Gadget Y,5,5.49,27.45,Fatima Khan
ORD67439,2024-07-15,Widget B,6,19.99,119.94,Omar Smith
ORD67440,2024-08-11,Widget A,5,12.5,62.5,John Lee
ORD67447,2024-11-11,Widget A,3,1250.0,3750.0,Sara Khan
ORD67459,2024-10-28,Widget B,7,1999.0,13993.0,John Smith
ORD67464,2024-04-12,Widget A,4,1250.0,5000.0,Maria Reyes
ORD67491,2024-11-25,Gadget Y,10,494.0,4940.0,Zain Patel
ORD67518,2024-09-12,Service Plan,10,49.99,499.9,Hassan Khan
ORD67518,2024-10-24,Gadget Y,1,5.49,5.49,Omar Iqbal
ORD67520,2024-11-09,Gadget X,7,7.0,49.0,Maria Iqbal
ORD67524,2024-09-18,Gadget Y,2,4.94,9.88,Noor Chen
ORD67526,2024-07-24,Service Plan,3,4999.0,14997.0,Omar Hussain
ORD67527,2024-07-08,Widget B,4,17.99,71.96,John Hussain
ORD67535,2024-07-30,Service Plan,4,49.99,199.96,Maria Lee
ORD67535,2024-08-30,Gadget Y,9,5.49,49.41,John Ahmed
ORD67539,2024-10-19,Gadget X,7,7.0,49.0,Noor Lee
ORD67557,2024-11-16,Service Plan,2,54.99,109.98,Hassan Chen
ORD67557,2024-12-11,Gadget X,10,7.7,77.0,John Iqbal
ORD67589,2024-04-10,Gadget X,10,7.0,70.0,Noor Patel
ORD67592,2024-09-21,Widget B,1,17.99,17.99,Ali Smith
ORD67602,2024-09-13,Gadget X,10,7.0,70.0,Fatima Lee
ORD67605,2024-08-06,Widget B,10,17.99,179.0,Ali Khan
ORD67619,2024-07-26,Widget A,4,13.75,55.0,Omar Iqbal
ORD67623,2024-09-12,Gadget X,8,7.0,56.0,Noor Khan
ORD67630,2024-07-13,Widget A,1,1250.0,1250.0,Hassan Lee
ORD67635,2024-05-09,Widget A,2,12.5,25.0,Noor Reyes
ORD67648,2024-12-03,Gadget X,2,6.3,12.6,Sara Lee
ORD67651,2024-10-07,Gadget X,9,7.0,63.0,Noor Patel
ORD67653,2024-11-20,Gadget X,3,700.0,2100.0,Ayesha Patel
ORD67658,2024-07-09,Gadget Y,5,4.94,24.71,Ali Lee
ORD67659,2024-11-13,Widget B,5,19.99,99.95,Hassan Reyes
ORD67672,2024-09-16,Service Plan,1,44.99,44.99,Noor Hussain
ORD67674,2024-06-10,Widget B,7,1999.0,13993.0,John Reyes
ORD67683,2024-10-25,Service Plan,4,49.0,196.0,Hassan Ahmed
ORD67696,2024-10-03,Gadget Y,6,5.49,32.94,Ayesha Garcia
ORD67712,2024-10-27,Gadget X,1,630.0,630.0,Maria Chen
ORD67715,2024-09-30,Widget A,2,12.5,25.0,Ayesha Ahmed
ORD67717,2024-12-06,Widget A,10,13.75,137.5,Maria Ahmed
ORD67718,2024-10-08,Gadget X,8,7.0,56.0,Omar Reyes
ORD67719,2024-05-07,Gadget Y,5,5.49,27.45,Noor Iqbal
ORD67732,2024-10-12,Widget B,10,21.99,219.9,Sara Khan
ORD67732,2024-10-20,Widget B,5,1799.0,8995.0,Omar Lee
ORD67738,2024-06-02,Widget A,7,1125.0,7875.0,Fatima Patel
ORD67747,2024-06-18,Gadget Y,4,4.94,19.76,Ayesha Patel
ORD67749,2024-09-27,Gadget X,7,6.3,44.1,John Khan
ORD67751,2024-11-23,Widget A,10,12.0,120.0,John Lee
ORD67759,2024-09-26,Gadget Y,1,5.49,5.49,Fatima Ahmed
ORD67760,2024-11-14,Service Plan,2,49.99,99.0,Maria Lee
ORD67763,2024-11-28,Widget B,9,19.99,179.91,Sara Garcia
ORD67778,2024-10-05,Gadget Y,7,5.49,38.43,Ali Khan
ORD67788,2024-07-31,Gadget X,6,6.3,37.8,Sara Ahmed
ORD67811,2024-06-25,Gadget Y,10,494.0,4940.0,Ayesha Khan
ORD67823,2024-07-16,Widget B,2,19.99,39.98,Omar Khan
ORD67832,2024-08-19,Service Plan,5,49.99,249.95,Noor Hussain
ORD67840,2024-10-09,Gadget X,10,770.0,7700.0,Ali Garcia
ORD67841,2024-08-10,Gadget Y,7,4.94,34.58,Maria Khan
ORD67843,2024-08-25,Gadget Y,1,4.94,4.94,Fatima Garcia
ORD67852,2024-09-17,Service Plan,10,54.99,549.0,Sara Garcia
ORD67864,2024-10-15,Gadget Y,5,5.49,27.45,Zain Ahmed
ORD67866,2024-12-12,Gadget X,10,6.3,63.0,Fatima Hussain
ORD67867,2024-10-26,Gadget X,2,770.0,1540.0,Hassan Khan
ORD67876,2024-10-04,Gadget Y,4,5.0,20.0,John Ahmed
ORD67883,2024-10-03,Service Plan,8,49.99,399.92,Hassan Smith
ORD67886,2024-09-24,Service Plan,7,4999.0,34993.0,Zain Reyes
ORD67894,2024-06-17,Widget B,1,1999.0,1999.0,Sara Lee
ORD67936,2024-09-10,Widget B,6,19.99,119.94,Maria Iqbal
ORD67937,2024-11-23,Widget A,1,11.0,11.0,Noor Garcia
ORD67938,2024-06-29,Gadget X,10,7.0,70.0,Fatima Smith
ORD67939,2024-11-14,Widget B,2,1799.0,3598.0,Hassan Reyes
ORD67941,2024-11-26,Widget A,9,12.0,108.0,Ali Iqbal
ORD67947,2024-08-26,Widget A,8,12.5,100.0,Fatima Hussain
ORD67973,2024-07-13,Gadget X,6,6.3,37.8,Ali Reyes
ORD67979,2024-09-02,Gadget X,5,7.0,35.0,John Khan
ORD67985,2024-07-14,Widget A,8,13.75,110.0,Noor Garcia
ORD67987,2024-02-07,Service Plan,2,5499.0,10998.0,Noor Ahmed
ORD68000,2024-09-24,Gadget X,8,7.7,61.0,Sara Khan
ORD68008,2024-10-18,Widget B,4,1799.0,7196.0,Noor Hussain
ORD68011,2024-06-07,Widget B,5,1999.0,9995.0,Noor Khan
ORD68024,2024-08-02,Widget B,9,19.99,179.91,Ali Hussain
ORD68050,2024-11-17,Gadget Y,1,4.94,4.94,Fatima Ahmed
ORD68054,2024-07-28,Widget A,4,13.0,52.0,Sara Reyes
ORD68073,2024-12-30,Widget B,6,17.99,107.95,John Reyes
ORD68074,2024-08-04,Gadget Y,2,5.49,10.98,Noor Chen
ORD68077,2024-08-27,Service Plan,1,4499.0,4499.0,Zain Patel
ORD68078,2024-08-29,Widget A,9,1250.0,11250.0,Hassan Hussain
ORD68089,2024-11-14,Gadget X,9,7.0,63.0,Fatima Khan
ORD68117,2024-12-20,Widget B,1,2199.0,2199.0,Hassan Lee
ORD68124,2024-07-20,Widget A,7,1375.0,9625.0,Sara Reyes
ORD68134,2024-09-22,Gadget Y,8,5.49,43.92,Ayesha Hussain
ORD68147,2024-12-29,Gadget X,5,6.0,30.0,John Garcia
ORD68158,2024-08-20,Service Plan,3,54.99,164.97,Sara Chen
ORD68163,2024-07-14,Widget B,1,17.99,17.99,Sara Khan
ORD68173,2024-09-07,Gadget X,7,6.0,42.0,Omar Lee
ORD68181,2024-08-19,Widget A,5,12.5,62.5,Noor Lee
ORD68185,2024-12-29,Widget A,2,12.5,25.0,Hassan Patel
ORD68190,2024-11-15,Gadget X,4,7.7,30.8,Fatima Reyes
ORD68203,2024-11-14,Service Plan,1,4999.0,4999.0,Noor Smith
ORD68223,2024-11-01,Widget A,1,13.75,13.75,John Iqbal
ORD68228,2024-06-12,Gadget X,3,7.0,21.0,Fatima Iqbal
ORD68232,2024-02-06,Widget B,8,1799.0,14392.0,Ayesha Reyes
ORD68238,2024-12-26,Widget B,5,19.99,99.95,Zain Ahmed
ORD68245,2024-03-10,Widget B,3,21.99,65.97,Ali Reyes
ORD68248,2024-06-30,Widget B,3,1999.0,5997.0,Ali Hussain
ORD68265,2024-06-16,Service Plan,7,54.99,384.92,John Patel
ORD68269,2024-09-03,Gadget Y,1,5.49,5.49,Ali Reyes
ORD68275,2024-07-07,Widget B,7,17.99,125.0,Maria Smith
ORD68275,2024-08-11,Gadget Y,7,6.04,42.27,Omar Garcia
ORD68276,2024-06-14,Service Plan,4,49.99,199.96,Ali Smith
ORD68277,2024-07-18,Widget B,3,19.0,57.0,John Patel
ORD68283,2024-12-24,Widget A,2,12.0,24.0,Ali Chen
ORD68284,2024-09-27,Widget B,3,21.0,63.0,John Patel
ORD68297,2024-07-10,Widget B,7,19.99,139.93,Omar Smith
ORD68298,2024-12-16,Widget A,10,12.5,125.0,Noor Reyes
ORD68312,2024-11-11,Service Plan,1,44.0,44.0,Ayesha Lee
ORD68335,2024-07-09,Gadget Y,3,6.04,18.12,Ayesha Chen
ORD68337,2024-12-17,Widget A,1,12.0,12.0,John Ahmed
ORD68345,2024-07-20,Widget B,4,19.99,79.96,John Garcia
ORD68350,2024-11-20,Widget A,6,13.0,78.0,Sara Reyes
ORD68356,2024-06-28,Gadget Y,9,5.0,45.0,Maria Smith
ORD68357,2024-07-23,Gadget X,8,630.0,5040.0,Maria Hussain
ORD68374,2024-09-23,Gadget Y,7,549.0,3843.0,Maria Chen
ORD68378,2024-09-26,Widget A,5,12.5,62.5,Ali Patel
ORD68428,2024-06-12,Gadget X,8,7.7,61.6,Sara Hussain
ORD68439,2024-07-29,Service Plan,10,49.0,490.0,Ayesha Lee
ORD68441,2024-08-19,Service Plan,2,49.99,99.98,Ali Iqbal
ORD68449,2024-10-08,Widget A,2,13.75,27.5,Noor Khan
ORD68458,2024-07-14,Widget B,2,19.0,38.0,Maria Patel
ORD68491,2024-08-13,Widget B,2,19.99,39.98,Fatima Reyes
ORD68525,2024-07-10,Gadget Y,10,494.0,4940.0,Sara Smith
ORD68534,2024-08-09,Widget A,6,12.0,72.0,Hassan Smith
ORD68547,2024-09-15,Service Plan,1,49.99,49.99,Ayesha Hussain
ORD68549,2024-08-12,Service Plan,2,54.99,109.98,Ali Hussain
ORD68559,2024-10-27,Service Plan,7,49.99,349.0,Hassan Ahmed
ORD68566,2024-06-23,Widget B,1,19.99,19.99,Zain Iqbal
ORD68569,2024-12-06,Service Plan,5,49.99,249.0,John Garcia
ORD68570,2024-12-22,Widget B,6,21.0,126.0,Zain Reyes
ORD68591,2024-11-26,Gadget Y,5,5.49,27.45,Fatima Reyes
ORD68596,2024-09-04,Gadget Y,10,5.49,54.9,Hassan Reyes
ORD68596,2024-12-20,Gadget Y,5,6.04,30.2,Ali Chen
ORD68598,2024-07-07,Widget B,2,19.0,38.0,Fatima Lee
ORD68602,2024-07-31,Widget B,2,19.0,38.0,Ayesha Khan
ORD68609,2024-07-18,Gadget Y,5,6.04,30.2,Zain Khan
ORD68617,2024-06-21,Service Plan,10,49.99,499.9,Zain Patel
ORD68618,2024-07-15,Service Plan,7,49.99,349.93,Hassan Smith
ORD68618,2024-11-28,Gadget Y,4,5.49,21.96,Sara Ahmed
ORD68619,2024-12-22,Gadget X,2,7.0,14.0,Sara Ahmed
ORD68625,2024-12-16,Service Plan,10,4999.0,49990.0,Sara Reyes
ORD68627,2024-09-06,Service Plan,2,54.99,109.0,Sara Reyes
ORD68629,2024-09-15,Gadget Y,3,4.94,14.82,Ayesha Garcia
ORD68648,2024-08-13,Service Plan,10,54.99,549.0,Ayesha Lee
ORD68653,2024-12-11,Widget A,2,12.5,25.0,Ayesha Smith
ORD68654,2024-08-21,Service Plan,2,49.99,99.98,Omar Reyes
ORD68655,2024-06-26,Service Plan,9,5499.0,49491.0,Zain Khan
ORD68686,2024-06-21,Gadget Y,10,6.04,60.0,Ayesha Ahmed
ORD68690,2024-12-19,Widget A,5,12.0,60.0,Zain Chen
ORD68692,2024-09-16,Gadget X,8,7.7,61.6,Sara Smith
ORD68707,2024-11-26,Service Plan,10,44.99,449.91,Noor Khan
ORD68708,2024-11-24,Widget B,8,19.99,159.92,Omar Lee
ORD68725,2024-11-13,Service Plan,2,49.99,99.98,Omar Patel
ORD68726,2024-08-23,Gadget X,2,7.0,14.0,Noor Iqbal
ORD68745,2024-11-10,Widget B,5,19.0,95.0,Omar Reyes
ORD68747,2024-07-12,Gadget Y,3,4.94,14.82,Omar Smith
ORD68776,2024-08-10,Widget B,7,21.99,153.92,Zain Khan
ORD68786,2024-07-07,Gadget X,1,7.0,7.0,Zain Reyes
ORD68790,2024-09-11,Widget A,9,12.5,112.0,Ali Hussain
ORD68791,2024-10-19,Widget A,5,12.0,60.0,Omar Khan
ORD68799,2024-06-15,Widget B,6,19.0,114.0,Fatima Reyes
ORD68823,2024-10-02,Gadget Y,9,6.04,54.35,Hassan Patel
ORD68825,2024-11-25,Gadget X,7,7.0,49.0,Omar Ahmed
ORD68828,2024-10-10,Widget B,6,19.99,119.94,Omar Smith
ORD68839,2024-11-11,Widget B,7,21.99,153.93,Ali Ahmed
ORD68854,2024-06-13,Service Plan,10,44.99,449.91,Noor Ahmed
ORD68854,2024-08-15,Gadget Y,7,549.0,3843.0,Hassan Hussain
ORD68857,2024-06-11,Service Plan,3,49.0,149.0,Hassan Smith
ORD68858,2024-10-13,Gadget Y,6,494.0,2964.0,Ayesha Smith
ORD68876,2024-06-06,Service Plan,5,49.99,249.95,Fatima Patel
ORD68891,2024-06-05,Widget A,6,12.0,72.0,Fatima Chen
ORD68896,2024-10-28,Service Plan,6,4499.0,26995.0,Sara Patel
ORD68903,2024-09-16,Widget B,5,19.99,99.95,Hassan Reyes
ORD68917,2024-08-29,Gadget X,3,7.0,21.0,Maria Ahmed
ORD68931,2024-09-17,Gadget Y,5,5.49,27.0,Zain Khan
ORD68953,2024-09-21,Service Plan,2,49.0,98.0,John Hussain
ORD68954,2024-09-03,Widget A,9,12.5,112.5,Ayesha Patel
ORD68975,2024-11-07,Gadget X,6,7.0,42.0,Omar Chen
ORD68980,2024-12-07,Widget B,6,21.99,131.94,Omar Garcia
ORD68988,2024-09-07,Gadget X,4,7.0,28.0,Zain Garcia
ORD68999,2024-11-01,Widget A,6,12.5,75.0,Ayesha Garcia
ORD69005,2024-12-26,Widget B,10,19.99,199.9,Hassan Patel
ORD69009,2024-06-29,Gadget X,4,7.0,28.0,Ayesha Smith
ORD69015,2024-10-13,Service Plan,8,4999.0,39992.0,Ali Iqbal
ORD69017,2024-10-07,Gadget X,8,7.0,56.0,Zain Iqbal
ORD69043,2024-11-11,Gadget Y,4,5.49,21.96,Sara Garcia
ORD69045,2024-10-04,Gadget X,5,7.0,35.0,Maria Patel
ORD69049,2024-09-22,Gadget X,10,7.7,77.0,Ayesha Lee
ORD69083,2024-10-08,Widget A,8,11.0,88.0,Ayesha Patel
ORD69084,2024-11-29,Gadget X,8,7.0,56.0,Hassan Garcia
ORD69103,2024-08-29,Widget B,2,17.99,35.98,Sara Khan
ORD69130,2024-08-29,Widget A,7,12.5,87.5,Maria Lee
ORD69159,2024-09-12,Widget A,4,11.25,45.0,Ayesha Iqbal
ORD69163,2024-06-23,Gadget X,3,7.0,21.0,Fatima Smith
ORD69174,2024-10-01,Widget A,10,13.0,130.0,Sara Iqbal
ORD69189,2024-11-08,Widget A,9,11.25,101.25,Zain Chen
ORD69195,2024-07-20,Service Plan,8,49.99,399.92,Omar Hussain
ORD69215,2024-09-24,Widget A,5,12.5,62.0,Sara Lee
ORD69215,2024-11-01,Gadget Y,9,549.0,4941.0,Omar Reyes
ORD69217,2024-07-05,Widget B,4,19.99,79.96,John Lee
ORD69220,2024-12-25,Widget B,6,19.99,119.94,Omar Ahmed
ORD69222,2024-07-14,Service Plan,9,4999.0,44991.0,Omar Iqbal
ORD69229,2024-10-10,Widget A,9,1375.0,12375.0,John Reyes
ORD69231,2024-09-12,Service Plan,3,54.99,164.97,Maria Patel
ORD69232,2024-12-30,Gadget X,4,630.0,2520.0,Sara Reyes
ORD69234,2024-09-18,Gadget Y,8,5.49,43.92,Sara Ahmed
ORD69247,2024-10-06,Gadget Y,6,5.49,32.94,Ali Reyes
ORD69257,2024-09-26,Gadget Y,1,6.04,6.04,Sara Lee
ORD69258,2024-12-22,Gadget Y,3,6.04,18.12,John Iqbal
ORD69259,2024-10-29,Widget B,9,19.0,171.0,Sara Ahmed
ORD69267,2024-09-18,Gadget Y,7,6.0,42.0,Fatima Iqbal
ORD69267,2024-11-19,Service Plan,3,49.0,147.0,Hassan Chen
ORD69273,2024-08-03,Widget B,7,1999.0,13993.0,Omar Patel
ORD69273,2024-09-27,Widget B,8,17.99,143.93,Fatima Reyes
ORD69273,2024-11-24,Gadget Y,8,6.04,48.31,Noor Reyes
ORD69285,2024-06-28,Gadget Y,8,549.0,4392.0,Omar Garcia
ORD69299,2024-06-05,Widget B,2,19.99,39.98,Noor Chen
ORD69301,2024-11-06,Service Plan,4,54.99,219.96,Sara Smith
ORD69314,2024-06-30,Widget A,4,12.5,50.0,Ali Smith
ORD69316,2024-08-25,Widget A,2,13.75,27.5,Sara Garcia
ORD69318,2024-12-14,Widget A,3,11.0,33.0,Fatima Lee
ORD69331,2024-09-30,Gadget X,7,630.0,4410.0,Fatima Patel
ORD69335,2024-09-24,Widget B,2,19.99,39.98,Zain Smith
ORD69340,2024-06-07,Gadget X,5,7.0,35.0,Ali Patel
ORD69343,2024-06-03,Widget A,5,12.5,62.5,Sara Reyes
ORD69344,2024-12-25,Gadget Y,9,5.49,49.41,Hassan Chen
ORD69345,2024-09-08,Service Plan,8,49.99,399.92,Hassan Ahmed
ORD69350,2024-09-19,Gadget Y,4,5.49,21.96,Zain Ahmed
ORD69350,2024-09-30,Widget B,10,19.99,199.9,Omar Khan
ORD69361,2024-06-27,Gadget X,10,7.0,70.0,John Smith
ORD69362,2024-11-24,Gadget X,4,770.0,3080.0,Sara Smith
ORD69363,2024-07-19,Widget A,10,12.0,120.0,Maria Reyes
ORD69371,2024-07-04,Service Plan,7,54.99,384.92,Sara Garcia
ORD69372,2024-10-15,Gadget X,7,6.3,44.1,John Patel
ORD69377,2024-05-08,Widget A,7,1125.0,7875.0,Ayesha Iqbal
ORD69388,2024-09-07,Gadget X,3,7.7,23.1,Zain Ahmed
ORD69389,2024-08-05,Service Plan,3,54.99,164.0,Noor Patel
ORD69394,2024-06-12,Widget A,1,11.25,11.25,Fatima Patel
ORD69400,2024-11-07,Gadget X,9,770.0,6930.0,John Hussain
ORD69421,2024-08-01,Widget A,10,11.0,110.0,Maria Hussain
ORD69422,2024-12-25,Gadget X,8,700.0,5600.0,Omar Ahmed
ORD69425,2024-11-06,Widget B,8,2199.0,17592.0,Noor Chen
ORD69429,2024-08-21,Service Plan,4,49.99,199.96,Noor Khan
ORD69429,2024-11-10,Gadget X,3,7.0,21.0,Zain Lee
ORD69431,2024-10-29,Service Plan,4,49.99,199.96,Ali Ahmed
ORD69456,2024-11-20,Widget A,2,11.0,22.0,Ali Iqbal
ORD69470,2024-06-01,Gadget X,9,700.0,6300.0,Noor Lee
ORD69471,2024-07-01,Widget B,5,19.99,99.95,Omar Garcia
ORD69480,2024-12-04,Widget B,10,19.0,189.9,Ali Garcia
ORD69497,2024-06-01,Gadget Y,1,549.0,549.0,Fatima Reyes
ORD69503,2024-11-06,Widget B,7,17.0,119.0,Omar Garcia
ORD69505,2024-08-27,Gadget X,9,7.0,63.0,Noor Hussain
ORD69513,2024-08-05,Widget A,7,12.5,87.5,Maria Iqbal
ORD69518,2024-07-02,Service Plan,1,49.99,49.99,Ayesha Reyes
ORD69519,2024-10-27,Gadget X,1,700.0,700.0,Hassan Hussain
ORD69520,2024-07-16,Service Plan,2,54.99,109.98,Hassan Hussain
ORD69525,2024-06-14,Gadget Y,9,5.49,49.41,Maria Garcia
ORD69525,2024-11-02,Gadget Y,2,5.49,10.98,Ali Patel
ORD69543,2024-06-08,Gadget X,1,700.0,700.0,Ali Reyes
ORD69552,2024-10-06,Widget A,1,13.75,14.0,Noor Garcia
ORD69552,2024-12-11,Service Plan,9,54.99,494.9,Sara Hussain
ORD69574,2024-09-30,Widget A,2,12.5,25.0,Maria Patel
ORD69578,2024-11-17,Widget B,4,17.99,71.96,Sara Khan
ORD69582,2024-07-28,Gadget X,8,7.0,56.0,Sara Iqbal
ORD69582,2024-10-05,Widget A,6,11.25,67.5,Omar Lee
ORD69598,2024-08-23,Gadget X,7,700.0,4900.0,Ali Chen
ORD69604,2024-12-28,Service Plan,8,4999.0,39992.0,John Ahmed
ORD69619,2024-12-02,Widget A,5,1250.0,6250.0,John Lee
ORD69623,2024-05-06,Widget A,10,1125.0,11250.0,John Garcia
ORD69630,2024-11-26,Gadget X,7,6.3,44.1,Maria Reyes
ORD69640,2024-08-09,Gadget Y,1,6.04,6.04,Ayesha Ahmed
ORD69649,2024-07-29,Service Plan,3,49.0,147.0,Omar Iqbal
ORD69665,2024-12-12,Widget B,5,19.99,99.95,Fatima Garcia
ORD69680,2024-07-25,Gadget X,5,6.3,31.0,Fatima Patel
ORD69689,2024-07-27,Service Plan,7,49.99,349.93,Hassan Patel
ORD69689,2024-07-31,Widget B,8,21.0,168.0,Fatima Iqbal
ORD69699,2024-10-07,Widget A,9,12.0,108.0,Sara Garcia
ORD69720,2024-06-02,Gadget Y,9,5.49,49.41,Omar Patel
ORD69736,2024-08-27,Widget A,6,13.75,82.5,Ayesha Smith
ORD69741,2024-02-09,Service Plan,6,4999.0,29994.0,Omar Khan
ORD69742,2024-08-06,Gadget Y,3,6.04,18.0,Zain Ahmed
ORD69748,2024-06-27,Gadget Y,8,5.49,43.92,Hassan Hussain
ORD69757,2024-07-09,Widget B,7,1799.0,12593.0,Ayesha Patel
ORD69761,2024-06-20,Widget B,1,19.99,19.99,Hassan Lee
ORD69767,2024-09-25,Gadget X,6,7.7,46.2,Zain Hussain
ORD69773,2024-07-24,Widget B,9,19.99,179.91,Sara Patel
ORD69781,2024-12-22,Gadget X,8,7.0,56.0,Fatima Iqbal
ORD69787,2024-09-05,Gadget X,6,7.0,42.0,Sara Patel
ORD69787,2024-09-05,Gadget Y,5,604.0,3020.0,Hassan Chen
ORD69795,2024-08-01,Gadget X,6,7.0,42.0,Sara Smith
ORD69803,2024-08-24,Service Plan,10,49.99,499.9,Ali Lee
ORD69810,2024-07-04,Service Plan,3,49.99,149.97,John Iqbal
ORD69814,2024-11-29,Widget B,8,19.99,159.92,Fatima Iqbal
ORD69839,2024-08-25,Service Plan,9,44.99,404.92,Noor Iqbal
ORD69843,2024-11-20,Gadget Y,1,5.49,5.49,Ayesha Iqbal
ORD69844,2024-11-23,Gadget X,9,7.0,63.0,Zain Iqbal
ORD69845,2024-08-24,Gadget X,10,630.0,6300.0,Ali Chen
ORD69848,2024-12-15,Widget B,2,17.99,35.98,Omar Patel
ORD69852,2024-07-02,Service Plan,8,49.99,399.92,Ayesha Lee
ORD69860,2024-12-20,Gadget X,8,7.0,56.0,Ayesha Ahmed
ORD69870,2024-07-28,Gadget Y,7,5.0,35.0,Ali Iqbal
ORD69870,2024-11-11,Widget A,8,11.0,88.0,John Hussain
ORD69873,2024-10-23,Widget A,9,13.75,123.75,Ayesha Patel
ORD69881,2024-10-26,Widget A,6,11.25,67.5,Zain Hussain
ORD69890,2024-06-27,Gadget X,9,630.0,5670.0,Maria Khan
ORD69897,2024-06-05,Gadget Y,2,6.0,12.08,John Patel
ORD69914,2024-06-17,Widget A,8,11.25,90.0,John Iqbal
ORD69921,2024-11-23,Widget B,4,21.99,87.96,Ali Hussain
ORD69922,2024-11-15,Widget A,10,12.5,125.0,Fatima Ahmed
ORD69942,2024-12-15,Service Plan,8,5499.0,43992.0,Zain Ahmed
ORD69973,2024-07-12,Gadget Y,10,6.04,60.4,Ali Hussain
ORD69974,2024-07-07,Gadget X,3,700.0,2100.0,Fatima Garcia
ORD69974,2024-07-16,Gadget Y,4,5.49,21.96,Omar Iqbal
ORD69995,2024-11-12,Widget B,7,19.0,133.0,Fatima Chen
ORD69996,2024-12-10,Gadget Y,3,5.49,16.47,Ali Garcia
ORD70002,2024-09-01,Gadget X,5,770.0,3850.0,Maria Khan
ORD70015,2024-08-23,Widget B,1,19.0,19.0,Fatima Garcia
ORD70017,2024-07-28,Widget A,1,12.0,12.0,Hassan Smith
ORD70026,2024-05-08,Service Plan,10,49.0,490.0,Omar Chen
ORD70029,2024-10-13,Widget A,3,1250.0,3750.0,Ali Reyes
ORD70036,2024-08-21,Widget B,1,1799.0,1799.0,Noor Smith
ORD70041,2024-11-10,Widget B,5,1999.0,9995.0,Sara Smith
ORD70044,2024-07-24,Gadget X,7,7.0,49.0,Noor Reyes
ORD70044,2024-11-02,Gadget X,7,7.0,49.0,Hassan Lee
ORD70047,2024-06-03,Widget B,5,19.0,95.0,Noor Iqbal
ORD70050,2024-08-06,Gadget Y,7,6.0,42.27,Maria Garcia
ORD70073,2024-11-19,Widget A,4,1375.0,5500.0,Fatima Ahmed
ORD70076,2024-12-27,Widget A,2,13.75,27.5,Sara Hussain
ORD70077,2024-10-29,Gadget X,8,7.0,56.0,Maria Lee
ORD70085,2024-10-23,Gadget X,7,7.0,49.0,Omar Ahmed
ORD70087,2024-09-20,Widget B,2,1999.0,3998.0,John Hussain
ORD70091,2024-08-17,Gadget X,2,7.0,14.0,Fatima Ahmed
ORD70101,2024-08-12,Service Plan,1,54.0,54.0,Hassan Hussain
ORD70119,2024-12-15,Service Plan,7,44.99,314.94,Fatima Ahmed
ORD70120,2024-08-16,Widget B,2,1999.0,3998.0,Maria Lee
ORD70136,2024-08-07,Widget A,7,12.0,84.0,Sara Khan
ORD70140,2024-07-17,Gadget X,5,7.0,35.0,Fatima Iqbal
ORD70142,2024-11-22,Gadget Y,10,5.49,54.9,Ayesha Hussain
ORD70177,2024-06-12,Service Plan,3,54.99,164.97,Omar Khan
ORD70188,2024-10-12,Service Plan,4,49.99,199.96,Sara Ahmed
ORD70195,2024-12-30,Widget A,1,1375.0,1375.0,Hassan Iqbal
ORD70197,2024-10-06,Widget B,3,1999.0,5997.0,Maria Iqbal
ORD70206,2024-06-12,Widget B,10,17.0,170.0,Omar Patel
ORD70218,2024-10-10,Service Plan,9,49.0,441.0,Omar Lee
ORD70228,2024-11-15,Gadget Y,10,5.49,54.9,Maria Smith
ORD70235,2024-06-12,Widget A,3,11.25,33.75,Omar Lee
ORD70238,2024-06-05,Widget A,3,13.75,41.25,John Smith
ORD70241,2024-09-06,Service Plan,3,49.99,149.97,Omar Iqbal
ORD70244,2024-11-10,Gadget X,2,7.0,14.0,Ali Reyes
ORD70245,2024-12-12,Gadget X,4,7.0,28.0,Sara Hussain
ORD70258,2024-12-28,Service Plan,5,54.99,274.95,Zain Reyes
ORD70260,2024-09-21,Widget A,4,1125.0,4500.0,Fatima Garcia
ORD70269,2024-07-23,Widget B,9,19.99,179.91,Noor Chen
ORD70276,2024-06-05,Service Plan,1,54.99,54.0,Fatima Iqbal
ORD70279,2024-03-10,Gadget X,8,7.7,61.6,Sara Reyes
ORD70328,2024-06-24,Widget B,4,19.0,76.0,Omar Garcia
ORD70369,2024-08-18,Widget A,6,12.0,72.0,Omar Khan
ORD70372,2024-08-20,Widget B,5,19.99,99.95,Ali Patel
ORD70373,2024-06-02,Service Plan,9,49.99,449.91,Noor Garcia
ORD70378,2024-06-08,Gadget X,8,7.0,56.0,Maria Smith
ORD70393,2024-09-11,Gadget X,2,6.3,12.6,Ali Iqbal
ORD70397,2024-10-14,Widget A,9,12.0,108.0,Omar Reyes
ORD70402,2024-09-11,Widget B,2,19.99,39.98,Ali Iqbal
ORD70415,2024-07-24,Service Plan,4,5499.0,21996.0,John Smith
ORD70427,2024-09-29,Gadget X,5,7.0,35.0,Ayesha Garcia
ORD70450,2024-07-23,Widget B,3,19.0,57.0,Noor Ahmed
ORD70472,2024-07-28,Widget A,4,12.5,50.0,Omar Iqbal
ORD70473,2024-12-28,Gadget Y,8,5.49,43.92,Ali Ahmed
ORD70477,2024-05-10,Service Plan,9,54.99,494.0,Zain Reyes
ORD70482,2024-10-22,Widget B,8,19.99,159.92,Maria Patel
ORD70486,2024-06-23,Widget B,1,21.99,21.99,Noor Khan
ORD70490,2024-06-08,Gadget Y,2,5.49,10.98,Fatima Lee
ORD70494,2024-06-06,Gadget X,5,7.0,35.0,Ali Smith
ORD70505,2024-08-24,Gadget Y,2,6.04,12.08,Ali Hussain
ORD70506,2024-09-08,Service Plan,7,5499.0,38493.0,Noor Khan
ORD70510,2024-07-23,Service Plan,7,49.99,349.93,Maria Reyes
ORD70527,2024-11-18,Widget B,7,21.0,147.0,Ayesha Reyes
ORD70587,2024-07-11,Widget A,10,13.75,137.5,Noor Garcia
ORD70604,2024-06-19,Gadget Y,10,5.0,50.0,Zain Patel
ORD70610,2024-07-21,Gadget X,3,7.0,21.0,Maria Smith
ORD70619,2024-06-25,Gadget Y,2,5.49,10.98,Ali Reyes
ORD70626,2024-12-05,Gadget Y,4,5.49,21.96,John Lee
ORD70628,2024-06-11,Service Plan,6,54.0,324.0,Fatima Reyes
ORD70628,2024-09-12,Service Plan,8,4999.0,39992.0,Sara Chen
ORD70661,2024-12-24,Service Plan,8,4999.0,39992.0,Noor Reyes
ORD70676,2024-06-18,Service Plan,6,54.99,329.94,Ali Garcia
ORD70687,2024-12-25,Widget B,3,19.99,59.97,Ali Ahmed
ORD70689,2024-12-06,Gadget Y,4,5.49,21.96,Maria Garcia
ORD70690,2024-07-15,Widget B,5,21.99,109.95,Ayesha Iqbal
ORD70710,2024-08-28,Widget A,9,12.5,112.0,Hassan Smith
ORD70713,2024-12-07,Gadget Y,9,5.49,49.41,Fatima Patel
ORD70714,2024-06-10,Gadget X,10,6.3,63.0,Maria Iqbal
ORD70725,2024-09-04,Gadget Y,8,6.04,48.32,Zain Reyes
ORD70746,2024-06-22,Widget B,9,19.99,179.91,Maria Ahmed
ORD70747,2024-08-29,Gadget Y,5,5.49,27.45,Maria Garcia
ORD70762,2024-11-08,Service Plan,2,49.99,99.98,Omar Smith
ORD70773,2024-11-25,Widget B,10,2199.0,21990.0,Maria Khan
ORD70797,2024-07-02,Gadget X,7,7.0,49.0,Fatima Khan
ORD70806,2024-11-16,Widget B,9,17.0,153.82,Fatima Chen
ORD70810,2024-09-14,Gadget Y,1,549.0,549.0,John Iqbal
ORD70812,2024-07-09,Gadget Y,4,604.0,2416.0,Omar Lee
ORD70817,2024-11-10,Service Plan,5,49.99,249.0,Noor Patel
ORD70818,2024-10-31,Gadget X,4,630.0,2520.0,Zain Ahmed
ORD70841,2024-07-14,Widget B,2,21.0,42.0,Noor Patel
ORD70854,2024-11-19,Widget A,2,1125.0,2250.0,Noor Iqbal
ORD70855,2024-10-09,Gadget X,4,7.0,28.0,Ayesha Ahmed
ORD70862,2024-08-06,Gadget Y,4,5.49,21.96,John Patel
ORD70868,2024-05-10,Widget B,1,17.99,17.99,Hassan Chen
ORD70892,2024-09-08,Service Plan,1,49.99,49.99,Maria Khan
ORD70903,2024-08-11,Gadget X,10,7.0,70.0,Sara Patel
ORD70903,2024-08-12,Gadget X,8,770.0,6160.0,Ayesha Hussain
ORD70909,2024-06-08,Service Plan,2,54.99,109.98,Ali Hussain
ORD70918,2024-06-09,Service Plan,10,49.0,490.0,Sara Lee
ORD70924,2024-11-20,Widget A,2,12.5,25.0,Ayesha Smith
ORD70926,2024-09-02,Gadget X,10,6.3,63.0,Ali Ahmed
ORD70929,2024-06-28,Widget A,3,12.0,36.0,Sara Hussain
ORD70952,2024-09-05,Widget B,10,19.99,199.9,Sara Reyes
ORD70954,2024-07-12,Service Plan,1,4999.0,4999.0,Ali Hussain
ORD70955,2024-06-13,Service Plan,9,49.99,449.0,Ayesha Hussain
ORD70960,2024-07-17,Gadget Y,1,5.49,5.49,John Patel
ORD70972,2024-11-30,Gadget X,9,7.0,63.0,John Lee
ORD70974,2024-10-18,Service Plan,8,4999.0,39992.0,Ayesha Patel
ORD71002,2024-09-09,Widget A,5,12.0,60.0,Hassan Smith
ORD71007,2024-03-08,Service Plan,3,49.99,149.97,Hassan Chen
ORD71015,2024-12-23,Widget A,4,11.25,45.0,Hassan Smith
ORD71016,2024-07-09,Gadget X,2,6.3,12.6,Ali Lee
ORD71039,2024-12-28,Widget A,5,1250.0,6250.0,Omar Lee
ORD71081,2024-11-21,Widget A,3,12.5,37.0,Omar Ahmed
ORD71089,2024-12-15,Gadget X,7,7.0,49.0,Ayesha Reyes
ORD71105,2024-12-12,Service Plan,7,49.99,349.93,Fatima Patel
ORD71114,2024-08-19,Gadget X,4,7.7,30.8,Ayesha Smith
ORD71118,2024-10-02,Gadget X,8,7.0,56.0,Hassan Lee
ORD71124,2024-06-11,Gadget Y,3,5.49,16.47,Omar Smith
ORD71125,2024-08-05,Service Plan,8,4499.0,35993.0,Hassan Hussain
ORD71133,2024-09-11,Widget B,10,19.99,199.9,Noor Ahmed
ORD71146,2024-03-06,Service Plan,4,49.99,199.96,Sara Smith
ORD71148,2024-11-20,Widget B,9,17.99,161.91,Hassan Khan
ORD71150,2024-11-21,Gadget Y,4,5.49,21.96,Omar Chen
ORD71174,2024-07-09,Gadget Y,6,5.0,30.0,Noor Iqbal
ORD71177,2024-10-04,Service Plan,2,49.99,99.98,Ayesha Garcia
ORD71180,2024-11-23,Gadget X,8,7.0,56.0,Noor Garcia
ORD71185,2024-09-10,Gadget X,7,630.0,4410.0,John Khan
ORD71186,2024-12-10,Widget A,7,13.75,96.25,Sara Iqbal
ORD71190,2024-12-14,Widget A,1,12.0,12.0,Maria Garcia
ORD71195,2024-09-21,Widget A,2,12.5,25.0,Fatima Smith
ORD71218,2024-01-12,Widget B,4,19.99,79.96,John Patel
ORD71229,2024-07-05,Service Plan,4,49.0,196.0,Omar Chen
ORD71234,2024-07-03,Widget A,1,12.5,12.5,John Chen
ORD71250,2024-06-19,Service Plan,7,49.99,349.0,Sara Smith
ORD71252,2024-10-23,Gadget X,5,7.0,35.0,Ali Ahmed
ORD71254,2024-12-08,Widget B,3,19.99,59.97,John Hussain
ORD71257,2024-10-21,Widget B,9,1999.0,17991.0,Fatima Patel
ORD71268,2024-09-23,Widget B,8,1999.0,15992.0,Ali Lee
ORD71279,2024-09-09,Gadget Y,2,5.0,10.0,Ali Khan
ORD71279,2024-11-10,Widget A,9,12.5,112.5,John Ahmed
ORD71279,2024-12-23,Widget A,4,11.25,45.0,Noor Ahmed
ORD71285,2024-08-09,Widget B,9,19.0,171.0,Omar Hussain
ORD71290,2024-07-15,Widget B,9,21.99,197.9,Noor Hussain
ORD71290,2024-10-25,Gadget Y,3,549.0,1647.0,Sara Chen
ORD71294,2024-12-15,Gadget X,10,7.0,70.0,Zain Lee
ORD71305,2024-06-02,Widget A,4,12.5,50.0,Ali Garcia
ORD71321,2024-11-02,Gadget X,8,7.7,61.6,Hassan Patel
ORD71324,2024-10-01,Widget B,8,21.99,175.92,Noor Khan
ORD71340,2024-07-31,Gadget X,1,7.0,7.0,Fatima Lee
ORD71347,2024-10-29,Widget A,10,13.75,137.5,Noor Ahmed
ORD71350,2024-01-09,Gadget X,7,7.0,49.0,Sara Chen
ORD71354,2024-08-19,Widget B,8,19.0,152.0,Maria Reyes
ORD71356,2024-08-24,Gadget X,4,7.7,30.8,Noor Khan
ORD71367,2024-10-16,Gadget Y,3,549.0,1647.0,Ayesha Khan
ORD71370,2024-09-22,Widget A,1,12.5,12.5,Maria Hussain
ORD71377,2024-06-25,Gadget Y,5,6.04,30.2,John Hussain
ORD71377,2024-08-15,Widget B,6,2199.0,13194.0,Omar Chen
ORD71377,2024-09-18,Service Plan,8,49.0,399.0,Noor Reyes
ORD71391,2024-08-30,Gadget Y,8,6.04,48.31,Omar Ahmed
ORD71396,2024-10-24,Gadget X,4,7.0,28.0,Omar Iqbal
ORD71397,2024-11-19,Gadget Y,2,4.94,9.88,Fatima Khan
ORD71399,2024-12-14,Gadget Y,7,549.0,3843.0,Noor Garcia
ORD71400,2024-09-21,Widget A,2,13.75,27.0,Hassan Reyes
ORD71409,2024-12-30,Widget B,1,2199.0,2199.0,John Hussain
ORD71431,2024-12-24,Widget A,2,12.5,25.0,John Hussain
ORD71437,2024-08-06,Gadget Y,10,549.0,5490.0,Fatima Garcia
ORD71438,2024-12-27,Gadget Y,1,604.0,604.0,Fatima Garcia
ORD71441,2024-11-21,Widget B,6,19.99,119.94,Hassan Chen
ORD71441,2024-11-30,Gadget X,3,7.7,23.1,Omar Khan
ORD71456,2024-06-11,Service Plan,7,5499.0,38493.0,Maria Hussain
ORD71463,2024-08-06,Service Plan,9,4499.0,40491.0,Zain Garcia
ORD71465,2024-11-19,Widget A,10,13.0,130.0,Noor Khan
ORD71474,2024-06-30,Service Plan,8,4999.0,39992.0,Maria Khan
ORD71482,2024-08-25,Gadget X,8,6.3,50.4,Noor Khan
ORD71485,2024-11-20,Widget A,4,13.75,55.0,Noor Khan
ORD71489,2024-10-29,Gadget X,8,7.0,56.0,Ali Garcia
ORD71491,2024-09-25,Widget A,2,11.25,22.5,Zain Iqbal
ORD71499,2024-10-20,Widget A,5,12.5,62.5,Fatima Chen
ORD71511,2024-07-06,Gadget X,8,7.0,56.0,Maria Khan
ORD71517,2024-07-14,Gadget Y,5,6.0,30.0,Ali Hussain
ORD71523,2024-06-21,Gadget X,10,630.0,6300.0,Fatima Chen
ORD71524,2024-10-01,Gadget Y,6,5.0,30.0,Omar Reyes
ORD71528,2024-11-20,Widget B,8,19.99,159.92,Sara Lee
ORD71532,2024-10-05,Gadget Y,9,5.49,49.41,John Patel
ORD71536,2024-09-24,Widget B,5,17.0,85.0,Fatima Hussain
ORD71537,2024-12-12,Gadget X,4,7.0,28.0,Ali Garcia
ORD71551,2024-10-21,Gadget Y,2,4.94,9.88,Zain Lee
ORD71557,2024-09-11,Service Plan,2,49.99,99.98,Fatima Khan
ORD71567,2024-11-28,Gadget Y,8,5.0,40.0,Fatima Ahmed
ORD71572,2024-06-08,Widget B,2,19.99,39.98,Sara Chen
ORD71575,2024-09-22,Service Plan,7,49.99,349.93,Maria Reyes
ORD71592,2024-10-09,Gadget Y,7,4.94,34.59,Hassan Reyes
ORD71596,2024-09-18,Service Plan,10,4499.0,44991.0,John Lee
ORD71602,2024-07-22,Gadget Y,3,4.94,14.82,Omar Ahmed
ORD71619,2024-09-06,Gadget Y,1,549.0,549.0,Omar Hussain
ORD71622,2024-11-15,Gadget X,9,7.7,69.3,Hassan Chen
ORD71628,2024-07-25,Gadget Y,7,4.0,28.0,Omar Reyes
ORD71645,2024-10-08,Gadget Y,1,549.0,549.0,Zain Iqbal
ORD71647,2024-06-06,Service Plan,10,4999.0,49990.0,Maria Patel
ORD71660,2024-09-14,Gadget X,2,6.3,12.6,Sara Reyes
ORD71662,2024-07-13,Widget A,7,1125.0,7875.0,Zain Patel
ORD71665,2024-10-13,Service Plan,6,49.0,294.0,Ali Lee
ORD71666,2024-11-22,Gadget X,10,6.0,60.0,Noor Lee
ORD71667,2024-11-26,Gadget X,2,7.0,14.0,Noor Chen
ORD71685,2024-07-10,Widget B,4,19.99,79.96,Ali Lee
ORD71710,2024-06-20,Gadget Y,10,494.0,4940.0,Omar Lee
ORD71720,2024-07-01,Service Plan,7,49.99,349.93,Maria Hussain
ORD71730,2024-08-17,Gadget Y,4,4.0,16.0,Sara Chen
ORD71730,2024-08-29,Gadget X,9,7.0,63.0,Omar Smith
ORD71740,2024-12-03,Service Plan,4,44.99,179.96,Ayesha Iqbal
ORD71751,2024-06-30,Gadget X,9,630.0,5670.0,Hassan Khan
ORD71760,2024-12-19,Gadget Y,9,549.0,4941.0,Hassan Hussain
ORD71762,2024-12-01,Gadget X,2,7.0,14.0,John Patel
ORD71768,2024-11-26,Widget A,4,12.0,48.0,Zain Chen
ORD71778,2024-09-05,Service Plan,4,44.99,179.96,Sara Lee
ORD71782,2024-05-06,Gadget X,6,7.0,42.0,Hassan Smith
ORD71794,2024-06-21,Gadget Y,8,5.0,40.0,John Garcia
ORD71794,2024-09-03,Service Plan,8,44.0,352.0,Zain Lee
ORD71799,2024-11-14,Widget A,4,11.25,45.0,John Patel
ORD71804,2024-08-14,Widget A,4,12.5,50.0,Omar Patel
ORD71805,2024-12-29,Widget A,1,11.25,11.25,Ali Lee
ORD71806,2024-11-16,Service Plan,8,44.99,359.93,Ali Patel
ORD71814,2024-12-20,Gadget Y,10,5.0,50.0,Zain Iqbal
ORD71819,2024-06-24,Gadget X,1,7.0,7.0,Maria Garcia
ORD71838,2024-12-15,Widget B,8,1999.0,15992.0,John Iqbal
ORD71854,2024-11-23,Widget A,6,12.5,75.0,Hassan Reyes
ORD71860,2024-07-07,Gadget X,9,7.0,63.0,Maria Khan
ORD71863,2024-07-13,Widget B,9,17.99,161.92,Sara Khan
ORD71865,2024-10-24,Widget A,5,13.0,65.0,John Lee
ORD71876,2024-09-26,Widget A,1,11.0,11.0,Omar Hussain
ORD71878,2024-08-09,Gadget Y,8,4.0,32.0,Zain Smith
ORD71887,2024-06-06,Gadget Y,5,5.49,27.45,Zain Smith
ORD71909,2024-11-08,Widget A,5,12.5,62.5,Omar Hussain
ORD71918,2024-08-16,Widget B,3,19.99,59.97,Maria Reyes
ORD71919,2024-09-29,Gadget X,6,7.7,46.0,Maria Smith
ORD71928,2024-08-26,Gadget X,1,700.0,700.0,Sara Chen
ORD71946,2024-10-20,Gadget Y,2,4.94,9.88,John Khan
ORD71947,2024-12-23,Widget B,9,1999.0,17991.0,Hassan Lee
ORD71958,2024-07-29,Gadget Y,8,4.94,39.53,Noor Iqbal
ORD71964,2024-08-09,Service Plan,7,49.99,349.93,Ayesha Iqbal
ORD71965,2024-09-02,Service Plan,8,4999.0,39992.0,Noor Chen
ORD71976,2024-09-26,Widget B,4,1999.0,7996.0,Fatima Ahmed
ORD71985,2024-10-31,Service Plan,9,49.99,449.91,Noor Hussain
ORD71988,2024-09-30,Gadget X,3,7.0,21.0,John Lee
ORD72002,2024-12-21,Gadget Y,7,4.94,34.58,Hassan Iqbal
ORD72012,2024-07-31,Widget A,8,12.5,100.0,Noor Reyes
ORD72042,2024-06-30,Service Plan,6,49.99,299.94,Ayesha Chen
ORD72042,2024-11-05,Gadget Y,3,604.0,1812.0,John Lee
ORD72052,2024-07-09,Gadget X,4,7.0,28.0,Maria Reyes
ORD72059,2024-06-15,Service Plan,6,44.0,264.0,Noor Hussain
ORD72071,2024-06-30,Gadget X,7,7.7,53.0,Hassan Hussain
ORD72072,2024-12-08,Widget A,9,12.0,108.0,Ayesha Lee
ORD72076,2024-11-12,Widget A,1,12.5,12.5,Ali Iqbal
ORD72085,2024-12-21,Gadget Y,8,549.0,4392.0,Ayesha Iqbal
ORD72086,2024-11-24,Widget B,6,19.99,119.94,Fatima Iqbal
ORD72094,2024-11-10,Gadget Y,3,494.0,1482.0,Hassan Iqbal
ORD72095,2024-06-16,Widget A,6,12.0,72.0,Maria Reyes
ORD72110,2024-12-08,Gadget Y,9,494.0,4446.0,Omar Patel
ORD72125,2024-12-04,Gadget X,9,700.0,6300.0,Hassan Garcia
ORD72126,2024-07-04,Gadget Y,1,6.04,6.04,Omar Reyes
ORD72132,2024-07-29,Widget B,8,2199.0,17592.0,Sara Lee
ORD72142,2024-10-19,Gadget Y,4,5.0,20.0,Zain Smith
ORD72154,2024-12-12,Widget B,9,19.99,179.91,Maria Hussain
ORD72180,2024-11-27,Widget B,4,19.99,79.96,Hassan Iqbal
ORD72180,2024-12-22,Widget A,1,13.75,13.75,Maria Lee
ORD72181,2024-05-07,Widget B,10,19.0,190.0,Hassan Ahmed
ORD72185,2024-07-30,Service Plan,10,4499.0,44991.0,Ayesha Iqbal
ORD72189,2024-11-17,Gadget X,6,7.0,42.0,Fatima Iqbal
ORD72195,2024-12-30,Gadget Y,8,4.94,39.52,John Khan
ORD72210,2024-07-20,Gadget Y,2,604.0,1208.0,Noor Patel
ORD72217,2024-10-29,Service Plan,2,54.99,109.98,Fatima Khan
ORD72220,2024-10-19,Service Plan,3,49.99,149.97,John Iqbal
ORD72226,2024-12-15,Gadget Y,6,5.0,30.0,Maria Reyes
ORD72233,2024-06-28,Gadget X,1,7.0,7.0,Fatima Chen
ORD72234,2024-09-11,Widget B,4,17.99,71.96,John Lee
ORD72239,2024-12-24,Widget A,8,13.0,104.0,Fatima Chen
ORD72264,2024-07-17,Gadget Y,1,5.49,5.49,Hassan Ahmed
ORD72268,2024-12-30,Service Plan,2,49.99,99.98,Fatima Smith
ORD72287,2024-07-21,Widget A,5,11.25,56.25,Fatima Garcia
ORD72288,2024-11-19,Gadget Y,1,604.0,604.0,Ali Smith
ORD72308,2024-10-26,Gadget X,2,6.3,12.6,Zain Hussain
ORD72312,2024-08-21,Widget A,9,12.0,108.0,Noor Reyes
ORD72319,2024-06-23,Widget B,6,17.0,102.0,John Ahmed
ORD72333,2024-10-11,Gadget X,7,7.0,49.0,Hassan Ahmed
ORD72334,2024-10-18,Gadget Y,5,4.94,24.7,Ali Iqbal
ORD72352,2024-07-04,Service Plan,2,49.99,99.98,Ayesha Iqbal
ORD72352,2024-10-15,Gadget X,6,7.0,42.0,Zain Patel
ORD72363,2024-02-11,Gadget X,1,700.0,700.0,Ali Khan
ORD72369,2024-09-23,Gadget X,5,7.7,38.5,John Reyes
ORD72387,2024-11-21,Widget A,6,12.5,75.0,Ayesha Khan
ORD72394,2024-12-10,Gadget X,7,7.0,49.0,Ali Lee
ORD72400,2024-12-15,Gadget X,9,6.3,56.7,Ali Patel
ORD72406,2024-11-16,Widget A,7,12.5,87.5,Ali Smith
ORD72410,2024-09-28,Service Plan,5,44.99,224.0,Noor Iqbal
ORD72411,2024-10-01,Gadget X,5,700.0,3500.0,Omar Ahmed
ORD72414,2024-12-19,Gadget X,9,7.0,63.0,Noor Lee
ORD72471,2024-07-10,Gadget X,2,7.0,14.0,Hassan Chen
ORD72472,2024-07-09,Gadget Y,2,4.94,9.88,Omar Chen
ORD72473,2024-11-18,Gadget X,6,7.0,42.0,Hassan Reyes
ORD72476,2024-11-14,Gadget Y,5,5.49,27.45,Ayesha Chen
ORD72482,2024-09-13,Widget B,2,21.99,43.98,Fatima Chen
ORD72491,2024-07-12,Widget A,1,1250.0,1250.0,Hassan Smith
ORD72510,2024-12-16,Service Plan,2,49.99,99.98,Ayesha Reyes
ORD72515,2024-10-25,Service Plan,9,49.0,441.0,Hassan Ahmed
ORD72524,2024-12-29,Widget A,4,12.0,48.0,Maria Khan
ORD72525,2024-12-03,Widget B,10,17.99,179.9,Sara Lee
ORD72529,2024-08-12,Service Plan,10,5499.0,54990.0,Sara Reyes
ORD72544,2024-09-13,Gadget X,2,770.0,1540.0,Omar Patel
ORD72545,2024-10-18,Widget A,5,12.5,62.5,Ali Reyes
ORD72560,2024-06-19,Service Plan,7,49.99,349.93,Noor Ahmed
ORD72566,2024-07-11,Gadget X,2,7.7,15.4,Fatima Lee
ORD72579,2024-04-09,Widget B,4,19.0,76.0,Hassan Patel
ORD72583,2024-12-13,Widget A,5,12.5,62.5,John Patel
ORD72611,2024-07-29,Gadget X,8,6.3,50.4,Noor Chen
ORD72634,2024-07-29,Widget B,8,21.99,175.91,Sara Hussain
ORD72652,2024-11-21,Widget A,8,1375.0,11000.0,John Chen
ORD72654,2024-08-18,Widget B,5,21.0,105.0,Hassan Reyes
ORD72669,2024-10-07,Widget A,6,12.5,75.0,Fatima Khan
ORD72671,2024-06-07,Gadget X,2,6.3,12.6,Maria Lee
ORD72681,2024-11-25,Widget B,2,21.99,43.98,John Smith
ORD72698,2024-10-16,Service Plan,4,4999.0,19996.0,Sara Patel
ORD72699,2024-12-02,Service Plan,5,5499.0,27495.0,Ayesha Reyes
ORD72709,2024-12-26,Widget A,2,11.25,22.5,Hassan Iqbal
ORD72717,2024-06-10,Widget B,6,1999.0,11994.0,Zain Patel
ORD72717,2024-12-06,Service Plan,4,49.99,199.96,Ali Ahmed
ORD72730,2024-08-03,Gadget X,9,7.0,63.0,Sara Patel
ORD72737,2024-06-10,Widget A,10,12.5,125.0,Omar Lee
ORD72747,2024-08-27,Widget B,7,19.99,139.93,Maria Smith
ORD72748,2024-07-25,Widget A,3,13.75,41.25,Zain Smith
ORD72755,2024-10-15,Service Plan,4,4499.0,17996.0,John Smith
ORD72759,2024-06-28,Widget A,4,12.5,50.0,Ayesha Iqbal
ORD72761,2024-07-13,Widget A,5,11.25,56.25,Ali Garcia
ORD72774,2024-06-13,Gadget Y,3,6.0,18.12,Zain Ahmed
ORD72777,2024-08-29,Gadget X,9,7.0,63.0,Hassan Garcia
ORD72797,2024-09-30,Widget A,3,1375.0,4125.0,Ali Chen
ORD72799,2024-07-03,Service Plan,3,44.99,134.97,Ayesha Reyes
ORD72808,2024-09-22,Gadget Y,3,4.94,14.82,Ayesha Iqbal
ORD72809,2024-06-07,Gadget X,7,7.0,49.0,Ali Lee
ORD72809,2024-12-17,Gadget Y,2,4.0,8.0,Omar Ahmed
ORD72819,2024-09-24,Widget B,10,2199.0,21990.0,Ayesha Iqbal
ORD72825,2024-08-18,Gadget Y,6,549.0,3294.0,Ali Hussain
ORD72828,2024-09-11,Widget B,7,17.99,125.94,Ayesha Lee
ORD72831,2024-07-24,Widget A,9,1375.0,12375.0,Ayesha Smith
ORD72833,2024-08-11,Gadget X,3,7.0,21.0,Fatima Patel
ORD72835,2024-07-24,Gadget X,5,7.0,35.0,Ayesha Patel
ORD72840,2024-01-12,Widget A,10,1250.0,12500.0,Sara Lee
ORD72850,2024-07-16,Gadget Y,10,549.0,5490.0,Ali Hussain
ORD72850,2024-09-05,Gadget X,8,6.3,50.4,Zain Garcia
ORD72850,2024-10-26,Widget B,3,21.99,65.97,Maria Khan
ORD72858,2024-08-15,Widget A,2,11.25,22.5,Hassan Khan
ORD72862,2024-11-09,Widget A,4,11.0,44.0,Maria Patel
ORD72872,2024-12-02,Service Plan,8,49.0,392.0,Noor Iqbal
ORD72876,2024-11-24,Widget B,10,1799.0,17991.0,Fatima Iqbal
ORD72885,2024-09-19,Gadget X,4,700.0,2800.0,Hassan Patel
ORD72888,2024-08-29,Service Plan,5,4999.0,24995.0,John Khan
ORD72891,2024-11-21,Gadget X,6,7.0,42.0,Zain Smith
ORD72895,2024-12-02,Widget A,2,11.25,22.5,Omar Hussain
ORD72918,2024-10-24,Widget B,8,19.99,159.92,Ayesha Hussain
ORD72922,2024-04-07,Service Plan,7,49.99,349.0,John Iqbal
ORD72926,2024-01-06,Gadget X,7,630.0,4410.0,Ali Ahmed
ORD72926,2024-08-07,Widget A,4,11.25,45.0,Ali Reyes
ORD72929,2024-07-02,Service Plan,6,4999.0,29994.0,Maria Khan
ORD72933,2024-08-21,Widget B,4,19.99,79.96,Sara Khan
ORD72940,2024-11-10,Gadget X,1,7.0,7.0,Ayesha Khan
ORD72970,2024-08-02,Widget A,5,12.5,62.5,Ayesha Iqbal
ORD72970,2024-12-25,Service Plan,2,44.99,89.98,Zain Iqbal
ORD72976,2024-10-31,Service Plan,5,49.0,245.0,Fatima Lee
ORD72984,2024-10-18,Gadget Y,3,6.04,18.12,Fatima Iqbal
ORD72985,2024-10-14,Gadget Y,4,549.0,2196.0,Fatima Reyes
ORD72988,2024-11-25,Gadget X,3,7.0,21.0,Ayesha Hussain
ORD73000,2024-06-09,Gadget X,7,7.0,49.0,Omar Khan
ORD73020,2024-08-07,Service Plan,1,54.0,54.99,Zain Hussain
ORD73034,2024-10-20,Widget A,10,12.5,125.0,Maria Khan
ORD73040,2024-06-22,Gadget Y,1,5.49,5.49,John Garcia
ORD73053,2024-06-22,Gadget X,8,7.0,56.0,Hassan Ahmed
ORD73083,2024-11-25,Gadget Y,10,5.0,50.0,Zain Reyes
ORD73107,2024-07-18,Widget A,6,12.5,75.0,Zain Reyes
ORD73108,2024-10-14,Gadget Y,10,5.49,54.9,John Iqbal
ORD73109,2024-06-28,Widget A,3,1250.0,3750.0,Ali Patel
ORD73125,2024-08-18,Service Plan,6,44.99,269.95,John Hussain
ORD73126,2024-06-26,Gadget X,3,7.7,23.1,Sara Smith
ORD73133,2024-08-31,Gadget X,3,6.3,18.9,Ayesha Garcia
ORD73134,2024-12-31,Gadget Y,7,4.94,34.58,Ali Reyes
ORD73135,2024-09-05,Service Plan,3,44.99,134.97,Noor Reyes
ORD73143,2024-11-18,Gadget X,5,7.0,35.0,Fatima Smith
ORD73147,2024-02-12,Service Plan,5,54.99,274.95,Fatima Smith
ORD73155,2024-09-17,Widget A,3,13.75,41.25,Omar Garcia
ORD73157,2024-09-05,Widget B,4,1999.0,7996.0,John Garcia
ORD73169,2024-11-02,Gadget Y,2,6.0,12.0,Zain Garcia
ORD73179,2024-11-27,Widget B,1,19.99,19.99,Ayesha Smith
ORD73180,2024-11-16,Widget B,5,17.99,89.95,John Ahmed
ORD73185,2024-07-02,Service Plan,9,49.0,441.0,Maria Chen
ORD73201,2024-07-28,Widget B,2,21.99,43.98,Fatima Lee
ORD73213,2024-07-14,Service Plan,2,49.99,99.0,Maria Chen
ORD73222,2024-11-02,Service Plan,8,44.0,352.0,Ali Iqbal
ORD73225,2024-09-07,Widget A,6,12.0,72.0,Noor Hussain
ORD73253,2024-08-10,Gadget Y,9,5.49,49.41,Ali Khan
ORD73254,2024-08-08,Widget B,5,19.99,99.95,Maria Khan
ORD73255,2024-12-19,Widget A,3,1250.0,3750.0,Maria Garcia
ORD73261,2024-12-17,Widget A,5,11.25,56.25,Zain Garcia
ORD73271,2024-09-19,Widget B,10,19.99,199.9,Ali Patel
ORD73280,2024-12-20,Service Plan,7,44.99,314.93,Sara Smith
ORD73288,2024-08-14,Service Plan,8,54.99,439.92,Maria Lee
ORD73313,2024-11-13,Gadget Y,4,5.49,21.96,Hassan Smith
ORD73319,2024-10-24,Gadget X,10,7.0,70.0,Ali Garcia
ORD73331,2024-09-15,Widget B,8,19.0,152.0,Zain Chen
ORD73334,2024-09-05,Gadget Y,8,5.49,43.92,Ali Khan
ORD73358,2024-10-18,Gadget Y,10,6.04,60.0,John Smith
ORD73361,2024-06-28,Widget B,4,19.99,79.0,Maria Patel
ORD73363,2024-12-16,Service Plan,2,49.99,99.0,Maria Hussain
ORD73366,2024-11-07,Service Plan,1,49.99,49.99,John Patel
ORD73374,2024-08-03,Gadget Y,3,5.0,15.0,Fatima Smith
ORD73382,2024-11-06,Gadget X,10,7.0,70.0,Maria Iqbal
ORD73407,2024-07-19,Widget A,1,11.25,11.25,John Garcia
ORD73426,2024-07-08,Gadget X,9,630.0,5670.0,John Lee
ORD73438,2024-12-16,Gadget Y,7,4.94,34.58,Ali Lee
ORD73444,2024-06-30,Widget A,6,12.0,72.0,Maria Patel
ORD73452,2024-11-04,Gadget Y,5,6.04,30.2,Ayesha Ahmed
ORD73459,2024-02-11,Widget B,8,21.99,175.0,Noor Smith
ORD73473,2024-12-26,Widget B,6,1799.0,10794.0,Omar Reyes
ORD73498,2024-12-15,Widget B,8,19.99,159.92,Maria Iqbal
ORD73527,2024-09-10,Gadget Y,1,549.0,549.0,Noor Reyes
ORD73531,2024-08-21,Service Plan,9,54.99,494.9,Maria Iqbal
ORD73545,2024-12-08,Gadget X,3,7.0,21.0,Omar Lee
ORD73557,2024-07-22,Gadget Y,3,5.0,15.0,Zain Lee
ORD73598,2024-10-30,Widget B,8,19.99,159.92,Zain Chen
ORD73602,2024-11-13,Widget B,9,21.99,197.91,Ayesha Lee
ORD73604,2024-10-25,Widget A,6,1375.0,8250.0,John Ahmed
ORD73613,2024-07-28,Widget B,7,21.99,153.92,Fatima Reyes
ORD73618,2024-06-30,Widget A,9,12.0,108.0,Sara Chen
ORD73618,2024-08-15,Widget B,10,1999.0,19990.0,Zain Smith
ORD73629,2024-11-24,Widget A,10,1250.0,12500.0,Ayesha Smith
ORD73636,2024-12-04,Widget B,6,19.99,119.94,Zain Lee
ORD73641,2024-08-26,Gadget Y,3,4.94,14.82,Omar Patel
ORD73644,2024-11-19,Gadget X,4,6.3,25.2,Sara Lee
ORD73681,2024-12-18,Widget A,3,11.0,33.0,Zain Khan
ORD73685,2024-06-15,Gadget X,2,6.0,12.0,Maria Ahmed
ORD73706,2024-06-24,Gadget Y,10,494.0,4940.0,Ayesha Patel
ORD73717,2024-12-12,Gadget X,5,6.3,31.5,John Hussain
ORD73729,2024-11-29,Widget A,8,12.5,100.0,Zain Patel
ORD73730,2024-10-28,Widget B,6,19.0,113.94,Maria Garcia
ORD73738,2024-07-07,Gadget Y,5,5.0,25.0,Ayesha Smith
ORD73764,2024-10-31,Gadget Y,5,5.49,27.45,Zain Iqbal
ORD73772,2024-06-29,Widget A,5,13.75,68.75,Maria Reyes
ORD73788,2024-08-07,Service Plan,1,49.99,49.99,Maria Patel
ORD73791,2024-07-10,Widget B,10,17.99,179.9,John Lee
ORD73792,2024-11-16,Gadget Y,3,5.49,16.47,Hassan Reyes
ORD73806,2024-09-06,Gadget X,7,7.0,49.0,Fatima Garcia
ORD73812,2024-10-24,Widget A,2,12.5,25.0,Zain Chen
ORD73812,2024-12-25,Gadget Y,5,5.49,27.45,Zain Iqbal
ORD73827,2024-08-20,Gadget Y,5,6.0,30.0,Hassan Khan
ORD73833,2024-10-25,Gadget X,10,700.0,7000.0,Maria Garcia
ORD73854,2024-08-20,Gadget Y,6,5.49,32.94,Fatima Lee
ORD73871,2024-12-12,Gadget X,4,6.0,24.0,Omar Khan
ORD73874,2024-06-10,Service Plan,10,54.99,549.0,John Iqbal
ORD73874,2024-10-29,Service Plan,3,4999.0,14997.0,Fatima Hussain
ORD73886,2024-09-01,Widget A,4,11.25,45.0,Ayesha Khan
ORD73895,2024-09-07,Gadget X,3,6.3,18.9,Ali Lee
ORD73907,2024-10-31,Widget A,5,11.25,56.25,Ayesha Khan
ORD73915,2024-07-14,Widget B,1,19.99,19.99,Fatima Ahmed
ORD73917,2024-09-12,Widget A,1,12.5,12.5,Ali Lee
ORD73919,2024-08-19,Gadget X,2,7.0,14.0,Sara Reyes
ORD73919,2024-10-04,Widget B,6,1799.0,10794.0,Maria Lee
ORD73927,2024-11-15,Service Plan,1,54.99,54.99,Fatima Hussain
ORD73941,2024-09-19,Gadget Y,7,4.94,34.0,Omar Lee
ORD73957,2024-12-03,Service Plan,9,49.99,449.91,Maria Hussain
ORD73977,2024-10-15,Gadget Y,9,4.94,44.0,John Hussain
ORD74000,2024-10-05,Service Plan,9,44.0,396.0,Zain Iqbal
ORD74005,2024-09-01,Service Plan,7,49.99,349.93,Ayesha Patel
ORD74007,2024-11-12,Service Plan,2,49.0,98.0,Omar Hussain
ORD74019,2024-07-26,Service Plan,9,4999.0,44991.0,Fatima Garcia
ORD74031,2024-07-18,Widget B,10,2199.0,21990.0,Ali Hussain
ORD74034,2024-10-24,Service Plan,9,4999.0,44991.0,Omar Chen
ORD74035,2024-08-07,Widget B,6,17.99,107.94,Maria Chen
ORD74037,2024-08-26,Widget B,9,1799.0,16191.0,Fatima Patel
ORD74060,2024-09-09,Widget A,1,11.0,11.0,Ali Khan
ORD74064,2024-08-10,Gadget X,9,7.0,63.0,Hassan Chen
ORD74076,2024-09-11,Gadget Y,7,494.0,3459.0,Zain Iqbal
ORD74076,2024-10-27,Gadget X,6,700.0,4200.0,Sara Ahmed
ORD74078,2024-06-07,Service Plan,6,49.99,299.94,Noor Hussain
ORD74079,2024-12-11,Gadget X,4,7.0,28.0,Hassan Iqbal
ORD74082,2024-11-21,Gadget Y,3,5.0,15.0,Sara Ahmed
ORD74089,2024-11-15,Widget B,1,19.99,19.99,John Chen
ORD74097,2024-08-11,Widget B,7,19.0,133.0,Ali Chen
ORD74101,2024-06-14,Gadget X,2,7.7,15.4,Zain Reyes
ORD74107,2024-08-13,Gadget Y,3,549.0,1647.0,Zain Smith
ORD74107,2024-12-30,Widget A,3,12.5,37.5,Ali Khan
ORD74109,2024-06-15,Widget B,2,19.0,38.0,Hassan Chen
ORD74122,2024-11-12,Service Plan,4,49.0,196.0,Noor Smith
ORD74125,2024-07-22,Widget A,4,1250.0,5000.0,Ayesha Hussain
ORD74130,2024-09-02,Service Plan,7,49.99,349.0,Noor Reyes
ORD74136,2024-08-03,Gadget Y,8,5.49,43.92,John Khan
ORD74141,2024-10-23,Service Plan,1,4499.0,4499.0,John Iqbal
ORD74142,2024-09-04,Gadget Y,3,5.49,16.47,Maria Smith
ORD74143,2024-07-02,Gadget Y,8,6.0,48.0,Sara Iqbal
ORD74151,2024-08-20,Service Plan,2,49.99,99.98,Fatima Ahmed
ORD74160,2024-07-20,Service Plan,4,49.0,196.0,Noor Chen
ORD74173,2024-06-26,Service Plan,8,4999.0,39992.0,Maria Garcia
ORD74173,2024-10-11,Gadget X,10,7.0,70.0,Fatima Chen
ORD74188,2024-09-21,Widget B,2,19.0,38.0,Omar Hussain
ORD74189,2024-09-26,Gadget X,9,7.7,69.0,Hassan Khan
ORD74192,2024-08-14,Gadget X,4,7.7,30.8,Noor Khan
ORD74198,2024-07-25,Service Plan,8,4999.0,39992.0,Zain Ahmed
ORD74213,2024-10-13,Service Plan,10,49.99,499.9,Fatima Ahmed
ORD74232,2024-12-12,Gadget X,3,7.0,21.0,Omar Lee
ORD74235,2024-12-11,Service Plan,9,44.99,404.92,Zain Ahmed
ORD74236,2024-10-17,Service Plan,5,54.99,274.95,Hassan Garcia
ORD74237,2024-07-19,Service Plan,3,4499.0,13497.0,Zain Smith
ORD74250,2024-12-02,Service Plan,1,4999.0,4999.0,Noor Khan
ORD74254,2024-12-21,Gadget Y,10,5.49,54.9,Omar Reyes
ORD74260,2024-09-06,Service Plan,3,4999.0,14997.0,Noor Lee
ORD74261,2024-08-24,Service Plan,6,44.99,269.94,Fatima Patel
ORD74265,2024-11-21,Widget A,3,1125.0,3375.0,Zain Smith
ORD74274,2024-08-26,Gadget X,4,700.0,2800.0,Omar Lee
ORD74285,2024-07-18,Gadget Y,5,5.49,27.45,Fatima Patel
ORD74286,2024-08-21,Service Plan,10,44.0,440.0,Maria Iqbal
ORD74294,2024-08-11,Service Plan,2,54.99,109.98,Maria Hussain
ORD74297,2024-11-10,Service Plan,3,54.0,164.97,Hassan Lee
ORD74299,2024-07-12,Widget A,10,12.5,125.0,Zain Smith
ORD74303,2024-09-26,Widget B,6,19.99,119.94,Zain Khan
ORD74308,2024-09-22,Widget A,9,13.75,123.0,Hassan Iqbal
ORD74309,2024-10-11,Widget A,4,12.5,50.0,Ali Lee
ORD74319,2024-12-01,Widget A,3,13.75,41.25,Noor Ahmed
ORD74332,2024-09-23,Widget A,2,1250.0,2500.0,Fatima Chen
ORD74335,2024-12-26,Widget B,5,2199.0,10995.0,Ayesha Lee
ORD74346,2024-07-11,Widget A,5,12.5,62.5,Ayesha Lee
ORD74348,2024-08-24,Gadget X,8,7.0,56.0,Fatima Garcia
ORD74351,2024-08-04,Gadget Y,9,5.49,49.41,Ayesha Garcia
ORD74360,2024-07-10,Widget A,1,12.5,12.5,John Garcia
ORD74370,2024-06-04,Widget B,4,19.0,76.0,Ayesha Khan
ORD74371,2024-10-15,Gadget X,5,700.0,3500.0,Hassan Garcia
ORD74382,2024-07-22,Widget A,3,12.5,37.5,Maria Ahmed
ORD74398,2024-07-04,Gadget Y,7,4.94,34.58,Hassan Chen
ORD74398,2024-07-11,Widget A,6,12.0,72.0,Zain Iqbal
ORD74402,2024-10-01,Widget A,1,12.0,12.0,Zain Patel
ORD74412,2024-08-15,Gadget X,6,7.0,42.0,Noor Garcia
ORD74416,2024-12-26,Service Plan,2,4999.0,9998.0,Maria Iqbal
ORD74426,2024-10-18,Widget A,10,13.75,137.0,Zain Reyes
ORD74428,2024-12-19,Gadget Y,7,5.0,35.0,Fatima Iqbal
ORD74441,2024-11-20,Widget A,7,13.75,96.0,Noor Ahmed
ORD74446,2024-12-31,Service Plan,2,49.99,99.98,Noor Patel
ORD74449,2024-06-13,Widget A,8,1250.0,10000.0,Zain Reyes
ORD74450,2024-11-25,Gadget X,2,7.0,14.0,Omar Iqbal
ORD74452,2024-09-28,Widget A,1,12.5,12.5,John Patel
ORD74452,2024-10-10,Gadget Y,6,549.0,3294.0,Ayesha Garcia
ORD74488,2024-07-30,Gadget X,6,6.0,36.0,Zain Patel
ORD74490,2024-08-26,Gadget X,2,6.3,12.6,Sara Iqbal
ORD74499,2024-12-03,Gadget Y,7,5.49,38.43,Ali Iqbal
ORD74506,2024-12-18,Gadget X,4,700.0,2800.0,Maria Reyes
ORD74517,2024-07-06,Gadget Y,9,5.49,49.41,Maria Ahmed
ORD74541,2024-09-19,Gadget Y,9,5.49,49.41,Fatima Patel
ORD74543,2024-11-03,Service Plan,2,49.0,98.0,Zain Patel
ORD74545,2024-12-30,Service Plan,2,44.99,89.0,Omar Smith
ORD74549,2024-07-07,Widget B,6,17.99,107.95,Maria Ahmed
ORD74553,2024-09-11,Service Plan,4,5499.0,21996.0,Noor Hussain
ORD74553,2024-12-24,Widget B,10,19.99,199.0,Sara Lee
ORD74566,2024-07-09,Gadget Y,7,5.0,35.0,Sara Iqbal
ORD74567,2024-12-27,Widget A,10,13.75,137.5,Ayesha Smith
ORD74569,2024-06-16,Gadget X,3,7.0,21.0,Ali Khan
ORD74569,2024-06-21,Service Plan,1,44.99,44.99,John Garcia
ORD74580,2024-10-11,Gadget Y,10,5.49,54.9,Omar Hussain
ORD74589,2024-06-15,Widget B,3,19.0,57.0,Sara Smith
ORD74591,2024-10-26,Widget B,9,17.99,161.92,Sara Ahmed
ORD74597,2024-08-14,Widget B,3,1999.0,5997.0,Ali Patel
ORD74599,2024-06-28,Service Plan,2,4999.0,9998.0,Zain Chen
ORD74611,2024-12-19,Widget B,6,19.99,119.94,John Iqbal
ORD74620,2024-11-29,Gadget X,3,7.7,23.1,John Khan
ORD74624,2024-12-25,Widget B,8,21.99,175.92,Sara Lee
ORD74639,2024-09-16,Gadget Y,10,5.49,54.9,Ali Chen
ORD74667,2024-09-27,Gadget Y,3,5.49,16.47,Hassan Chen
ORD74667,2024-11-11,Widget B,4,1799.0,7196.0,Maria Chen
ORD74671,2024-08-10,Widget B,10,1999.0,19990.0,Hassan Lee
ORD74685,2024-11-29,Service Plan,7,49.99,349.93,Hassan Ahmed
ORD74688,2024-08-30,Widget A,3,12.5,37.0,Zain Reyes
ORD74693,2024-01-08,Gadget X,3,7.0,21.0,Sara Lee
ORD74696,2024-06-10,Gadget X,4,7.7,30.8,Ayesha Hussain
ORD74719,2024-09-06,Gadget Y,1,4.94,4.94,Fatima Lee
ORD74723,2024-08-12,Widget B,10,19.99,199.0,Zain Khan
ORD74727,2024-08-02,Widget B,5,19.99,99.95,Noor Smith
ORD74732,2024-10-25,Widget A,8,13.0,104.0,Sara Ahmed
ORD74737,2024-10-27,Service Plan,10,49.0,490.0,Noor Smith
ORD74737,2024-11-12,Service Plan,10,54.99,549.9,Hassan Iqbal
ORD74739,2024-11-27,Widget A,2,12.5,25.0,Hassan Garcia
ORD74741,2024-08-30,Widget A,3,11.25,33.75,Fatima Garcia
ORD74742,2024-12-25,Gadget Y,1,4.94,5.0,Maria Reyes
ORD74746,2024-12-02,Gadget X,6,7.0,42.0,Omar Reyes
ORD74758,2024-06-16,Gadget X,6,7.0,42.0,Omar Reyes
ORD74771,2024-08-24,Service Plan,5,54.99,274.95,Omar Smith
ORD74795,2024-05-10,Gadget Y,4,4.94,19.76,Zain Khan
ORD74816,2024-10-22,Service Plan,2,49.0,98.0,Noor Khan
ORD74818,2024-11-13,Service Plan,5,4999.0,24995.0,Ayesha Smith
ORD74838,2024-06-04,Widget A,7,12.5,87.5,John Smith
ORD74843,2024-08-08,Gadget X,5,7.0,35.0,Ali Khan
ORD74856,2024-08-21,Gadget Y,2,5.49,10.98,Zain Lee
ORD74859,2024-10-12,Widget B,8,17.99,143.93,John Iqbal
ORD74861,2024-11-17,Widget B,3,19.99,59.97,Hassan Ahmed
ORD74865,2024-09-28,Gadget Y,10,604.0,6040.0,Hassan Chen
ORD74872,2024-10-24,Widget A,3,1250.0,3750.0,Maria Patel
ORD74886,2024-06-14,Gadget X,7,7.0,49.0,Zain Iqbal
ORD74892,2024-07-19,Widget A,6,12.5,75.0,Noor Ahmed
ORD74907,2024-11-07,Gadget X,9,6.3,56.0,Fatima Garcia
ORD74912,2024-08-13,Gadget Y,5,5.0,25.0,Noor Hussain
ORD74912,2024-12-18,Widget B,5,1999.0,9995.0,Omar Reyes
ORD74922,2024-06-10,Widget B,6,19.99,119.94,Fatima Smith
ORD74924,2024-12-17,Service Plan,1,49.99,49.99,John Iqbal
ORD74936,2024-10-01,Widget A,9,12.5,112.5,Sara Iqbal
ORD74950,2024-11-06,Gadget Y,7,5.49,38.43,Sara Garcia
ORD74954,2024-09-26,Widget A,9,12.5,112.5,Ali Garcia
ORD74954,2024-10-19,Gadget X,9,7.0,63.0,Omar Iqbal
ORD74955,2024-12-22,Widget B,6,21.99,131.93,Ali Smith
ORD74983,2024-10-20,Service Plan,10,49.99,499.9,Ali Reyes
ORD75012,2024-09-06,Gadget X,1,630.0,630.0,Ali Hussain
ORD75019,2024-08-09,Widget A,7,13.75,96.0,Omar Smith
ORD75035,2024-08-29,Service Plan,7,49.0,343.0,John Ahmed
ORD75036,2024-07-22,Widget A,4,1250.0,5000.0,Ayesha Lee
ORD75039,2024-07-14,Widget B,5,19.99,99.0,Noor Garcia
ORD75040,2024-05-09,Widget A,7,12.5,87.0,Omar Garcia
ORD75053,2024-01-07,Widget B,6,21.99,131.93,Ali Khan
ORD75054,2024-08-29,Widget A,4,13.75,55.0,Noor Patel
ORD75067,2024-10-18,Gadget Y,4,604.0,2416.0,Ali Smith
ORD75097,2024-09-14,Gadget X,10,7.0,70.0,Omar Hussain
ORD75098,2024-07-21,Gadget X,4,7.0,28.0,Ali Khan
ORD75114,2024-12-25,Gadget Y,8,5.49,43.92,Sara Chen
ORD75136,2024-01-12,Widget A,5,12.5,62.5,Fatima Smith
ORD75136,2024-06-24,Widget B,6,19.99,119.0,Noor Hussain
ORD75147,2024-12-04,Gadget Y,6,4.94,29.65,Omar Lee
ORD75154,2024-06-19,Service Plan,5,4499.0,22495.0,Sara Khan
ORD75162,2024-10-26,Gadget X,4,6.0,24.0,Hassan Garcia
ORD75173,2024-08-08,Service Plan,1,44.0,44.0,John Patel
ORD75183,2024-07-19,Widget B,4,1799.0,7196.0,Fatima Ahmed
ORD75197,2024-09-26,Gadget Y,10,4.94,49.4,Ali Patel
ORD75198,2024-12-22,Gadget X,3,7.0,21.0,Ali Ahmed
ORD75201,2024-09-13,Widget B,8,19.0,152.0,Zain Ahmed
ORD75202,2024-07-10,Service Plan,1,49.99,49.99,Hassan Chen
ORD75216,2024-06-16,Gadget X,10,6.3,63.0,Zain Reyes
ORD75226,2024-06-23,Gadget X,7,7.7,53.0,Ali Chen
ORD75239,2024-08-13,Widget B,6,21.99,131.94,Maria Iqbal
ORD75246,2024-07-25,Gadget Y,5,5.49,27.45,Sara Chen
ORD75260,2024-06-14,Service Plan,9,44.99,404.91,Maria Lee
ORD75282,2024-09-29,Gadget X,9,7.0,63.0,John Lee
ORD75289,2024-11-04,Widget A,3,13.0,39.0,Hassan Reyes
ORD75290,2024-06-18,Gadget X,6,7.7,46.2,John Chen
ORD75294,2024-11-27,Gadget X,8,7.0,56.0,Sara Reyes
ORD75295,2024-12-18,Widget A,4,12.5,50.0,Omar Patel
ORD75317,2024-12-23,Widget A,7,12.5,87.5,Ayesha Reyes
ORD75363,2024-09-10,Gadget X,5,700.0,3500.0,John Iqbal
ORD75364,2024-11-13,Gadget X,8,630.0,5040.0,Ali Reyes
ORD75373,2024-08-18,Gadget Y,1,5.0,5.0,Noor Hussain
ORD75391,2024-07-17,Gadget X,1,6.3,6.3,Hassan Lee
ORD75395,2024-07-21,Widget A,6,12.0,72.0,John Hussain
ORD75395,2024-11-23,Widget B,8,19.99,159.92,John Reyes
ORD75433,2024-08-31,Gadget Y,3,6.0,18.12,Zain Lee
ORD75437,2024-08-27,Gadget X,9,7.0,63.0,Fatima Ahmed
ORD75459,2024-09-12,Widget A,3,11.25,33.75,Ayesha Iqbal
ORD75461,2024-06-27,Gadget X,1,6.0,6.0,Maria Ahmed
ORD75463,2024-08-21,Widget A,7,12.0,84.0,Fatima Patel
ORD75471,2024-08-20,Widget A,2,11.25,22.5,Omar Lee
ORD75472,2024-06-28,Service Plan,2,5499.0,10998.0,Sara Patel
ORD75477,2024-06-30,Gadget Y,9,5.49,49.41,Noor Khan
ORD75479,2024-08-25,Widget A,9,11.25,101.25,Fatima Khan
ORD75481,2024-11-11,Service Plan,2,4499.0,8998.0,Omar Patel
ORD75481,2024-11-24,Widget B,7,2199.0,15393.0,Ali Smith
ORD75492,2024-07-30,Widget A,3,12.5,37.5,Noor Reyes
ORD75496,2024-09-10,Service Plan,7,4999.0,34993.0,Maria Iqbal
ORD75510,2024-07-21,Widget B,1,19.99,19.99,Fatima Smith
ORD75526,2024-09-10,Service Plan,4,49.99,199.96,Fatima Patel
ORD75543,2024-07-10,Widget B,6,2199.0,13194.0,Sara Chen
ORD75552,2024-06-06,Gadget Y,5,5.49,27.45,Ayesha Iqbal
ORD75565,2024-07-07,Widget B,4,1999.0,7996.0,Ali Chen
ORD75565,2024-12-03,Gadget Y,8,5.0,40.0,Fatima Garcia
ORD75574,2024-04-09,Widget A,6,12.0,72.0,Fatima Ahmed
ORD75578,2024-06-01,Gadget X,4,7.0,28.0,Ali Ahmed
ORD75608,2024-10-08,Gadget Y,4,5.0,20.0,Hassan Ahmed
ORD75613,2024-11-05,Gadget X,5,7.0,35.0,Hassan Hussain
ORD75615,2024-06-17,Gadget X,10,7.0,70.0,Omar Ahmed
ORD75615,2024-11-06,Widget A,3,1250.0,3750.0,Maria Patel
ORD75619,2024-10-08,Service Plan,7,54.99,384.93,Omar Lee
ORD75635,2024-12-16,Gadget X,9,7.7,69.3,Ali Ahmed
ORD75640,2024-07-10,Gadget X,2,7.0,14.0,Omar Ahmed
ORD75672,2024-09-04,Widget A,6,11.25,67.5,Fatima Ahmed
ORD75676,2024-12-14,Widget B,3,17.99,53.97,Maria Patel
ORD75677,2024-07-22,Widget B,3,1999.0,5997.0,Noor Patel
ORD75680,2024-10-22,Widget A,4,12.5,50.0,Zain Khan
ORD75726,2024-10-13,Widget A,8,1125.0,9000.0,Sara Lee
ORD75732,2024-07-11,Service Plan,5,54.99,274.95,Ayesha Smith
ORD75744,2024-12-15,Widget B,7,19.99,139.93,Sara Iqbal
ORD75745,2024-11-21,Gadget X,4,700.0,2800.0,Fatima Ahmed
ORD75754,2024-09-19,Gadget Y,2,6.04,12.08,Ayesha Smith
ORD75757,2024-10-15,Gadget Y,6,6.04,36.24,Noor Chen
ORD75771,2024-09-01,Gadget X,6,7.0,42.0,Zain Lee
ORD75772,2024-11-30,Service Plan,2,49.0,98.0,Hassan Chen
ORD75786,2024-03-09,Gadget X,7,7.0,49.0,Sara Ahmed
ORD75796,2024-11-15,Widget B,1,17.0,17.0,Fatima Chen
ORD75801,2024-11-12,Gadget X,9,7.0,63.0,Sara Chen
ORD75802,2024-06-10,Widget B,8,19.99,159.92,Fatima Khan
ORD75825,2024-06-07,Widget B,5,21.99,109.0,Zain Iqbal
ORD75832,2024-06-29,Widget A,9,12.0,108.0,Maria Lee
ORD75834,2024-07-15,Service Plan,9,54.0,486.0,Noor Ahmed
ORD75839,2024-06-16,Gadget Y,2,5.49,10.98,Omar Garcia
ORD75840,2024-10-17,Service Plan,1,44.99,44.99,Ali Khan
ORD75841,2024-12-19,Gadget Y,1,5.49,5.49,Sara Smith
ORD75842,2024-10-10,Gadget X,9,7.7,69.3,Zain Chen
ORD75843,2024-09-17,Widget A,7,12.5,87.5,Sara Patel
ORD75843,2024-11-10,Gadget X,9,700.0,6300.0,John Smith
ORD75848,2024-07-26,Gadget Y,5,604.0,3020.0,Sara Chen
ORD75863,2024-10-12,Gadget Y,8,5.49,43.92,Hassan Garcia
ORD75863,2024-10-28,Gadget X,10,7.0,70.0,Ali Reyes
ORD75876,2024-10-08,Widget A,6,12.5,75.0,Noor Lee
ORD75879,2024-11-19,Gadget X,8,6.0,48.0,Hassan Garcia
ORD75880,2024-10-13,Widget B,4,1799.0,7196.0,Fatima Ahmed
ORD75902,2024-09-21,Widget B,10,21.99,219.89,Ayesha Ahmed
ORD75907,2024-09-18,Gadget X,9,7.0,63.0,Zain Khan
ORD75907,2024-11-30,Widget B,3,17.99,53.97,Maria Khan
ORD75921,2024-09-30,Widget A,5,12.0,60.0,Hassan Patel
ORD75942,2024-07-01,Gadget Y,9,5.49,49.41,Fatima Chen
ORD75945,2024-12-26,Widget B,8,19.99,159.92,Fatima Iqbal
ORD75947,2024-10-08,Widget A,7,13.75,96.25,Noor Patel
ORD75953,2024-10-22,Widget A,7,1375.0,9625.0,Zain Iqbal
ORD75984,2024-09-29,Gadget Y,6,5.49,32.94,Maria Hussain
ORD75984,2024-10-04,Widget B,10,19.99,199.9,Fatima Lee
ORD75987,2024-06-05,Widget A,8,12.5,100.0,Maria Patel
ORD76006,2024-12-08,Widget B,1,19.0,19.0,John Ahmed
ORD76030,2024-08-22,Service Plan,4,49.99,199.96,Fatima Smith
ORD76032,2024-08-24,Gadget Y,3,5.49,16.47,Fatima Lee
ORD76032,2024-12-02,Gadget Y,4,4.94,19.76,Noor Smith
ORD76061,2024-06-08,Widget B,8,21.99,175.92,Ali Lee
ORD76062,2024-07-19,Service Plan,1,4999.0,4999.0,Maria Iqbal
ORD76073,2024-06-12,Gadget X,5,7.0,35.0,Maria Patel
ORD76086,2024-12-20,Widget A,6,1250.0,7500.0,Fatima Smith
ORD76087,2024-08-04,Gadget Y,8,4.94,39.53,Ali Reyes
ORD76092,2024-10-12,Widget B,10,1999.0,19990.0,Noor Garcia
ORD76101,2024-12-10,Service Plan,6,49.99,299.94,Fatima Garcia
ORD76102,2024-08-08,Gadget X,10,700.0,7000.0,Ali Iqbal
ORD76114,2024-08-31,Gadget Y,8,5.49,43.92,Omar Khan
ORD76146,2024-08-25,Widget A,5,12.5,62.5,Maria Patel
ORD76165,2024-06-30,Service Plan,9,54.0,494.0,Omar Hussain
ORD76181,2024-08-22,Widget B,10,19.0,190.0,Ali Hussain
ORD76192,2024-12-30,Widget A,6,1250.0,7500.0,Noor Garcia
ORD76198,2024-06-19,Widget B,10,21.99,219.0,Maria Smith
ORD76200,2024-06-30,Widget B,10,21.99,219.89,Zain Chen
ORD76221,2024-12-17,Widget A,2,12.0,24.0,Omar Khan
ORD76234,2024-11-08,Widget B,7,19.99,139.93,John Smith
ORD76252,2024-09-13,Widget B,1,19.99,19.99,Sara Patel
ORD76259,2024-12-21,Service Plan,7,54.99,384.93,Ali Hussain
ORD76262,2024-10-12,Service Plan,8,4999.0,39992.0,John Ahmed
ORD76269,2024-06-20,Gadget X,5,700.0,3500.0,Noor Smith
ORD76274,2024-12-26,Gadget X,4,7.7,30.8,Omar Iqbal
ORD76276,2024-12-26,Gadget Y,7,5.49,38.43,Ali Reyes
ORD76287,2024-09-16,Gadget Y,4,5.49,21.96,John Smith
ORD76288,2024-11-12,Service Plan,5,54.99,274.0,Ayesha Hussain
ORD76312,2024-08-29,Service Plan,8,4999.0,39992.0,Ali Hussain
ORD76324,2024-07-21,Gadget Y,5,494.0,2470.0,John Iqbal
ORD76326,2024-11-17,Widget B,2,1999.0,3998.0,Noor Smith
ORD76328,2024-08-02,Gadget Y,5,5.0,25.0,Maria Patel
ORD76336,2024-12-08,Widget A,6,12.0,72.0,Maria Reyes
ORD76347,2024-06-22,Gadget Y,4,6.04,24.0,Sara Patel
ORD76349,2024-11-02,Service Plan,7,44.0,308.0,Noor Ahmed
ORD76350,2024-07-29,Gadget X,8,7.7,61.6,John Smith
ORD76361,2024-07-20,Gadget Y,7,549.0,3843.0,Hassan Iqbal
ORD76361,2024-09-27,Widget B,4,21.99,87.96,Maria Reyes
ORD76370,2024-02-11,Service Plan,4,49.99,199.96,John Smith
ORD76398,2024-08-26,Gadget Y,4,5.49,21.96,Maria Lee
ORD76411,2024-12-29,Service Plan,1,49.99,49.99,Ayesha Smith
ORD76419,2024-09-11,Service Plan,10,49.0,490.0,Hassan Hussain
ORD76420,2024-07-18,Widget A,2,12.0,24.0,Sara Hussain
ORD76431,2024-06-18,Widget A,10,1250.0,12500.0,John Hussain
ORD76439,2024-11-19,Widget B,2,19.0,38.0,Sara Khan
ORD76442,2024-07-22,Widget A,9,12.5,112.5,John Chen
ORD76449,2024-09-07,Gadget Y,1,6.0,6.0,Omar Garcia
ORD76451,2024-10-09,Widget A,10,12.5,125.0,Omar Khan
ORD76455,2024-11-22,Gadget Y,4,494.0,1976.0,Omar Khan
ORD76456,2024-09-14,Gadget X,5,7.0,35.0,Ayesha Reyes
ORD76459,2024-11-20,Gadget X,9,7.0,63.0,Omar Patel
ORD76464,2024-04-08,Widget B,5,17.99,89.95,Sara Smith
ORD76476,2024-11-09,Widget A,10,11.25,112.5,John Chen
ORD76481,2024-11-13,Widget A,10,12.5,125.0,Zain Garcia
ORD76494,2024-08-16,Widget B,9,19.99,179.91,Hassan Hussain
ORD76497,2024-02-09,Widget A,5,12.0,60.0,Ayesha Hussain
ORD76502,2024-02-10,Service Plan,10,49.99,499.9,Ayesha Chen
ORD76528,2024-10-30,Gadget Y,5,5.49,27.45,Omar Garcia
ORD76530,2024-06-18,Gadget X,8,7.0,56.0,John Lee
ORD76535,2024-07-05,Service Plan,3,49.99,149.97,Noor Hussain
ORD76562,2024-09-09,Gadget X,8,7.7,61.6,Zain Lee
ORD76573,2024-08-08,Gadget Y,8,549.0,4392.0,Maria Hussain
ORD76578,2024-08-07,Service Plan,6,49.99,299.94,Hassan Chen
ORD76585,2024-12-23,Gadget X,3,6.0,18.0,Omar Lee
ORD76590,2024-09-04,Gadget Y,4,6.04,24.0,Zain Smith
ORD76605,2024-07-16,Service Plan,8,49.99,399.92,Omar Iqbal
ORD76614,2024-11-05,Service Plan,10,49.99,499.9,John Hussain
ORD76617,2024-11-23,Gadget Y,9,5.49,49.41,Maria Reyes
ORD76619,2024-08-15,Gadget X,2,7.0,14.0,Omar Lee
ORD76622,2024-09-27,Widget B,1,21.99,21.99,Ali Garcia
ORD76625,2024-08-07,Widget A,7,1250.0,8750.0,Maria Hussain
ORD76629,2024-09-10,Service Plan,10,44.99,449.91,John Chen
ORD76644,2024-01-10,Service Plan,6,4999.0,29994.0,Omar Patel
ORD76645,2024-08-30,Gadget Y,9,6.04,54.35,Noor Hussain
ORD76647,2024-06-23,Service Plan,8,49.99,399.92,Fatima Reyes
ORD76651,2024-11-08,Widget A,8,1250.0,10000.0,Omar Iqbal
ORD76658,2024-07-16,Service Plan,5,49.0,245.0,Zain Iqbal
ORD76661,2024-12-06,Widget B,5,19.99,99.95,Sara Lee
ORD76674,2024-10-07,Widget A,10,12.0,120.0,Sara Hussain
ORD76680,2024-10-28,Service Plan,5,4999.0,24995.0,Hassan Hussain
ORD76683,2024-08-19,Gadget Y,2,5.0,10.0,Omar Khan
ORD76699,2024-08-18,Gadget X,7,770.0,5390.0,Ayesha Reyes
ORD76711,2024-08-27,Widget A,4,12.5,50.0,John Reyes
ORD76717,2024-07-28,Widget B,3,19.99,59.0,Ali Lee
ORD76721,2024-09-09,Service Plan,4,49.99,199.96,Hassan Lee
ORD76722,2024-08-06,Service Plan,4,49.99,199.96,Noor Iqbal
ORD76748,2024-10-29,Widget B,6,1999.0,11994.0,Fatima Lee
ORD76755,2024-01-12,Widget B,5,19.99,99.95,Ali Smith
ORD76759,2024-06-10,Widget B,7,21.99,153.93,Fatima Ahmed
ORD76765,2024-08-18,Widget B,6,1999.0,11994.0,Fatima Chen
ORD76787,2024-09-29,Gadget Y,3,5.49,16.47,Maria Chen
ORD76797,2024-08-11,Widget A,6,1250.0,7500.0,Fatima Khan
ORD76799,2024-07-14,Widget B,2,19.99,39.98,Ali Khan
ORD76801,2024-12-02,Service Plan,7,44.99,314.94,Ali Hussain
ORD76811,2024-08-23,Service Plan,4,44.99,179.96,Sara Chen
ORD76812,2024-08-02,Service Plan,8,44.99,359.92,Noor Chen
ORD76813,2024-12-18,Gadget X,7,7.0,49.0,Maria Chen
ORD76815,2024-11-16,Widget B,3,19.99,59.97,Ayesha Iqbal
ORD76829,2024-10-20,Service Plan,8,49.99,399.92,Sara Ahmed
ORD76833,2024-10-08,Gadget Y,1,5.49,5.49,Maria Khan
ORD76836,2024-10-27,Widget B,7,17.99,125.93,Hassan Patel
ORD76838,2024-07-25,Gadget X,2,6.0,12.0,Ali Khan
ORD76839,2024-07-02,Service Plan,3,4999.0,14997.0,Hassan Hussain
ORD76845,2024-08-28,Service Plan,1,49.99,49.0,John Iqbal
ORD76846,2024-06-10,Widget B,6,19.0,114.0,Zain Ahmed
ORD76857,2024-09-01,Gadget Y,3,5.49,16.47,Omar Iqbal
ORD76865,2024-08-19,Widget A,4,13.75,55.0,John Patel
ORD76868,2024-12-11,Service Plan,4,4499.0,17996.0,John Smith
ORD76872,2024-10-07,Gadget X,9,6.3,56.7,Ali Iqbal
ORD76892,2024-09-26,Gadget X,9,7.7,69.3,Maria Iqbal
ORD76905,2024-07-26,Service Plan,9,49.0,441.0,Maria Reyes
ORD76905,2024-09-22,Gadget Y,6,6.04,36.23,Ayesha Iqbal
ORD76910,2024-11-10,Widget A,9,11.25,101.25,John Lee
ORD76918,2024-10-15,Widget A,4,12.5,50.0,Ayesha Lee
ORD76933,2024-09-20,Widget B,2,19.0,37.98,Zain Smith
ORD76965,2024-07-20,Widget B,4,19.99,79.96,Zain Chen
ORD76965,2024-10-30,Service Plan,4,49.0,196.0,Ali Reyes
ORD76982,2024-05-11,Gadget Y,9,549.0,4941.0,Ali Reyes
ORD76982,2024-07-05,Gadget Y,5,494.0,2470.0,Fatima Reyes
ORD76993,2024-06-26,Gadget X,2,700.0,1400.0,Maria Garcia
ORD76993,2024-08-07,Service Plan,2,49.99,99.98,Noor Hussain
ORD76993,2024-10-03,Widget A,5,13.0,65.0,Zain Smith
ORD76996,2024-06-06,Widget A,3,1250.0,3750.0,Maria Chen
ORD76998,2024-12-18,Gadget Y,2,4.94,9.88,Ayesha Lee
ORD77027,2024-07-20,Widget A,10,12.0,120.0,Ayesha Patel
ORD77042,2024-06-22,Gadget X,5,7.0,35.0,Noor Chen
ORD77059,2024-06-22,Service Plan,8,49.99,399.0,Ayesha Smith
ORD77068,2024-06-27,Gadget X,2,700.0,1400.0,Sara Iqbal
ORD77070,2024-06-20,Widget A,5,1250.0,6250.0,Hassan Khan
ORD77084,2024-09-09,Service Plan,3,49.99,149.0,Ayesha Iqbal
ORD77090,2024-11-21,Service Plan,3,44.0,132.0,Maria Reyes
ORD77098,2024-06-18,Widget B,7,21.0,147.0,Sara Khan
ORD77106,2024-08-23,Service Plan,1,49.99,49.99,John Ahmed
ORD77135,2024-10-20,Widget A,2,12.5,25.0,Fatima Ahmed
ORD77139,2024-11-15,Gadget Y,7,5.49,38.43,Zain Reyes
ORD77146,2024-11-09,Widget A,4,12.5,50.0,John Lee
ORD77182,2024-10-20,Gadget Y,1,604.0,604.0,Ali Ahmed
ORD77188,2024-07-27,Widget B,10,19.0,190.0,Sara Khan
ORD77201,2024-12-03,Widget A,5,1250.0,6250.0,Ali Reyes
ORD77243,2024-08-28,Gadget X,4,7.0,28.0,Ayesha Garcia
ORD77245,2024-06-17,Widget B,3,1999.0,5997.0,John Garcia
ORD77281,2024-08-04,Gadget Y,9,604.0,5436.0,Omar Chen
ORD77290,2024-06-19,Service Plan,3,4999.0,14997.0,Omar Khan
ORD77295,2024-06-26,Gadget Y,8,4.94,39.52,Omar Patel
ORD77296,2024-03-10,Widget B,3,1999.0,5997.0,Ali Chen
ORD77304,2024-10-12,Gadget Y,7,5.49,38.43,Fatima Smith
ORD77305,2024-06-12,Gadget Y,1,549.0,549.0,Sara Smith
ORD77307,2024-06-11,Widget B,6,17.99,107.95,Fatima Khan
ORD77314,2024-11-30,Widget B,3,19.99,59.97,Ayesha Patel
ORD77324,2024-12-28,Gadget Y,6,5.49,32.94,Hassan Reyes
ORD77325,2024-09-03,Gadget X,4,7.0,28.0,Maria Patel
ORD77326,2024-07-31,Widget B,10,17.0,170.0,Hassan Reyes
ORD77331,2024-11-20,Gadget Y,3,5.49,16.47,John Reyes
ORD77351,2024-10-27,Widget A,6,13.75,82.5,Fatima Reyes
ORD77378,2024-07-15,Gadget X,3,7.0,21.0,Maria Garcia
ORD77394,2024-07-02,Widget A,4,12.5,50.0,Omar Garcia
ORD77433,2024-08-21,Gadget Y,6,5.49,32.94,Ali Lee
ORD77434,2024-11-16,Service Plan,8,49.99,399.92,Zain Smith
ORD77460,2024-06-13,Service Plan,9,49.99,449.91,Hassan Khan
ORD77483,2024-11-08,Service Plan,2,44.99,89.98,Fatima Lee
ORD77499,2024-12-17,Service Plan,5,49.99,249.95,Ali Smith
ORD77501,2024-09-13,Gadget Y,3,5.49,16.47,John Chen
ORD77508,2024-10-08,Widget B,4,21.0,84.0,Zain Ahmed
ORD77516,2024-09-05,Widget A,3,12.0,36.0,Omar Patel
ORD77523,2024-10-20,Widget B,1,19.99,19.99,Ayesha Smith
ORD77524,2024-11-18,Gadget X,6,7.0,42.0,Sara Smith
ORD77526,2024-07-09,Widget B,3,2199.0,6597.0,John Patel
ORD77530,2024-06-06,Widget B,9,21.99,197.9,Omar Hussain
ORD77534,2024-06-14,Widget B,1,19.99,19.99,Ali Chen
ORD77541,2024-06-21,Widget A,6,12.5,75.0,Ayesha Smith
ORD77541,2024-07-16,Service Plan,6,54.0,324.0,Fatima Patel
ORD77546,2024-12-13,Gadget X,8,770.0,6160.0,Maria Iqbal
ORD77556,2024-08-27,Gadget X,10,7.0,70.0,Sara Hussain
ORD77569,2024-10-15,Service Plan,7,44.99,314.94,Zain Chen
ORD77585,2024-02-10,Widget B,4,2199.0,8796.0,John Reyes
ORD77589,2024-07-20,Gadget Y,4,494.0,1976.0,Hassan Iqbal
ORD77600,2024-12-19,Widget B,9,19.99,179.91,Fatima Khan
ORD77608,2024-11-26,Widget B,10,19.99,199.9,Sara Garcia
ORD77633,2024-10-25,Gadget X,9,700.0,6300.0,Fatima Garcia
ORD77644,2024-08-25,Service Plan,7,49.0,343.0,Maria Garcia
ORD77645,2024-12-02,Gadget Y,6,5.49,32.94,Ayesha Khan
ORD77700,2024-09-18,Widget A,3,13.75,41.25,Zain Garcia
ORD77717,2024-09-12,Service Plan,10,49.99,499.9,Fatima Reyes
ORD77719,2024-08-22,Gadget X,1,7.0,7.0,Zain Lee
ORD77732,2024-10-31,Widget B,9,19.99,179.91,John Khan
ORD77738,2024-12-02,Gadget X,3,7.0,21.0,Omar Garcia
ORD77763,2024-09-05,Widget A,4,1125.0,4500.0,Maria Khan
ORD77767,2024-06-18,Gadget Y,5,4.94,24.71,Sara Garcia
ORD77770,2024-10-24,Service Plan,1,44.99,44.99,Noor Patel
ORD77781,2024-11-27,Gadget X,7,6.3,44.1,Omar Lee
ORD77793,2024-07-31,Gadget X,7,6.3,44.1,Maria Iqbal
ORD77798,2024-09-19,Gadget Y,5,5.49,27.0,Ayesha Ahmed
ORD77804,2024-09-25,Gadget X,10,7.0,70.0,Hassan Hussain
ORD77805,2024-10-11,Widget B,4,19.99,79.96,Fatima Garcia
ORD77815,2024-10-16,Service Plan,4,4999.0,19996.0,Omar Iqbal
ORD77816,2024-07-23,Widget A,1,12.0,12.0,Ali Reyes
ORD77837,2024-09-20,Widget A,10,1375.0,13750.0,Ayesha Iqbal
ORD77842,2024-08-15,Widget B,6,19.0,114.0,Ali Iqbal
ORD77844,2024-12-25,Widget B,10,1999.0,19990.0,Ali Iqbal
ORD77865,2024-03-09,Gadget X,7,7.7,53.9,Omar Reyes
ORD77873,2024-09-24,Service Plan,6,54.99,329.94,Ayesha Hussain
ORD77874,2024-06-04,Service Plan,6,4999.0,29994.0,Ayesha Lee
ORD77893,2024-08-24,Service Plan,5,49.99,249.95,Sara Hussain
ORD77901,2024-07-16,Service Plan,2,54.99,109.98,Ayesha Iqbal
ORD77923,2024-07-13,Gadget X,8,700.0,5600.0,Ayesha Hussain
ORD77930,2024-06-18,Gadget Y,2,5.49,10.98,Noor Reyes
ORD77933,2024-12-02,Widget A,8,13.0,104.0,Ayesha Garcia
ORD77942,2024-06-30,Service Plan,1,54.99,54.99,Zain Ahmed
ORD77942,2024-09-30,Widget A,4,12.5,50.0,Ayesha Khan
ORD77946,2024-08-17,Service Plan,7,54.0,384.92,Hassan Khan
ORD77963,2024-12-24,Service Plan,6,49.99,299.94,Omar Iqbal
ORD77978,2024-12-31,Widget B,5,19.99,99.95,Fatima Iqbal
ORD77984,2024-10-02,Widget B,8,2199.0,17592.0,Ali Reyes
ORD78019,2024-08-02,Widget B,3,19.99,59.0,Ali Chen
ORD78020,2024-11-25,Gadget X,3,7.0,21.0,Omar Smith
ORD78021,2024-11-14,Gadget Y,5,5.0,25.0,Maria Iqbal
ORD78025,2024-09-05,Widget B,5,21.99,109.95,Zain Chen
ORD78026,2024-09-16,Gadget Y,2,5.0,10.0,Noor Lee
ORD78049,2024-07-23,Gadget Y,10,5.49,54.9,Ali Chen
ORD78062,2024-08-08,Widget A,7,12.5,87.5,Sara Hussain
ORD78062,2024-09-13,Gadget X,7,7.0,49.0,Zain Chen
ORD78073,2024-06-17,Widget A,9,12.5,112.5,John Iqbal
ORD78084,2024-10-28,Service Plan,10,44.99,449.91,Ali Smith
ORD78084,2024-12-18,Gadget X,4,7.7,30.8,Sara Ahmed
ORD78093,2024-08-01,Widget A,5,13.75,68.75,Maria Chen
ORD78096,2024-12-22,Gadget Y,10,5.49,54.9,Hassan Garcia
ORD78104,2024-07-03,Widget B,4,19.99,79.96,John Smith
ORD78107,2024-12-24,Widget A,6,12.0,72.0,Noor Hussain
ORD78117,2024-10-06,Service Plan,8,49.99,399.92,Ayesha Hussain
ORD78123,2024-06-07,Gadget X,9,770.0,6930.0,Ali Iqbal
ORD78126,2024-09-29,Gadget Y,2,6.04,12.08,Zain Khan
ORD78147,2024-08-02,Widget A,1,12.5,12.5,Zain Reyes
ORD78153,2024-06-27,Gadget X,7,7.7,53.9,John Hussain
ORD78172,2024-11-26,Gadget Y,5,6.0,30.2,Maria Patel
ORD78174,2024-05-12,Widget A,4,1250.0,5000.0,Fatima Khan
ORD78179,2024-06-27,Service Plan,9,4999.0,44991.0,John Lee
ORD78179,2024-11-14,Service Plan,3,49.99,149.0,Sara Iqbal
ORD78181,2024-12-16,Widget A,9,11.0,99.0,Ayesha Smith
ORD78187,2024-07-29,Service Plan,9,49.0,441.0,Omar Smith
ORD78209,2024-11-09,Gadget Y,2,4.0,8.0,Omar Smith
ORD78221,2024-09-14,Widget A,2,12.5,25.0,Ali Chen
ORD78234,2024-12-17,Gadget X,3,7.0,21.0,Omar Smith
ORD78238,2024-08-03,Widget A,8,12.5,100.0,Noor Patel
ORD78242,2024-07-31,Widget B,7,19.0,133.0,Ali Iqbal
ORD78250,2024-08-09,Widget A,8,12.5,100.0,Maria Garcia
ORD78251,2024-09-30,Widget B,2,19.0,38.0,Ali Patel
ORD78253,2024-08-30,Widget B,7,19.99,139.0,Sara Lee
ORD78254,2024-02-08,Service Plan,8,4499.0,35992.0,Hassan Patel
ORD78259,2024-08-23,Gadget Y,7,549.0,3843.0,Noor Iqbal
ORD78272,2024-06-28,Gadget X,8,7.0,56.0,Ayesha Chen
ORD78295,2024-09-11,Gadget Y,10,5.49,54.9,John Chen
ORD78297,2024-10-09,Widget A,6,1250.0,7500.0,Omar Ahmed
ORD78302,2024-09-25,Gadget Y,1,5.49,5.49,Hassan Iqbal
ORD78306,2024-10-04,Service Plan,6,49.99,299.94,Sara Garcia
ORD78325,2024-07-16,Gadget Y,6,4.94,29.65,John Ahmed
ORD78327,2024-08-21,Widget B,9,19.99,179.0,Ayesha Lee
ORD78332,2024-08-27,Widget B,1,19.99,19.99,Omar Chen
ORD78334,2024-06-07,Widget A,1,12.5,12.5,Omar Garcia
ORD78337,2024-10-11,Gadget X,5,6.0,30.0,Noor Ahmed
ORD78338,2024-01-10,Widget A,4,11.25,45.0,Fatima Khan
ORD78342,2024-07-28,Widget A,4,11.25,45.0,Maria Chen
ORD78357,2024-11-29,Gadget X,5,700.0,3500.0,Ayesha Chen
ORD78359,2024-12-31,Gadget X,10,7.0,70.0,Omar Garcia
ORD78363,2024-09-16,Service Plan,10,44.99,449.9,Ayesha Hussain
ORD78380,2024-11-06,Gadget Y,3,5.49,16.47,Omar Lee
ORD78395,2024-11-12,Widget A,7,12.0,84.0,Omar Smith
ORD78418,2024-11-03,Widget A,5,11.25,56.25,Fatima Garcia
ORD78420,2024-07-19,Service Plan,8,44.99,359.0,Omar Hussain
ORD78424,2024-08-04,Service Plan,4,49.0,196.0,Ayesha Smith
ORD78425,2024-07-10,Service Plan,5,49.0,245.0,Omar Lee
ORD78440,2024-12-09,Widget B,5,1799.0,8995.0,Zain Chen
ORD78442,2024-07-04,Gadget Y,6,6.04,36.24,Hassan Iqbal
ORD78462,2024-09-17,Service Plan,7,49.99,349.93,Noor Reyes
ORD78522,2024-07-06,Gadget X,2,7.0,14.0,Sara Khan
ORD78553,2024-08-23,Widget B,6,17.99,107.94,Ayesha Patel
ORD78557,2024-10-27,Gadget Y,10,5.49,54.9,Omar Garcia
ORD78576,2024-11-16,Widget A,1,12.5,12.5,Ali Patel
ORD78579,2024-09-30,Widget B,2,19.99,39.98,Hassan Smith
ORD78623,2024-10-11,Gadget Y,9,5.49,49.41,Ayesha Khan
ORD78626,2024-06-17,Widget B,8,17.99,143.92,Omar Hussain
ORD78633,2024-07-16,Widget A,6,12.0,72.0,Zain Patel
ORD78637,2024-09-11,Gadget Y,4,549.0,2196.0,Fatima Chen
ORD78643,2024-12-15,Widget A,6,13.75,82.5,Fatima Garcia
ORD78644,2024-11-13,Widget B,8,21.99,175.92,Hassan Khan
ORD78667,2024-10-07,Gadget X,2,6.0,12.0,Hassan Iqbal
ORD78667,2024-12-06,Gadget Y,3,5.0,15.0,Sara Iqbal
ORD78671,2024-12-05,Service Plan,10,49.99,499.9,Ayesha Ahmed
ORD78712,2024-09-06,Gadget X,10,6.3,63.0,Ayesha Ahmed
ORD78722,2024-10-30,Gadget X,1,7.0,7.0,Ayesha Reyes
ORD78730,2024-06-04,Widget A,3,12.5,37.5,Omar Lee
ORD78738,2024-08-09,Widget B,3,21.99,65.0,Sara Reyes
ORD78742,2024-09-14,Widget B,1,19.99,19.99,Sara Lee
ORD78743,2024-06-03,Widget A,3,12.5,37.0,Sara Chen
ORD78746,2024-07-01,Widget B,1,21.99,21.99,Noor Patel
ORD78755,2024-10-10,Widget B,6,19.99,119.0,Omar Lee
ORD78757,2024-09-01,Service Plan,3,44.99,134.97,Zain Chen
ORD78761,2024-06-28,Service Plan,2,4499.0,8998.0,Ayesha Ahmed
ORD78770,2024-09-15,Service Plan,1,4499.0,4499.0,Maria Chen
ORD78783,2024-07-15,Service Plan,2,49.99,99.98,John Ahmed
ORD78795,2024-07-24,Gadget Y,8,5.49,43.92,Noor Smith
ORD78799,2024-12-07,Gadget X,3,7.0,21.0,Ali Hussain
ORD78806,2024-07-14,Gadget Y,10,4.0,40.0,Ayesha Garcia
ORD78812,2024-08-26,Gadget Y,6,5.49,32.94,John Smith
ORD78817,2024-10-22,Widget B,5,21.99,109.0,Zain Lee
ORD78850,2024-06-18,Widget A,1,13.0,13.0,Zain Khan
ORD78869,2024-12-09,Widget B,5,19.99,99.95,Maria Ahmed
ORD78881,2024-06-08,Gadget X,4,7.0,28.0,Hassan Reyes
ORD78885,2024-11-24,Service Plan,10,44.99,449.9,Fatima Ahmed
ORD78890,2024-02-10,Service Plan,9,44.99,404.92,Ali Hussain
ORD78890,2024-11-02,Widget A,3,12.5,37.5,Ayesha Lee
ORD78891,2024-09-09,Widget A,8,1250.0,10000.0,Fatima Hussain
ORD78906,2024-07-14,Service Plan,9,4999.0,44991.0,John Iqbal
ORD78920,2024-12-18,Service Plan,4,54.0,219.0,Sara Smith
ORD78922,2024-09-19,Widget A,7,12.5,87.5,Ali Smith
ORD78922,2024-09-20,Gadget Y,8,5.49,43.92,John Reyes
ORD78928,2024-06-05,Gadget X,2,700.0,1400.0,Noor Hussain
ORD78933,2024-06-18,Widget B,2,19.0,38.0,Ayesha Reyes
ORD78934,2024-06-26,Service Plan,1,44.0,44.0,Omar Reyes
ORD78966,2024-08-29,Widget B,10,21.99,219.9,Zain Khan
ORD78969,2024-09-19,Service Plan,6,5499.0,32994.0,Fatima Garcia
ORD78974,2024-12-14,Gadget X,2,7.7,15.4,Ali Hussain
ORD78983,2024-07-24,Widget A,2,1375.0,2750.0,John Garcia
ORD78986,2024-07-23,Widget A,3,1250.0,3750.0,Hassan Chen
ORD78986,2024-12-03,Gadget X,2,7.0,14.0,Hassan Khan
ORD78986,2024-12-26,Service Plan,10,49.0,490.0,Hassan Ahmed
ORD78990,2024-08-21,Service Plan,4,54.99,219.96,John Hussain
ORD78991,2024-09-26,Gadget Y,4,549.0,2196.0,Noor Smith
ORD79001,2024-11-10,Widget B,3,19.99,59.97,Hassan Smith
ORD79002,2024-11-18,Gadget Y,8,6.04,48.31,John Lee
ORD79023,2024-01-08,Gadget Y,7,4.94,34.59,Ali Patel
ORD79027,2024-12-05,Widget A,9,1250.0,11250.0,Ali Garcia
ORD79046,2024-10-21,Gadget X,7,7.0,49.0,Omar Khan
ORD79064,2024-09-27,Service Plan,10,44.0,440.0,Ayesha Ahmed
ORD79072,2024-09-11,Gadget Y,8,549.0,4392.0,Maria Lee
ORD79081,2024-08-12,Widget A,5,1250.0,6250.0,Ali Reyes
ORD79086,2024-07-26,Gadget X,8,6.3,50.4,Maria Iqbal
ORD79091,2024-09-02,Widget A,7,12.5,87.5,Noor Lee
ORD79106,2024-07-01,Gadget Y,4,5.49,21.96,Zain Reyes
ORD79111,2024-11-20,Gadget X,7,6.3,44.1,Omar Chen
ORD79113,2024-10-14,Widget B,9,19.0,171.0,Hassan Iqbal
ORD79123,2024-07-13,Widget A,8,1125.0,9000.0,Fatima Khan
ORD79127,2024-11-23,Widget B,9,19.99,179.91,Omar Iqbal
ORD79133,2024-11-26,Gadget X,8,7.7,61.6,Ali Khan
ORD79160,2024-12-21,Gadget X,6,7.0,42.0,Sara Ahmed
ORD79174,2024-12-22,Widget A,10,13.0,130.0,Noor Garcia
ORD79190,2024-12-08,Widget B,10,19.99,199.9,John Garcia
ORD79192,2024-11-13,Gadget Y,9,5.49,49.41,Hassan Patel
ORD79212,2024-10-11,Service Plan,3,4999.0,14997.0,John Khan
ORD79228,2024-07-08,Widget B,4,19.99,79.96,Omar Chen
ORD79236,2024-08-26,Service Plan,1,49.99,49.0,Omar Iqbal
ORD79243,2024-09-18,Gadget X,6,6.0,36.0,Omar Khan
ORD79246,2024-10-05,Gadget X,10,7.0,70.0,John Hussain
ORD79249,2024-11-16,Widget B,6,19.0,114.0,Zain Reyes
ORD79255,2024-07-20,Gadget X,1,7.0,7.0,Hassan Khan
ORD79260,2024-09-04,Widget B,4,21.99,87.96,Ayesha Chen
ORD79268,2024-07-15,Widget A,5,1375.0,6875.0,Hassan Garcia
ORD79270,2024-10-20,Gadget X,1,7.0,7.0,Hassan Chen
ORD79271,2024-11-12,Widget A,3,1250.0,3750.0,John Reyes
ORD79275,2024-10-18,Widget A,10,12.5,125.0,Noor Garcia
ORD79284,2024-10-05,Widget A,1,1250.0,1250.0,Omar Patel
ORD79325,2024-06-02,Widget A,1,12.5,12.5,John Ahmed
ORD79327,2024-07-24,Gadget Y,5,6.04,30.0,Hassan Garcia
ORD79327,2024-12-05,Gadget X,2,7.0,14.0,Noor Lee
ORD79329,2024-09-13,Gadget X,10,7.0,70.0,Hassan Khan
ORD79340,2024-08-07,Gadget Y,8,4.94,39.52,Omar Patel
ORD79341,2024-07-27,Gadget X,8,630.0,5040.0,Hassan Garcia
ORD79353,2024-09-06,Service Plan,9,49.99,449.91,Maria Lee
ORD79364,2024-07-02,Service Plan,9,54.99,494.9,John Hussain
ORD79367,2024-07-14,Gadget X,1,770.0,770.0,Hassan Chen
ORD79377,2024-06-27,Widget B,7,19.99,139.0,Noor Patel
ORD79385,2024-12-01,Gadget X,5,7.0,35.0,Ayesha Ahmed
ORD79386,2024-01-09,Gadget Y,8,4.94,39.0,Hassan Lee
ORD79397,2024-06-19,Widget A,8,13.75,110.0,Hassan Iqbal
ORD79414,2024-06-17,Service Plan,8,49.0,392.0,Fatima Iqbal
ORD79414,2024-11-13,Service Plan,3,49.99,149.97,Hassan Ahmed
ORD79419,2024-06-18,Service Plan,8,49.0,392.0,John Smith
ORD79421,2024-11-27,Widget B,7,1999.0,13993.0,Ayesha Iqbal
ORD79432,2024-08-12,Service Plan,6,4999.0,29994.0,Fatima Patel
ORD79443,2024-10-23,Widget A,2,13.75,27.5,Ali Iqbal
ORD79444,2024-09-18,Widget B,8,21.99,175.92,Fatima Lee
ORD79460,2024-06-02,Service Plan,7,5499.0,38493.0,Noor Lee
ORD79472,2024-10-16,Widget A,6,12.0,72.0,Hassan Iqbal
ORD79478,2024-07-28,Widget B,9,19.99,179.91,Ali Iqbal
ORD79479,2024-07-23,Service Plan,1,49.99,49.99,Ayesha Khan
ORD79479,2024-10-04,Widget A,9,11.25,101.25,Hassan Patel
ORD79498,2024-07-05,Widget B,5,19.99,99.0,Sara Khan
ORD79506,2024-11-09,Gadget X,6,7.7,46.0,John Iqbal
ORD79508,2024-10-19,Widget B,3,19.99,59.0,John Ahmed
ORD79514,2024-10-08,Widget A,4,12.5,50.0,Maria Smith
ORD79518,2024-05-07,Widget A,4,11.0,44.0,John Garcia
ORD79528,2024-10-08,Widget A,6,12.5,75.0,Omar Patel
ORD79566,2024-09-10,Widget A,1,12.5,12.5,Zain Ahmed
ORD79567,2024-04-11,Gadget Y,3,494.0,1482.0,Maria Lee
ORD79579,2024-10-12,Widget B,3,19.99,59.97,Hassan Garcia
ORD79581,2024-10-19,Gadget Y,2,4.94,10.0,John Chen
ORD79594,2024-06-10,Service Plan,5,49.99,249.95,Zain Smith
ORD79596,2024-12-02,Widget B,3,19.0,57.0,Ali Iqbal
ORD79602,2024-09-23,Gadget X,2,7.0,14.0,Fatima Ahmed
ORD79621,2024-08-10,Widget A,9,12.5,112.0,Ali Reyes
ORD79637,2024-07-30,Gadget X,3,7.0,21.0,John Garcia
ORD79643,2024-12-24,Gadget X,2,770.0,1540.0,Maria Garcia
ORD79644,2024-06-24,Gadget Y,3,5.49,16.47,Noor Ahmed
ORD79648,2024-09-10,Gadget X,8,630.0,5040.0,Zain Reyes
ORD79683,2024-11-06,Gadget X,1,700.0,700.0,Maria Ahmed
ORD79689,2024-06-06,Widget B,1,1799.0,1799.0,Zain Garcia
ORD79689,2024-10-14,Gadget X,8,770.0,6160.0,Sara Chen
ORD79702,2024-07-16,Gadget Y,10,549.0,5490.0,John Chen
ORD79703,2024-08-24,Widget A,10,12.5,125.0,Fatima Garcia
ORD79721,2024-11-07,Service Plan,6,44.99,269.95,Maria Hussain
ORD79751,2024-09-18,Widget B,6,19.99,119.94,Noor Reyes
ORD79762,2024-08-25,Widget B,5,2199.0,10995.0,Fatima Reyes
ORD79770,2024-09-27,Gadget X,4,7.0,28.0,Hassan Garcia
ORD79771,2024-06-01,Service Plan,6,44.99,269.94,Fatima Lee
ORD79785,2024-06-13,Service Plan,2,44.0,88.0,John Ahmed
ORD79785,2024-07-23,Service Plan,10,49.99,499.9,Hassan Smith
ORD79820,2024-08-30,Gadget Y,8,494.0,3952.0,Omar Smith
ORD79823,2024-08-15,Gadget Y,6,6.0,36.23,Hassan Chen
ORD79835,2024-06-18,Service Plan,6,4999.0,29994.0,Omar Chen
ORD79841,2024-11-17,Service Plan,4,54.0,216.0,Noor Lee
ORD79850,2024-10-21,Widget A,1,11.25,11.25,Noor Hussain
ORD79850,2024-11-24,Widget B,1,1999.0,1999.0,Ali Khan
ORD79851,2024-06-20,Widget B,3,17.99,53.97,Hassan Patel
ORD79855,2024-09-23,Widget B,3,19.99,59.97,Ayesha Smith
ORD79866,2024-07-18,Widget A,5,12.5,62.5,Ayesha Garcia
ORD79877,2024-12-27,Gadget Y,3,494.0,1482.0,Zain Chen
ORD79880,2024-07-10,Widget A,6,12.5,75.0,Fatima Khan
ORD79880,2024-11-22,Widget A,7,13.75,96.25,Hassan Hussain
ORD79881,2024-10-22,Gadget Y,1,6.04,6.04,Hassan Garcia
ORD79883,2024-10-29,Widget A,9,12.5,112.5,Omar Khan
ORD79919,2024-10-01,Widget A,6,12.5,75.0,Ali Lee
ORD79930,2024-07-11,Service Plan,4,4999.0,19996.0,Maria Hussain
ORD79936,2024-08-05,Gadget Y,6,5.49,32.94,Hassan Chen
ORD79942,2024-09-26,Gadget X,6,7.0,42.0,Fatima Chen
ORD79942,2024-12-14,Widget B,4,19.99,79.96,Omar Smith
ORD79944,2024-06-20,Gadget X,7,7.0,49.0,Zain Chen
ORD79958,2024-06-10,Widget A,1,12.5,12.5,Omar Lee
ORD79966,2024-07-02,Widget A,3,12.5,37.5,Omar Iqbal
ORD79971,2024-10-31,Widget B,1,19.99,19.99,Ali Khan
ORD79976,2024-10-26,Widget B,10,1799.0,17990.0,Ayesha Patel
ORD79977,2024-12-21,Service Plan,4,4999.0,19996.0,Maria Smith
ORD79979,2024-07-31,Widget A,1,1250.0,1250.0,Ali Iqbal
ORD79982,2024-10-27,Widget A,6,1250.0,7500.0,Ali Khan
ORD79996,2024-06-22,Widget B,8,19.99,159.92,Zain Hussain
ORD79999,2024-12-07,Widget A,10,1250.0,12500.0,Sara Hussain
ORD80004,2024-11-17,Service Plan,5,49.99,249.95,Zain Lee
ORD80008,2024-06-07,Gadget Y,10,4.0,40.0,Hassan Khan
ORD80023,2024-09-27,Widget B,7,17.99,125.0,Sara Lee
ORD80028,2024-07-13,Service Plan,10,5499.0,54990.0,Omar Ahmed
ORD80033,2024-11-26,Widget B,9,2199.0,19791.0,Ayesha Chen
ORD80034,2024-10-06,Widget A,10,1250.0,12500.0,Maria Iqbal
ORD80053,2024-08-04,Gadget X,10,7.7,77.0,Omar Khan
ORD80055,2024-07-11,Gadget Y,4,4.94,19.76,Maria Lee
ORD80085,2024-07-17,Gadget X,7,7.0,49.0,Maria Khan
ORD80091,2024-10-10,Gadget X,8,7.0,56.0,Zain Patel
ORD80096,2024-12-01,Service Plan,2,54.0,109.98,Zain Reyes
ORD80098,2024-07-20,Gadget Y,6,5.0,30.0,Omar Lee
ORD80100,2024-12-04,Widget A,2,11.0,22.0,Noor Lee
ORD80101,2024-06-02,Service Plan,2,44.99,89.98,Noor Ahmed
ORD80111,2024-07-31,Gadget Y,7,549.0,3843.0,John Lee
ORD80111,2024-10-24,Widget A,9,1250.0,11250.0,Zain Smith
ORD80112,2024-08-26,Widget B,1,19.99,19.99,Ali Ahmed
ORD80129,2024-09-10,Widget A,2,1250.0,2500.0,Hassan Chen
ORD80143,2024-08-05,Widget B,5,21.99,109.95,Zain Iqbal
ORD80150,2024-12-26,Widget A,10,12.5,125.0,Omar Garcia
ORD80167,2024-11-10,Widget B,9,1999.0,17991.0,Ali Iqbal
ORD80184,2024-07-29,Service Plan,7,4999.0,34993.0,Ayesha Khan
ORD80189,2024-10-21,Widget A,3,13.75,41.0,Maria Lee
ORD80208,2024-06-03,Gadget X,4,7.0,28.0,Maria Hussain
ORD80244,2024-08-31,Widget B,8,19.99,159.92,Noor Khan
ORD80259,2024-11-12,Service Plan,7,49.0,343.0,Zain Iqbal
ORD80275,2024-11-08,Service Plan,4,44.0,176.0,Hassan Hussain
ORD80295,2024-08-28,Gadget Y,5,549.0,2745.0,Sara Smith
ORD80314,2024-11-17,Gadget Y,6,4.94,29.64,Ayesha Hussain
ORD80316,2024-06-30,Gadget Y,10,604.0,6040.0,Noor Chen
ORD80327,2024-10-02,Widget B,3,19.99,59.97,Sara Lee
ORD80340,2024-10-15,Gadget Y,8,4.94,39.53,Sara Patel
ORD80341,2024-09-07,Widget B,6,17.99,107.95,Fatima Khan
ORD80355,2024-06-17,Service Plan,4,5499.0,21996.0,Sara Smith
ORD80360,2024-10-31,Widget A,6,12.5,75.0,Hassan Hussain
ORD80367,2024-11-26,Service Plan,9,49.99,449.91,Maria Smith
ORD80373,2024-10-31,Widget A,2,12.5,25.0,Noor Iqbal
ORD80387,2024-06-22,Gadget X,7,7.0,49.0,Ayesha Iqbal
ORD80387,2024-08-07,Service Plan,9,44.99,404.91,Noor Hussain
ORD80388,2024-10-27,Widget A,3,1375.0,4125.0,Omar Garcia
ORD80390,2024-11-22,Gadget Y,2,4.0,8.0,Hassan Chen
ORD80393,2024-12-17,Gadget X,8,7.0,56.0,John Chen
ORD80410,2024-12-18,Gadget X,3,6.3,18.9,Fatima Lee
ORD80412,2024-07-31,Widget B,2,1799.0,3598.0,Noor Iqbal
ORD80413,2024-10-07,Widget B,9,21.99,197.0,John Patel
ORD80423,2024-10-11,Gadget Y,9,5.0,45.0,Maria Garcia
ORD80425,2024-08-27,Gadget X,10,7.0,70.0,Fatima Patel
ORD80429,2024-11-21,Widget B,9,21.0,189.0,Fatima Garcia
ORD80432,2024-06-11,Widget B,4,1999.0,7996.0,John Chen
ORD80443,2024-12-27,Gadget X,4,6.3,25.0,Ali Reyes
ORD80457,2024-07-05,Gadget Y,8,5.0,40.0,Omar Ahmed
ORD80461,2024-11-07,Gadget X,9,6.3,56.7,Zain Garcia
ORD80465,2024-08-13,Widget B,8,17.99,143.93,Sara Garcia
ORD80498,2024-10-31,Widget B,3,1799.0,5397.0,Noor Iqbal
ORD80513,2024-02-10,Gadget X,3,7.0,21.0,Hassan Ahmed
ORD80517,2024-07-25,Widget B,9,17.0,153.0,Ali Iqbal
ORD80522,2024-06-02,Gadget X,6,700.0,4200.0,Hassan Khan
ORD80527,2024-09-16,Gadget X,6,7.0,42.0,Maria Reyes
ORD80529,2024-09-12,Widget A,8,11.25,90.0,Omar Reyes
ORD80530,2024-12-30,Widget A,8,13.75,110.0,Zain Smith
ORD80546,2024-10-25,Gadget Y,5,6.0,30.0,Ali Patel
ORD80551,2024-10-13,Gadget X,3,7.0,21.0,Noor Reyes
ORD80552,2024-07-22,Widget B,4,19.99,79.96,Omar Ahmed
ORD80560,2024-07-25,Gadget X,2,7.0,14.0,Ali Ahmed
ORD80566,2024-09-27,Widget B,5,19.99,99.95,Fatima Reyes
ORD80569,2024-08-07,Gadget X,10,7.7,77.0,Sara Iqbal
ORD80571,2024-06-22,Widget B,2,19.99,39.98,Noor Iqbal
ORD80572,2024-06-15,Gadget Y,1,4.0,4.0,John Ahmed
ORD80577,2024-01-11,Service Plan,3,5499.0,16497.0,John Hussain
ORD80578,2024-11-20,Widget B,1,17.99,17.99,Sara Chen
ORD80578,2024-12-27,Gadget X,7,7.0,49.0,Zain Khan
ORD80593,2024-07-19,Widget A,5,13.75,68.75,Fatima Reyes
ORD80596,2024-09-21,Widget B,1,19.99,19.99,Ayesha Chen
ORD80596,2024-10-07,Gadget Y,10,549.0,5490.0,Hassan Garcia
ORD80597,2024-10-24,Service Plan,7,49.99,349.93,Ayesha Iqbal
ORD80598,2024-07-13,Widget B,4,21.99,87.96,Ayesha Smith
ORD80610,2024-07-25,Gadget Y,1,5.49,5.49,Ayesha Hussain
ORD80635,2024-06-27,Gadget Y,5,5.0,25.0,Fatima Khan
ORD80642,2024-08-08,Gadget Y,9,4.94,44.0,Sara Lee
ORD80643,2024-11-06,Widget B,9,19.99,179.91,Hassan Chen
ORD80644,2024-12-21,Service Plan,9,49.99,449.91,Hassan Patel
ORD80657,2024-07-25,Widget B,2,19.0,38.0,Omar Lee
ORD80661,2024-06-05,Gadget X,4,7.0,28.0,Sara Khan
ORD80675,2024-11-22,Widget B,1,19.99,19.99,Noor Smith
ORD80678,2024-11-25,Widget B,6,17.99,107.94,John Reyes
ORD80679,2024-08-26,Widget B,9,2199.0,19791.0,Hassan Garcia
ORD80697,2024-12-17,Service Plan,1,44.99,44.99,Ayesha Khan
ORD80707,2024-07-29,Service Plan,3,49.99,149.97,Zain Patel
ORD80717,2024-11-26,Widget B,6,19.99,119.94,Omar Chen
ORD80723,2024-12-27,Widget B,4,19.99,79.96,Fatima Chen
ORD80739,2024-09-18,Service Plan,2,49.99,99.98,Omar Smith
ORD80759,2024-08-15,Widget B,2,1999.0,3998.0,Ayesha Reyes
ORD80772,2024-08-20,Widget B,7,21.0,147.0,Hassan Khan
ORD80782,2024-09-29,Gadget X,10,7.0,70.0,Ayesha Patel
ORD80790,2024-09-10,Gadget Y,7,6.04,42.27,Fatima Patel
ORD80809,2024-07-29,Widget B,2,17.99,35.98,John Reyes
ORD80819,2024-06-08,Widget B,8,2199.0,17592.0,John Lee
ORD80832,2024-12-10,Gadget X,4,7.0,28.0,Maria Chen
ORD80834,2024-07-31,Widget A,9,12.0,108.0,Noor Chen
ORD80846,2024-11-10,Widget A,4,1375.0,5500.0,Fatima Hussain
ORD80848,2024-10-18,Widget A,1,13.0,13.0,Fatima Reyes
ORD80858,2024-10-03,Gadget X,10,7.0,70.0,Ayesha Hussain
ORD80859,2024-12-26,Widget A,2,12.5,25.0,Ali Iqbal
ORD80887,2024-06-13,Gadget X,9,7.0,63.0,Ali Reyes
ORD80893,2024-11-14,Widget A,2,12.5,25.0,Hassan Chen
ORD80894,2024-08-19,Service Plan,3,54.99,164.97,Ali Reyes
ORD80912,2024-11-14,Widget B,1,19.0,19.0,Ayesha Khan
ORD80926,2024-12-08,Gadget Y,6,549.0,3294.0,Maria Iqbal
ORD80966,2024-07-04,Gadget Y,6,604.0,3624.0,Ayesha Chen
ORD80969,2024-09-08,Gadget Y,9,549.0,4941.0,Fatima Reyes
ORD80972,2024-10-16,Gadget Y,3,4.0,12.0,Zain Khan
ORD80975,2024-07-29,Gadget Y,3,5.0,15.0,Fatima Reyes
ORD80999,2024-09-04,Widget A,4,11.0,44.0,Omar Khan
ORD80999,2024-09-25,Gadget Y,2,604.0,1208.0,Maria Chen
ORD80999,2024-11-29,Gadget X,10,7.0,70.0,Maria Hussain
ORD81007,2024-10-27,Service Plan,9,49.99,449.91,Omar Garcia
ORD81015,2024-08-16,Widget A,4,11.25,45.0,Omar Iqbal
ORD81017,2024-07-22,Widget B,8,1999.0,15992.0,Noor Chen
ORD81031,2024-08-21,Gadget X,1,7.0,7.0,Ali Lee
ORD81049,2024-09-03,Service Plan,1,49.0,49.0,Maria Chen
ORD81056,2024-08-28,Service Plan,6,49.0,294.0,Ali Iqbal
ORD81057,2024-12-28,Gadget X,9,7.0,63.0,Zain Smith
ORD81067,2024-11-25,Gadget X,6,7.0,42.0,Zain Iqbal
ORD81071,2024-12-05,Gadget X,8,7.0,56.0,John Hussain
ORD81075,2024-12-23,Widget A,3,12.5,37.5,Fatima Patel
ORD81076,2024-08-09,Service Plan,8,4999.0,39992.0,Zain Smith
ORD81084,2024-10-16,Gadget Y,6,5.49,32.94,Maria Iqbal
ORD81092,2024-11-22,Gadget Y,6,4.94,29.65,Ali Iqbal
ORD81095,2024-09-09,Widget A,2,12.5,25.0,Maria Garcia
ORD81098,2024-12-06,Gadget X,6,7.0,42.0,Ali Smith
ORD81122,2024-10-18,Widget B,1,1799.0,1799.0,Zain Lee
ORD81129,2024-11-11,Widget B,5,17.99,89.95,Maria Chen
ORD81139,2024-10-10,Widget A,4,12.0,48.0,Noor Hussain
ORD81143,2024-08-21,Widget A,2,12.5,25.0,Sara Ahmed
ORD81151,2024-08-11,Service Plan,1,44.99,44.99,Sara Hussain
ORD81151,2024-12-08,Gadget Y,1,5.49,5.49,Fatima Khan
ORD81171,2024-10-09,Service Plan,4,49.99,199.96,Zain Smith
ORD81186,2024-11-16,Gadget Y,2,5.49,10.98,Sara Iqbal
ORD81189,2024-12-03,Service Plan,2,49.99,99.0,Noor Iqbal
ORD81195,2024-07-12,Service Plan,7,49.99,349.0,John Iqbal
ORD81206,2024-09-10,Widget B,10,2199.0,21989.0,Noor Smith
ORD81225,2024-09-26,Widget B,5,1999.0,9995.0,Noor Garcia
ORD81235,2024-06-28,Gadget Y,8,5.0,40.0,John Hussain
ORD81236,2024-06-28,Gadget X,6,7.0,42.0,Omar Patel
ORD81239,2024-07-09,Gadget Y,4,4.94,19.76,John Patel
ORD81261,2024-11-15,Widget B,1,17.0,17.0,Zain Khan
ORD81283,2024-07-10,Widget A,6,13.75,82.5,Ali Smith
ORD81299,2024-09-11,Gadget Y,7,6.04,42.28,Sara Patel
ORD81308,2024-09-29,Gadget X,5,700.0,3500.0,Hassan Reyes
ORD81317,2024-08-27,Widget B,3,19.99,59.97,Hassan Lee
ORD81328,2024-12-16,Gadget Y,4,5.49,21.96,Fatima Ahmed
ORD81341,2024-09-06,Widget A,10,11.25,112.5,John Chen
ORD81346,2024-06-12,Widget B,8,19.99,159.92,Ali Hussain
ORD81359,2024-07-14,Gadget Y,1,549.0,549.0,Hassan Patel
ORD81387,2024-08-15,Widget A,9,13.75,123.75,Maria Garcia
ORD81391,2024-09-09,Gadget Y,1,5.49,5.49,Sara Lee
ORD81403,2024-06-05,Gadget Y,6,5.0,30.0,Ali Chen
ORD81407,2024-10-06,Gadget X,1,7.0,7.0,Maria Khan
ORD81410,2024-10-09,Gadget Y,4,6.04,24.16,Zain Khan
ORD81411,2024-06-19,Widget A,5,12.0,60.0,Omar Chen
ORD81428,2024-08-27,Service Plan,4,49.0,196.0,Ayesha Hussain
ORD81433,2024-08-09,Widget B,2,1799.0,3598.0,Maria Garcia
ORD81437,2024-10-16,Gadget X,2,7.0,14.0,Zain Garcia
ORD81444,2024-01-10,Gadget Y,10,5.49,54.9,Ali Lee
ORD81448,2024-09-26,Widget B,7,19.99,139.93,Hassan Smith
ORD81489,2024-07-01,Widget A,2,12.5,25.0,Omar Ahmed
ORD81492,2024-07-01,Service Plan,5,49.99,249.0,Maria Patel
ORD81497,2024-06-30,Widget A,4,12.5,50.0,Omar Ahmed
ORD81500,2024-07-11,Widget A,10,11.0,110.0,Ayesha Iqbal
ORD81511,2024-12-24,Widget A,1,12.5,12.5,Ali Reyes
ORD81516,2024-07-17,Service Plan,1,54.0,54.99,Omar Reyes
ORD81522,2024-09-20,Widget A,7,1375.0,9625.0,Ayesha Chen
ORD81556,2024-12-16,Widget A,8,11.25,90.0,Noor Reyes
ORD81578,2024-12-15,Gadget X,4,6.3,25.2,Ali Khan
ORD81606,2024-10-30,Service Plan,4,44.0,176.0,Ayesha Reyes
ORD81632,2024-08-03,Gadget Y,5,494.0,2470.0,Fatima Hussain
ORD81656,2024-11-11,Gadget X,5,7.0,35.0,John Chen
ORD81673,2024-06-26,Widget B,10,17.99,179.91,Ali Reyes
ORD81673,2024-10-15,Gadget X,2,7.7,15.4,Hassan Chen
ORD81686,2024-07-07,Gadget X,1,7.0,7.0,Hassan Garcia
ORD81694,2024-12-18,Gadget X,4,6.3,25.2,Ali Chen
ORD81702,2024-05-06,Gadget X,5,7.0,35.0,Fatima Chen
ORD81712,2024-07-18,Gadget Y,9,5.49,49.41,Ayesha Khan
ORD81718,2024-06-30,Service Plan,10,49.99,499.9,Noor Khan
ORD81720,2024-07-14,Widget B,3,17.99,53.0,John Lee
ORD81725,2024-06-10,Widget A,10,12.0,120.0,Sara Garcia
ORD81726,2024-06-28,Widget B,2,19.99,39.98,Noor Reyes
ORD81727,2024-08-08,Gadget Y,10,5.49,54.9,Omar Smith
ORD81742,2024-06-08,Gadget Y,4,6.04,24.16,Omar Patel
ORD81748,2024-10-04,Gadget Y,10,4.94,49.0,Noor Hussain
ORD81761,2024-06-16,Widget A,9,1375.0,12375.0,Fatima Chen
ORD81774,2024-10-13,Widget B,7,1999.0,13993.0,Maria Reyes
ORD81780,2024-12-07,Gadget X,7,7.0,49.0,Sara Ahmed
ORD81781,2024-10-25,Widget B,9,19.99,179.91,Omar Chen
ORD81789,2024-10-25,Gadget X,10,7.0,70.0,Fatima Smith
ORD81819,2024-12-31,Widget A,5,12.5,62.0,Fatima Reyes
ORD81825,2024-10-07,Gadget X,1,7.7,7.7,Ayesha Smith
ORD81834,2024-10-28,Service Plan,2,49.99,99.98,John Khan
ORD81850,2024-11-22,Widget B,4,19.0,76.0,Omar Patel
ORD81888,2024-12-31,Widget B,6,17.99,107.94,Hassan Garcia
ORD81924,2024-06-15,Service Plan,2,49.0,98.0,Ayesha Garcia
ORD81924,2024-07-15,Widget B,6,17.99,107.95,Fatima Chen
ORD81924,2024-08-09,Service Plan,4,49.99,199.96,John Khan
ORD81928,2024-06-05,Gadget X,9,6.0,54.0,Sara Garcia
ORD81937,2024-07-29,Widget A,4,11.25,45.0,Zain Patel
ORD81939,2024-09-27,Service Plan,2,49.99,99.98,Fatima Hussain
ORD81945,2024-09-25,Widget A,6,11.0,66.0,Hassan Ahmed
ORD81956,2024-09-23,Widget A,9,1250.0,11250.0,Hassan Iqbal
ORD81959,2024-07-29,Service Plan,9,44.99,404.92,Omar Smith
ORD81991,2024-08-26,Service Plan,8,44.99,359.93,Maria Garcia
ORD81996,2024-12-29,Gadget X,3,6.3,18.9,Maria Chen
ORD82001,2024-09-11,Gadget Y,3,5.49,16.47,Fatima Lee
ORD82013,2024-08-07,Widget A,6,12.5,75.0,Hassan Reyes
ORD82013,2024-12-31,Widget B,3,1799.0,5397.0,Noor Chen
ORD82015,2024-10-16,Gadget Y,6,5.0,30.0,Hassan Khan
ORD82030,2024-06-06,Widget A,4,13.75,55.0,Ali Hussain
ORD82034,2024-12-10,Widget A,5,1375.0,6875.0,Sara Lee
ORD82036,2024-06-04,Widget A,3,12.5,37.5,Sara Ahmed
ORD82036,2024-07-23,Widget B,1,17.99,17.99,Sara Hussain
ORD82038,2024-06-02,Widget B,5,19.0,95.0,Omar Reyes
ORD82051,2024-10-30,Service Plan,2,54.99,109.98,Omar Ahmed
ORD82053,2024-11-07,Widget A,6,11.25,67.5,Sara Hussain
ORD82056,2024-05-06,Widget A,4,13.0,52.0,Zain Smith
ORD82065,2024-08-12,Widget A,8,12.5,100.0,Fatima Smith
ORD82072,2024-06-27,Widget B,6,19.99,119.94,Sara Ahmed
ORD82086,2024-08-26,Gadget Y,5,5.0,25.0,Ayesha Reyes
ORD82105,2024-03-08,Widget A,8,12.5,100.0,Hassan Lee
ORD82113,2024-12-21,Service Plan,1,49.0,49.0,Sara Chen
ORD82118,2024-08-10,Gadget X,1,7.0,7.0,Maria Iqbal
ORD82140,2024-08-24,Gadget X,8,7.0,56.0,Sara Chen
ORD82142,2024-11-03,Gadget Y,9,5.0,45.0,John Smith
ORD82157,2024-06-17,Gadget Y,6,549.0,3294.0,Ayesha Lee
ORD82158,2024-08-09,Widget A,6,1250.0,7500.0,Maria Reyes
ORD82173,2024-07-20,Gadget X,9,6.3,56.7,Hassan Garcia
ORD82177,2024-11-23,Gadget X,8,7.0,56.0,Maria Patel
ORD82179,2024-10-19,Service Plan,5,49.99,249.95,Sara Iqbal
ORD82180,2024-08-11,Widget B,3,19.99,59.97,Hassan Patel
ORD82191,2024-06-08,Service Plan,6,4499.0,26994.0,Hassan Iqbal
ORD82199,2024-11-12,Widget A,1,1125.0,1125.0,Hassan Garcia
ORD82212,2024-11-19,Gadget X,10,7.0,70.0,Hassan Lee
ORD82213,2024-09-12,Gadget Y,4,5.49,21.96,Noor Iqbal
ORD82218,2024-10-25,Widget A,5,11.0,55.0,Zain Iqbal
ORD82227,2024-08-28,Gadget X,2,7.7,15.4,Ayesha Lee
ORD82229,2024-07-31,Service Plan,10,54.99,549.89,Ali Smith
ORD82237,2024-08-14,Service Plan,6,49.99,299.94,Zain Iqbal
ORD82254,2024-08-10,Gadget Y,2,5.49,10.98,John Hussain
ORD82254,2024-12-22,Widget A,9,12.5,112.5,Maria Reyes
ORD82294,2024-09-14,Widget A,1,12.0,12.0,Ayesha Garcia
ORD82303,2024-11-22,Gadget X,7,7.7,53.9,Omar Garcia
ORD82305,2024-07-04,Service Plan,2,49.99,99.0,Noor Ahmed
ORD82305,2024-08-14,Gadget X,4,7.0,28.0,John Khan
ORD82317,2024-07-19,Service Plan,3,49.99,149.97,Hassan Ahmed
ORD82333,2024-07-21,Gadget Y,2,5.49,10.98,Fatima Lee
ORD82334,2024-07-21,Service Plan,2,49.99,99.98,Ali Khan
ORD82339,2024-12-02,Gadget Y,4,5.49,21.96,Zain Lee
ORD82346,2024-09-22,Gadget X,8,7.0,56.0,Maria Chen
ORD82371,2024-08-18,Widget A,1,12.5,12.5,Sara Chen
ORD82399,2024-11-16,Gadget X,2,770.0,1540.0,Sara Hussain
ORD82403,2024-12-28,Gadget Y,4,6.04,24.16,Hassan Chen
ORD82425,2024-09-17,Widget B,2,1999.0,3998.0,Omar Chen
ORD82447,2024-06-03,Widget B,6,19.99,119.0,Omar Patel
ORD82461,2024-11-13,Gadget X,4,7.0,28.0,Maria Lee
ORD82461,2024-12-27,Service Plan,6,54.0,329.93,John Chen
ORD82464,2024-09-15,Gadget Y,7,5.0,35.0,Ayesha Garcia
ORD82475,2024-08-28,Gadget X,2,700.0,1400.0,Ali Iqbal
ORD82479,2024-11-15,Gadget Y,2,5.49,10.98,Sara Reyes
ORD82482,2024-08-19,Gadget X,8,6.3,50.4,Ayesha Khan
ORD82519,2024-11-27,Service Plan,9,4999.0,44991.0,Sara Ahmed
ORD82527,2024-11-17,Widget B,5,19.99,99.95,Zain Garcia
ORD82547,2024-07-26,Gadget Y,10,5.49,54.9,Zain Chen
ORD82575,2024-07-25,Widget A,3,1250.0,3750.0,Zain Ahmed
ORD82580,2024-07-20,Service Plan,10,49.99,499.9,Sara Iqbal
ORD82600,2024-12-12,Gadget Y,8,6.04,48.32,Noor Reyes
ORD82623,2024-12-28,Widget B,8,19.0,152.0,Noor Iqbal
ORD82629,2024-08-04,Service Plan,3,49.99,149.97,John Patel
ORD82638,2024-09-09,Widget A,5,1125.0,5625.0,Noor Iqbal
ORD82641,2024-07-24,Service Plan,4,49.99,199.96,Hassan Chen
ORD82643,2024-12-19,Gadget Y,7,5.0,35.0,Omar Khan
ORD82648,2024-08-12,Gadget X,4,7.0,28.0,Noor Hussain
ORD82653,2024-08-31,Service Plan,2,54.99,109.98,Ayesha Patel
ORD82675,2024-08-11,Widget A,5,12.5,62.5,Ayesha Khan
ORD82680,2024-07-25,Gadget X,2,7.0,14.0,John Lee
ORD82684,2024-06-27,Service Plan,2,49.0,98.0,Omar Ahmed
ORD82689,2024-07-17,Gadget Y,4,5.49,21.96,Zain Chen
ORD82697,2024-06-12,Gadget X,7,6.3,44.1,Ayesha Hussain
ORD82704,2024-06-30,Widget B,5,21.99,109.95,Hassan Lee
ORD82712,2024-12-16,Service Plan,3,49.0,147.0,Noor Chen
ORD82716,2024-06-09,Widget A,2,12.5,25.0,John Smith
ORD82722,2024-11-24,Gadget X,3,7.0,21.0,Hassan Iqbal
ORD82727,2024-08-25,Widget B,10,19.99,199.9,Hassan Ahmed
ORD82739,2024-11-09,Widget B,2,17.0,34.0,Zain Hussain
ORD82773,2024-09-18,Gadget Y,6,6.04,36.24,Sara Hussain
ORD82774,2024-10-05,Widget B,10,17.0,170.0,Hassan Garcia
ORD82783,2024-11-13,Gadget X,5,700.0,3500.0,Ayesha Garcia
ORD82794,2024-06-29,Gadget X,7,7.7,53.9,Sara Patel
ORD82794,2024-07-14,Gadget Y,8,6.04,48.32,Zain Iqbal
ORD82803,2024-06-16,Gadget Y,2,549.0,1098.0,John Chen
ORD82816,2024-08-14,Gadget X,9,770.0,6930.0,Zain Iqbal
ORD82821,2024-09-01,Widget A,9,12.5,112.5,Zain Smith
ORD82824,2024-10-24,Gadget Y,1,604.0,604.0,Ayesha Reyes
ORD82825,2024-08-14,Widget B,4,19.99,79.96,Ali Chen
ORD82837,2024-10-03,Widget A,1,12.5,12.5,John Ahmed
ORD82842,2024-06-18,Gadget Y,1,5.0,5.0,Zain Khan
ORD82852,2024-09-19,Gadget X,3,700.0,2100.0,Noor Garcia
ORD82864,2024-09-16,Widget A,2,13.75,27.5,Fatima Khan
ORD82875,2024-09-03,Gadget X,8,7.0,56.0,Hassan Ahmed
ORD82892,2024-07-18,Service Plan,10,49.0,499.0,John Lee
ORD82894,2024-12-12,Widget A,2,1125.0,2250.0,Sara Lee
ORD82897,2024-10-26,Gadget X,4,6.3,25.2,John Lee
ORD82916,2024-06-10,Widget A,9,11.0,99.0,Ayesha Iqbal
ORD82916,2024-07-23,Widget B,6,1999.0,11994.0,Noor Smith
ORD82955,2024-07-23,Gadget Y,10,5.49,54.9,Hassan Reyes
ORD82959,2024-09-07,Widget B,9,17.99,161.92,Sara Chen
ORD82961,2024-09-01,Gadget X,10,6.3,63.0,Omar Lee
ORD82964,2024-10-12,Widget B,2,1999.0,3998.0,Sara Smith
ORD82965,2024-09-27,Gadget X,3,700.0,2100.0,Fatima Ahmed
ORD82965,2024-11-07,Gadget X,7,700.0,4900.0,Sara Reyes
ORD82973,2024-12-15,Widget B,2,19.99,39.98,Fatima Ahmed
ORD82974,2024-11-05,Gadget Y,7,6.0,42.27,John Hussain
ORD82977,2024-09-13,Widget A,2,13.75,27.0,Hassan Hussain
ORD82979,2024-12-27,Gadget X,5,700.0,3500.0,Ayesha Patel
ORD82995,2024-10-16,Widget B,4,1799.0,7196.0,Sara Khan
ORD83005,2024-10-21,Service Plan,7,49.99,349.93,Omar Khan
ORD83008,2024-10-25,Gadget Y,5,5.49,27.45,Maria Khan
ORD83010,2024-08-08,Widget B,9,17.0,153.0,Sara Patel
ORD83019,2024-07-03,Widget B,8,21.99,175.92,John Reyes
ORD83030,2024-08-03,Widget A,8,11.25,90.0,Maria Patel
ORD83034,2024-06-05,Gadget X,5,7.0,35.0,Maria Ahmed
ORD83046,2024-07-19,Service Plan,8,54.99,439.0,Ayesha Patel
ORD83063,2024-12-22,Service Plan,4,4999.0,19996.0,John Reyes
ORD83071,2024-12-25,Gadget X,6,7.0,42.0,Zain Smith
ORD83080,2024-10-02,Widget B,6,1799.0,10794.0,Hassan Ahmed
ORD83082,2024-09-30,Gadget X,1,7.0,7.0,Sara Garcia
ORD83087,2024-06-16,Service Plan,4,49.99,199.96,John Garcia
ORD83092,2024-06-18,Gadget X,8,7.7,61.0,Ali Ahmed
ORD83097,2024-10-18,Widget B,4,19.99,79.96,John Garcia
ORD83113,2024-07-15,Gadget Y,1,5.0,5.0,Maria Lee
ORD83126,2024-09-30,Widget B,7,19.99,139.93,Ayesha Garcia
ORD83135,2024-07-22,Gadget Y,10,494.0,4940.0,Omar Iqbal
ORD83137,2024-11-05,Service Plan,9,4999.0,44991.0,Sara Hussain
ORD83176,2024-12-17,Widget A,9,12.5,112.5,Ayesha Ahmed
ORD83184,2024-11-17,Service Plan,5,49.99,249.0,Hassan Ahmed
ORD83184,2024-12-19,Gadget X,8,7.0,56.0,Fatima Reyes
ORD83190,2024-09-14,Gadget Y,8,4.94,39.52,Omar Reyes
ORD83198,2024-10-06,Service Plan,2,54.99,109.98,Hassan Patel
ORD83203,2024-12-01,Gadget X,1,7.7,7.7,Noor Lee
ORD83212,2024-08-23,Widget A,1,1250.0,1250.0,Maria Smith
ORD83215,2024-10-20,Gadget X,10,7.0,70.0,Ayesha Hussain
ORD83229,2024-10-28,Widget A,8,12.5,100.0,Omar Chen
ORD83246,2024-11-22,Service Plan,9,49.99,449.91,Noor Patel
ORD83258,2024-06-14,Widget B,2,21.99,43.98,John Chen
ORD83259,2024-10-31,Gadget X,8,6.0,48.0,Fatima Smith
ORD83259,2024-11-16,Gadget X,3,700.0,2100.0,Maria Lee
ORD83266,2024-07-31,Gadget X,2,7.0,14.0,Ayesha Reyes
ORD83272,2024-09-03,Widget A,10,1375.0,13750.0,Sara Hussain
ORD83273,2024-06-28,Service Plan,9,54.99,494.9,Sara Chen
ORD83273,2024-11-01,Service Plan,2,44.0,89.0,Omar Iqbal
ORD83288,2024-08-30,Service Plan,10,49.99,499.9,Zain Garcia
ORD83289,2024-08-22,Widget B,2,17.99,35.98,Ali Patel
ORD83298,2024-07-03,Widget B,9,1999.0,17991.0,Maria Garcia
ORD83310,2024-06-29,Widget A,9,12.0,108.0,Zain Reyes
ORD83315,2024-10-17,Widget A,3,12.5,37.5,Ali Iqbal
ORD83333,2024-10-25,Gadget Y,3,549.0,1647.0,Noor Garcia
ORD83342,2024-07-26,Widget B,1,19.0,19.0,Maria Smith
ORD83343,2024-09-26,Gadget Y,9,5.49,49.41,Fatima Reyes
ORD83343,2024-11-13,Gadget X,3,7.0,21.0,Omar Hussain
ORD83346,2024-11-24,Widget A,4,13.0,52.0,John Iqbal
ORD83351,2024-12-18,Widget A,9,12.5,112.0,Ali Khan
ORD83368,2024-06-26,Gadget X,9,7.0,63.0,Zain Garcia
ORD83389,2024-10-16,Widget B,7,17.99,125.94,Omar Garcia
ORD83393,2024-09-28,Gadget Y,4,5.49,21.96,Maria Garcia
ORD83403,2024-06-24,Service Plan,5,49.99,249.95,Omar Khan
ORD83405,2024-08-06,Gadget X,8,7.0,56.0,Noor Iqbal
ORD83420,2024-11-29,Service Plan,1,44.99,44.99,Hassan Reyes
ORD83440,2024-01-11,Widget B,9,1999.0,17991.0,Noor Patel
ORD83447,2024-09-03,Gadget X,2,700.0,1400.0,Ali Chen
ORD83457,2024-08-11,Gadget Y,3,5.49,16.47,Zain Smith
ORD83477,2024-10-18,Service Plan,9,49.99,449.91,Omar Garcia
ORD83490,2024-11-07,Widget A,4,12.0,48.0,John Khan
ORD83495,2024-08-01,Service Plan,8,54.99,439.0,Noor Chen
ORD83499,2024-10-23,Widget A,3,12.5,37.5,Hassan Reyes
ORD83504,2024-08-01,Service Plan,6,49.0,294.0,Noor Hussain
ORD83523,2024-12-06,Service Plan,3,49.99,149.0,Fatima Ahmed
ORD83525,2024-08-11,Service Plan,2,44.0,88.0,Ayesha Lee
ORD83526,2024-12-14,Service Plan,10,44.99,449.9,Maria Hussain
ORD83530,2024-06-07,Widget B,3,19.0,57.0,Maria Ahmed
ORD83531,2024-10-21,Widget A,10,11.0,110.0,Maria Patel
ORD83553,2024-12-12,Gadget X,2,7.0,14.0,John Iqbal
ORD83556,2024-12-21,Widget B,2,19.0,38.0,Hassan Chen
ORD83578,2024-07-25,Service Plan,1,49.99,49.99,Ali Reyes
ORD83592,2024-11-16,Widget A,2,12.5,25.0,Maria Smith
ORD83600,2024-09-19,Gadget Y,7,5.0,35.0,Ayesha Chen
ORD83603,2024-11-02,Service Plan,9,4999.0,44991.0,Omar Hussain
ORD83607,2024-10-08,Gadget Y,7,6.0,42.27,Ali Lee
ORD83614,2024-05-06,Service Plan,9,49.0,441.0,Hassan Patel
ORD83615,2024-08-12,Widget A,5,13.0,65.0,Omar Ahmed
ORD83633,2024-06-26,Gadget Y,5,4.94,24.71,Maria Patel
ORD83638,2024-07-20,Gadget X,9,700.0,6300.0,Noor Ahmed
ORD83661,2024-07-26,Gadget Y,4,549.0,2196.0,Omar Khan
ORD83666,2024-12-02,Widget A,9,12.0,108.0,Hassan Khan
ORD83667,2024-08-15,Gadget X,4,630.0,2520.0,Maria Reyes
ORD83679,2024-09-16,Widget A,8,13.75,110.0,Noor Khan
ORD83706,2024-07-23,Gadget Y,6,5.0,30.0,Noor Reyes
ORD83724,2024-08-30,Gadget X,7,7.0,49.0,Ali Reyes
ORD83733,2024-06-08,Widget B,2,21.99,43.98,John Reyes
ORD83734,2024-10-26,Gadget Y,9,5.49,49.41,Ali Khan
ORD83735,2024-06-27,Widget B,6,21.99,131.94,Hassan Ahmed
ORD83739,2024-09-11,Widget A,10,1125.0,11250.0,Ali Ahmed
ORD83743,2024-09-14,Widget B,5,17.99,89.95,Fatima Iqbal
ORD83758,2024-07-05,Widget A,10,13.0,130.0,John Hussain
ORD83768,2024-09-26,Gadget Y,6,604.0,3624.0,John Lee
ORD83774,2024-12-08,Service Plan,6,54.99,329.93,Ali Chen
ORD83784,2024-12-19,Widget B,7,19.0,133.0,Omar Iqbal
ORD83785,2024-09-04,Gadget X,8,630.0,5040.0,Maria Khan
ORD83786,2024-11-01,Gadget X,3,7.0,21.0,Omar Reyes
ORD83797,2024-01-12,Gadget Y,2,5.49,10.98,Maria Chen
ORD83805,2024-07-07,Widget A,6,1250.0,7500.0,Hassan Hussain
ORD83834,2024-06-13,Widget A,4,11.25,45.0,Hassan Garcia
ORD83847,2024-10-09,Service Plan,7,44.99,314.93,Omar Garcia
ORD83853,2024-08-15,Gadget X,4,6.3,25.2,John Hussain
ORD83863,2024-06-03,Gadget Y,6,5.49,32.94,Omar Reyes
ORD83884,2024-07-30,Gadget X,5,6.0,30.0,Omar Ahmed
ORD83887,2024-10-30,Service Plan,2,49.99,99.0,Sara Patel
ORD83906,2024-06-12,Widget A,5,12.5,62.5,Maria Ahmed
ORD83911,2024-10-08,Service Plan,4,44.99,179.96,Maria Smith
ORD83948,2024-10-04,Service Plan,4,54.99,219.0,Sara Khan
ORD83973,2024-11-23,Gadget Y,9,604.0,5436.0,Noor Hussain
ORD83975,2024-12-30,Gadget X,2,700.0,1400.0,Omar Patel
ORD83983,2024-09-09,Service Plan,9,49.0,441.0,Omar Reyes
ORD83995,2024-10-20,Widget A,5,1250.0,6250.0,Ali Patel
ORD83996,2024-10-28,Gadget Y,10,5.49,54.9,Omar Khan
ORD83997,2024-08-07,Gadget X,7,630.0,4410.0,Ali Garcia
ORD84009,2024-11-14,Widget B,9,1999.0,17991.0,Zain Smith
ORD84038,2024-12-13,Gadget Y,9,604.0,5436.0,John Chen
ORD84057,2024-07-28,Gadget X,9,6.3,56.7,Fatima Hussain
ORD84069,2024-10-02,Widget A,2,13.0,26.0,Zain Ahmed
ORD84076,2024-07-06,Widget B,7,19.99,139.93,Sara Chen
ORD84085,2024-09-29,Widget B,10,19.99,199.9,Omar Chen
ORD84086,2024-06-30,Service Plan,3,49.0,149.0,Hassan Patel
ORD84089,2024-07-11,Service Plan,8,5499.0,43992.0,Noor Lee
ORD84091,2024-07-26,Widget B,5,17.99,89.95,Hassan Smith
ORD84091,2024-10-13,Service Plan,2,49.99,99.98,Ali Reyes
ORD84098,2024-06-12,Service Plan,10,49.99,499.9,Ali Chen
ORD84100,2024-11-21,Widget A,8,12.5,100.0,Noor Garcia
ORD84103,2024-07-07,Service Plan,3,44.99,134.97,Fatima Hussain
ORD84130,2024-09-20,Gadget X,8,7.0,56.0,Noor Khan
ORD84138,2024-12-12,Gadget Y,9,5.0,45.0,Hassan Chen
ORD84144,2024-12-30,Widget B,9,17.99,161.0,Zain Patel
ORD84153,2024-07-23,Gadget X,4,6.3,25.2,Sara Iqbal
ORD84199,2024-08-25,Service Plan,5,54.0,274.95,Fatima Lee
ORD84206,2024-07-18,Widget B,9,19.99,179.91,John Smith
ORD84228,2024-11-16,Gadget Y,2,5.49,10.98,Omar Iqbal
ORD84233,2024-06-02,Widget B,7,21.0,146.0,Hassan Chen
ORD84242,2024-06-27,Widget A,10,12.5,125.0,Fatima Patel
ORD84261,2024-09-27,Gadget X,4,7.0,28.0,John Smith
ORD84275,2024-12-08,Service Plan,5,49.99,249.95,Ayesha Lee
ORD84297,2024-04-08,Widget B,9,19.99,179.91,Fatima Iqbal
ORD84301,2024-11-05,Widget B,7,1999.0,13993.0,Sara Garcia
ORD84314,2024-08-30,Service Plan,10,49.99,499.9,John Garcia
ORD84340,2024-07-10,Widget B,8,19.0,152.0,Hassan Patel
ORD84341,2024-12-01,Gadget X,4,7.7,30.8,Zain Chen
ORD84348,2024-12-11,Gadget Y,5,604.0,3020.0,Ayesha Khan
ORD84351,2024-11-04,Widget B,7,19.99,139.0,Sara Garcia
ORD84353,2024-06-18,Service Plan,4,4999.0,19996.0,Sara Smith
ORD84369,2024-07-21,Widget A,9,13.75,123.75,Maria Khan
ORD84369,2024-09-10,Gadget X,6,7.0,42.0,Omar Khan
ORD84375,2024-09-08,Service Plan,9,49.99,449.91,Fatima Reyes
ORD84381,2024-06-09,Widget B,10,19.99,199.9,Fatima Smith
ORD84399,2024-12-23,Widget A,5,11.0,55.0,Maria Iqbal
ORD84407,2024-11-02,Gadget X,10,7.0,70.0,John Lee
ORD84412,2024-08-08,Service Plan,9,49.99,449.91,Ali Hussain
ORD84422,2024-09-23,Gadget Y,8,604.0,4832.0,Sara Garcia
ORD84427,2024-11-16,Gadget X,6,6.3,37.8,Zain Garcia
ORD84433,2024-06-15,Widget B,4,19.99,79.96,Sara Lee
ORD84459,2024-10-23,Gadget X,2,7.0,14.0,Sara Smith
ORD84462,2024-07-20,Service Plan,9,49.99,449.91,John Smith
ORD84462,2024-12-06,Service Plan,6,54.99,329.93,Noor Garcia
ORD84473,2024-09-26,Service Plan,6,4999.0,29994.0,Zain Iqbal
ORD84497,2024-08-12,Gadget X,3,700.0,2100.0,John Smith
ORD84502,2024-11-30,Gadget Y,4,549.0,2196.0,Ali Reyes
ORD84507,2024-07-12,Gadget X,6,700.0,4200.0,Zain Reyes
ORD84508,2024-06-04,Widget B,1,19.99,19.99,Hassan Reyes
ORD84509,2024-10-30,Widget A,9,12.5,112.5,Ali Hussain
ORD84515,2024-09-02,Gadget X,8,7.0,56.0,Maria Chen
ORD84522,2024-12-28,Gadget X,2,6.3,12.6,Zain Hussain
ORD84529,2024-06-25,Gadget Y,1,549.0,549.0,John Ahmed
ORD84529,2024-07-17,Service Plan,7,49.99,349.0,Maria Smith
ORD84536,2024-06-16,Gadget X,3,7.0,21.0,Ayesha Garcia
ORD84537,2024-06-19,Widget B,2,19.99,39.98,Maria Iqbal
ORD84537,2024-08-06,Widget B,4,19.99,79.96,Ayesha Garcia
ORD84539,2024-07-03,Gadget Y,4,5.49,21.96,Omar Lee
ORD84542,2024-08-06,Widget B,8,21.0,168.0,Zain Ahmed
ORD84554,2024-10-16,Service Plan,1,49.99,49.99,Maria Smith
ORD84558,2024-09-07,Gadget Y,4,604.0,2416.0,Ali Chen
ORD84571,2024-12-07,Gadget Y,5,4.94,24.71,Fatima Hussain
ORD84584,2024-11-05,Gadget X,4,7.0,28.0,Ayesha Patel
ORD84590,2024-11-16,Service Plan,7,49.99,349.93,Omar Lee
ORD84604,2024-08-16,Gadget X,8,7.7,61.6,Fatima Patel
ORD84604,2024-12-04,Gadget X,3,7.0,21.0,Fatima Chen
ORD84606,2024-07-14,Gadget X,2,6.3,12.6,Fatima Ahmed
ORD84607,2024-08-13,Gadget Y,2,604.0,1208.0,Fatima Ahmed
ORD84651,2024-07-27,Widget A,8,13.75,110.0,Fatima Hussain
ORD84659,2024-12-29,Gadget X,1,7.0,7.0,Omar Garcia
ORD84660,2024-10-21,Gadget X,6,7.0,42.0,Sara Reyes
ORD84660,2024-11-13,Service Plan,5,49.99,249.95,Maria Reyes
ORD84660,2024-12-19,Widget B,10,19.99,199.9,John Smith
ORD84697,2024-07-07,Gadget Y,4,549.0,2196.0,Noor Reyes
ORD84700,2024-12-03,Widget B,4,19.99,79.96,Ayesha Ahmed
ORD84707,2024-09-17,Gadget X,2,7.0,14.0,Maria Iqbal
ORD84717,2024-11-08,Gadget Y,8,4.94,39.53,Noor Ahmed
ORD84725,2024-06-08,Widget A,2,13.75,27.0,Ayesha Smith
ORD84726,2024-06-13,Widget A,7,1250.0,8750.0,Hassan Reyes
ORD84754,2024-11-21,Service Plan,1,49.99,49.0,Ali Lee
ORD84760,2024-06-11,Gadget Y,5,5.49,27.45,John Ahmed
ORD84761,2024-08-28,Widget A,9,12.5,112.5,Ali Khan
ORD84778,2024-10-07,Service Plan,2,44.0,88.0,Omar Lee
ORD84786,2024-08-17,Gadget Y,9,494.0,4446.0,John Reyes
ORD84792,2024-12-08,Widget B,4,19.0,76.0,John Smith
ORD84796,2024-11-13,Service Plan,7,49.99,349.93,John Lee
ORD84798,2024-09-15,Widget B,2,17.99,35.98,Zain Khan
ORD84805,2024-12-13,Gadget Y,9,5.49,49.41,Sara Smith
ORD84807,2024-10-19,Widget B,1,19.99,19.99,Fatima Khan
ORD84808,2024-06-05,Gadget X,4,7.0,28.0,Ayesha Patel
ORD84827,2024-07-15,Widget B,9,19.0,171.0,Fatima Iqbal
ORD84828,2024-12-26,Widget B,2,19.99,39.98,Zain Smith
ORD84831,2024-08-31,Gadget Y,3,6.0,18.12,Fatima Patel
ORD84837,2024-11-02,Gadget X,9,7.0,63.0,John Garcia
ORD84840,2024-08-19,Widget A,4,13.75,55.0,Sara Ahmed
ORD84843,2024-09-23,Widget B,1,19.0,19.0,Maria Lee
ORD84859,2024-11-04,Service Plan,5,54.0,274.95,Maria Ahmed
ORD84859,2024-11-18,Gadget X,10,7.0,70.0,Fatima Chen
ORD84869,2024-09-05,Service Plan,4,44.99,179.96,Zain Lee
ORD84874,2024-10-14,Widget A,5,13.75,68.75,Sara Garcia
ORD84878,2024-10-17,Widget B,6,1999.0,11994.0,Zain Khan
ORD84892,2024-09-01,Widget B,5,1999.0,9995.0,Omar Lee
ORD84900,2024-11-01,Gadget X,6,700.0,4200.0,Maria Iqbal
ORD84904,2024-08-19,Widget B,1,1999.0,1999.0,Omar Ahmed
ORD84913,2024-11-27,Service Plan,9,49.99,449.91,Ayesha Smith
ORD84944,2024-11-23,Widget B,2,19.0,38.0,Omar Khan
ORD84948,2024-10-26,Gadget X,2,7.7,15.4,Ayesha Chen
ORD84969,2024-01-12,Gadget Y,3,5.49,16.47,Ayesha Reyes
ORD84974,2024-08-02,Gadget X,5,7.0,35.0,Hassan Smith
ORD84985,2024-09-22,Gadget Y,2,494.0,988.0,Fatima Iqbal
ORD84995,2024-09-29,Widget B,8,17.99,143.92,Sara Chen
ORD85000,2024-09-29,Gadget Y,9,549.0,4941.0,Noor Hussain
ORD85001,2024-06-12,Widget B,3,17.0,51.0,Zain Hussain
ORD85001,2024-11-26,Service Plan,8,54.99,439.92,Ayesha Iqbal
ORD85001,2024-12-23,Widget A,3,12.5,37.5,Omar Khan
ORD85004,2024-07-20,Gadget X,5,7.0,35.0,Ali Reyes
ORD85012,2024-09-18,Gadget X,9,7.0,63.0,Sara Iqbal
ORD85025,2024-08-17,Widget B,5,17.99,89.0,Omar Garcia
ORD85044,2024-04-09,Widget A,7,13.0,91.44,Sara Garcia
ORD85050,2024-07-01,Gadget Y,4,5.49,21.96,Hassan Iqbal
ORD85051,2024-06-27,Gadget X,7,7.0,49.0,Fatima Smith
ORD85055,2024-06-24,Widget A,10,11.25,112.5,John Chen
ORD85061,2024-08-23,Widget B,9,19.99,179.91,Ali Patel
ORD85084,2024-12-28,Widget B,1,21.99,21.99,Noor Chen
ORD85091,2024-11-23,Widget A,10,11.25,112.5,Noor Patel
ORD85101,2024-10-24,Widget A,6,1125.0,6750.0,Omar Hussain
ORD85135,2024-12-10,Service Plan,1,44.0,44.0,Hassan Ahmed
ORD85149,2024-06-27,Widget A,1,1250.0,1250.0,Ali Iqbal
ORD85150,2024-12-21,Gadget X,2,700.0,1400.0,Hassan Garcia
ORD85172,2024-07-06,Widget B,9,17.99,161.92,Noor Reyes
ORD85179,2024-08-01,Widget B,2,17.99,35.98,Maria Khan
ORD85191,2024-11-25,Widget A,4,13.0,52.0,Ayesha Ahmed
ORD85198,2024-07-11,Service Plan,9,54.99,494.91,Ayesha Lee
ORD85202,2024-09-13,Widget A,7,12.5,87.5,Sara Patel
ORD85221,2024-11-25,Service Plan,1,4499.0,4499.0,Fatima Khan
ORD85238,2024-08-25,Widget A,6,12.5,75.0,John Khan
ORD85251,2024-11-11,Gadget Y,8,4.94,39.52,Omar Reyes
ORD85256,2024-10-24,Widget B,4,1999.0,7996.0,Hassan Garcia
ORD85256,2024-12-12,Widget B,5,19.0,95.0,Fatima Reyes
ORD85257,2024-10-11,Gadget Y,1,5.49,5.49,Fatima Khan
ORD85267,2024-12-02,Service Plan,10,49.99,499.9,Ali Chen
ORD85272,2024-12-01,Service Plan,8,5499.0,43991.0,John Chen
ORD85275,2024-10-04,Gadget Y,4,5.49,21.96,Noor Smith
ORD85292,2024-08-30,Service Plan,3,4999.0,14997.0,Zain Patel
ORD85303,2024-10-08,Gadget Y,3,4.94,14.82,Omar Reyes
ORD85307,2024-12-26,Gadget Y,6,5.49,32.94,Noor Khan
ORD85310,2024-10-23,Gadget Y,2,4.94,9.88,Hassan Lee
ORD85314,2024-11-13,Gadget X,7,7.7,53.9,Ayesha Ahmed
ORD85318,2024-09-15,Gadget Y,5,5.0,25.0,Maria Smith
ORD85327,2024-08-11,Service Plan,6,5499.0,32993.0,Maria Smith
ORD85348,2024-08-08,Gadget Y,3,549.0,1647.0,Ali Khan
ORD85353,2024-09-16,Widget A,6,13.75,82.5,Fatima Iqbal
ORD85355,2024-08-09,Gadget Y,5,5.49,27.45,Noor Hussain
ORD85370,2024-08-13,Widget A,9,12.5,112.5,Noor Smith
ORD85375,2024-12-18,Widget B,3,21.99,65.0,Maria Patel
ORD85378,2024-06-27,Widget A,10,12.5,125.0,Zain Hussain
ORD85390,2024-09-17,Service Plan,6,49.0,294.0,Ali Garcia
ORD85394,2024-10-13,Gadget X,9,7.0,63.0,Noor Lee
ORD85396,2024-08-08,Widget B,2,17.0,34.18,Ayesha Garcia
ORD85423,2024-12-30,Gadget Y,2,604.0,1208.0,Hassan Khan
ORD85426,2024-06-18,Gadget X,8,7.0,56.0,Ayesha Iqbal
ORD85435,2024-12-25,Widget B,6,17.99,107.0,Hassan Reyes
ORD85461,2024-12-28,Service Plan,3,49.0,147.0,John Reyes
ORD85465,2024-06-02,Gadget Y,5,5.49,27.45,Ali Hussain
ORD85475,2024-02-08,Gadget Y,9,5.49,49.41,Maria Garcia
ORD85478,2024-10-03,Widget B,5,1999.0,9995.0,Omar Patel
ORD85485,2024-10-04,Gadget X,2,7.7,15.4,Maria Lee
ORD85511,2024-07-07,Gadget Y,1,604.0,604.0,Hassan Khan
ORD85513,2024-07-29,Gadget Y,8,5.0,40.0,Ali Smith
ORD85524,2024-06-08,Service Plan,6,54.99,329.93,Maria Hussain
ORD85527,2024-12-27,Widget A,10,12.5,125.0,Maria Iqbal
ORD85534,2024-12-13,Widget B,8,19.0,152.0,Omar Khan
ORD85555,2024-07-18,Service Plan,5,49.0,249.0,John Ahmed
ORD85556,2024-10-09,Widget B,4,17.99,71.96,John Khan
ORD85557,2024-08-01,Widget B,4,19.99,79.96,Ali Khan
ORD85569,2024-09-18,Widget A,2,12.5,25.0,Noor Patel
ORD85570,2024-12-22,Gadget X,7,7.0,49.0,Maria Hussain
ORD85573,2024-09-13,Widget A,6,11.25,67.5,John Smith
ORD85588,2024-09-02,Widget B,1,1999.0,1999.0,Ali Hussain
ORD85588,2024-09-07,Service Plan,2,49.99,99.98,Ali Reyes
ORD85602,2024-12-30,Gadget X,1,7.0,7.0,Fatima Ahmed
ORD85612,2024-11-06,Service Plan,4,49.99,199.0,Noor Ahmed
ORD85643,2024-07-06,Gadget X,1,7.0,7.0,Maria Chen
ORD85649,2024-06-01,Service Plan,2,49.99,99.98,Maria Ahmed
ORD85650,2024-08-08,Widget B,6,21.99,131.93,Omar Khan
ORD85657,2024-11-16,Widget A,4,1250.0,5000.0,Fatima Garcia
ORD85672,2024-06-18,Widget B,8,19.99,159.92,Fatima Hussain
ORD85682,2024-06-25,Gadget X,6,6.3,37.8,Sara Garcia
ORD85692,2024-09-11,Service Plan,1,49.99,49.99,Ayesha Patel
ORD85696,2024-08-08,Widget A,6,11.25,67.5,Ali Lee
ORD85740,2024-12-08,Gadget X,3,7.0,21.0,Noor Chen
ORD85748,2024-10-08,Widget B,3,2199.0,6597.0,Sara Garcia
ORD85749,2024-11-25,Widget A,10,11.0,110.0,Ali Ahmed
ORD85784,2024-06-25,Service Plan,6,49.99,299.94,John Chen
ORD85795,2024-05-07,Gadget X,4,6.0,24.0,Ayesha Smith
ORD85808,2024-07-12,Gadget Y,8,604.0,4832.0,Hassan Smith
ORD85809,2024-08-07,Gadget Y,1,5.0,5.0,Zain Lee
ORD85813,2024-09-05,Service Plan,2,54.99,109.98,Maria Hussain
ORD85816,2024-10-22,Widget A,8,12.0,96.0,Hassan Patel
ORD85831,2024-07-07,Gadget Y,4,5.0,20.0,Ayesha Ahmed
ORD85838,2024-12-15,Widget B,4,19.99,79.96,Zain Chen
ORD85841,2024-08-02,Widget A,8,12.5,100.0,Noor Patel
ORD85845,2024-08-09,Gadget X,4,7.0,28.0,Zain Reyes
ORD85846,2024-08-20,Service Plan,3,49.99,149.97,Zain Lee
ORD85860,2024-08-17,Gadget Y,3,549.0,1647.0,Fatima Iqbal
ORD85860,2024-11-24,Service Plan,5,49.99,249.95,Fatima Reyes
ORD85864,2024-06-18,Service Plan,5,44.0,220.0,Zain Iqbal
ORD85873,2024-06-25,Service Plan,7,49.0,343.0,John Hussain
ORD85877,2024-12-28,Gadget Y,2,494.0,988.0,Ayesha Hussain
ORD85890,2024-11-06,Widget A,8,11.25,90.0,Zain Patel
ORD85903,2024-08-09,Service Plan,3,49.99,149.97,Maria Khan
ORD85922,2024-07-01,Widget B,3,1999.0,5997.0,Ayesha Hussain
ORD85924,2024-09-06,Widget A,7,12.5,87.5,Maria Ahmed
ORD85927,2024-08-25,Service Plan,8,49.99,399.0,Omar Ahmed
ORD85934,2024-06-22,Gadget X,4,6.0,24.0,Ayesha Patel
ORD85961,2024-09-22,Gadget Y,4,4.0,16.0,Sara Iqbal
ORD85964,2024-08-05,Gadget Y,5,5.49,27.0,Ayesha Iqbal
ORD85979,2024-07-06,Gadget Y,7,5.49,38.43,Omar Lee
ORD85984,2024-12-26,Service Plan,10,54.99,549.9,Omar Chen
ORD85994,2024-08-07,Widget A,10,12.5,125.0,Noor Reyes
ORD85997,2024-12-10,Widget A,3,12.5,37.0,Ayesha Garcia
ORD86001,2024-08-30,Service Plan,9,54.99,494.0,Noor Khan
ORD86014,2024-06-04,Gadget X,2,7.0,14.0,John Chen
ORD86023,2024-06-27,Gadget Y,6,5.49,32.94,Omar Hussain
ORD86024,2024-11-15,Service Plan,10,49.0,499.0,Omar Chen
ORD86026,2024-07-10,Gadget X,9,6.0,54.0,Omar Reyes
ORD86027,2024-08-24,Widget A,2,12.0,24.0,Ali Lee
ORD86030,2024-06-15,Gadget Y,6,6.04,36.23,Ayesha Khan
ORD86034,2024-12-13,Widget A,10,12.0,120.0,Ali Iqbal
ORD86049,2024-09-15,Service Plan,8,49.0,392.0,Ayesha Lee
ORD86056,2024-11-08,Widget B,7,17.99,125.0,Ali Reyes
ORD86057,2024-07-01,Gadget Y,10,4.0,40.0,Omar Iqbal
ORD86059,2024-09-09,Gadget Y,1,4.0,4.0,John Smith
ORD86062,2024-06-16,Gadget Y,9,5.49,49.41,Ayesha Garcia
ORD86065,2024-11-16,Gadget Y,3,549.0,1647.0,Hassan Ahmed
ORD86072,2024-12-24,Widget A,5,13.75,68.0,John Smith
ORD86074,2024-12-17,Gadget X,4,7.0,28.0,Omar Ahmed
ORD86082,2024-06-20,Service Plan,7,54.99,384.92,Ayesha Iqbal
ORD86089,2024-08-12,Widget B,10,21.99,219.9,Noor Garcia
ORD86091,2024-06-24,Widget A,9,1375.0,12375.0,Sara Hussain
ORD86091,2024-07-27,Widget B,6,17.99,107.95,John Khan
ORD86091,2024-09-07,Widget B,9,19.99,179.0,Maria Khan
ORD86094,2024-06-25,Widget A,9,12.0,108.0,Omar Patel
ORD86095,2024-12-08,Gadget Y,4,5.49,21.96,Ali Reyes
ORD86100,2024-10-14,Gadget X,5,7.0,35.0,Zain Iqbal
ORD86104,2024-11-10,Gadget X,7,630.0,4410.0,Noor Garcia
ORD86116,2024-08-29,Service Plan,10,54.99,549.9,Fatima Reyes
ORD86118,2024-07-30,Gadget X,9,700.0,6300.0,Ayesha Ahmed
ORD86140,2024-11-28,Gadget X,1,7.0,7.0,Hassan Smith
ORD86142,2024-03-12,Widget B,9,19.0,171.0,Fatima Khan
ORD86145,2024-11-16,Gadget Y,4,5.49,21.96,Fatima Reyes
ORD86187,2024-05-09,Widget B,1,19.0,19.0,Omar Hussain
ORD86194,2024-09-04,Service Plan,6,49.0,294.0,John Chen
ORD86207,2024-07-12,Service Plan,6,49.99,299.94,Ayesha Lee
ORD86208,2024-07-24,Gadget X,7,7.0,49.0,Zain Garcia
ORD86210,2024-06-23,Widget A,6,12.5,75.0,John Reyes
ORD86221,2024-08-18,Widget A,3,1250.0,3750.0,Ayesha Smith
ORD86228,2024-06-28,Widget B,7,19.99,139.93,Ali Hussain
ORD86230,2024-10-23,Service Plan,10,49.99,499.0,Zain Lee
ORD86253,2024-11-13,Gadget X,7,700.0,4900.0,Fatima Ahmed
ORD86256,2024-08-08,Gadget Y,9,4.0,36.0,Sara Chen
ORD86257,2024-10-28,Gadget Y,4,5.0,20.0,Hassan Patel
ORD86285,2024-09-03,Service Plan,4,44.99,179.96,Fatima Khan
ORD86288,2024-11-08,Service Plan,5,4999.0,24995.0,Maria Smith
ORD86292,2024-12-14,Gadget X,7,7.7,53.0,Sara Ahmed
ORD86300,2024-06-13,Gadget Y,6,6.04,36.23,Omar Iqbal
ORD86304,2024-08-03,Widget B,5,19.99,99.95,Fatima Smith
ORD86312,2024-10-11,Gadget Y,1,5.49,5.49,Sara Khan
ORD86318,2024-08-17,Widget A,10,12.0,120.0,Maria Patel
ORD86325,2024-12-06,Service Plan,10,49.99,499.9,Ali Khan
ORD86339,2024-08-08,Widget B,10,1999.0,19990.0,Fatima Khan
ORD86339,2024-09-14,Service Plan,1,49.99,49.99,Sara Ahmed
ORD86344,2024-10-09,Gadget Y,7,5.49,38.43,Fatima Khan
ORD86345,2024-06-16,Gadget Y,3,5.49,16.47,Noor Garcia
ORD86360,2024-06-08,Widget A,10,13.0,130.0,Fatima Hussain
ORD86366,2024-10-13,Widget B,2,19.99,39.98,Ayesha Hussain
ORD86373,2024-09-06,Widget B,7,19.99,139.93,Zain Iqbal
ORD86377,2024-08-25,Widget B,10,19.99,199.9,Omar Smith
ORD86381,2024-10-07,Gadget X,6,7.0,42.0,Omar Patel
ORD86388,2024-08-06,Service Plan,3,49.99,149.97,Sara Reyes
ORD86395,2024-08-15,Gadget Y,9,5.49,49.41,Omar Smith
ORD86400,2024-07-28,Gadget X,7,7.0,49.0,Ali Lee
ORD86402,2024-11-23,Gadget Y,2,5.0,10.0,Omar Patel
ORD86407,2024-10-18,Service Plan,4,49.99,199.0,Omar Hussain
ORD86416,2024-06-27,Gadget Y,1,5.49,5.49,Fatima Garcia
ORD86435,2024-07-07,Widget B,8,19.0,152.0,Hassan Ahmed
ORD86455,2024-05-07,Gadget Y,9,5.49,49.41,Zain Iqbal
ORD86469,2024-09-06,Gadget X,5,6.0,30.0,Zain Smith
ORD86475,2024-07-15,Service Plan,5,54.99,274.95,Omar Ahmed
ORD86480,2024-06-15,Widget A,8,12.5,100.0,Fatima Reyes
ORD86484,2024-09-11,Gadget X,4,7.0,28.0,Hassan Iqbal
ORD86485,2024-07-16,Widget A,9,1250.0,11250.0,Maria Khan
ORD86488,2024-07-11,Gadget X,7,6.3,44.1,Ayesha Garcia
ORD86489,2024-10-08,Gadget Y,8,4.94,39.52,Zain Hussain
ORD86501,2024-10-08,Service Plan,2,49.99,99.98,Omar Khan
ORD86507,2024-08-18,Widget A,10,13.75,137.5,Noor Reyes
ORD86510,2024-08-01,Gadget X,10,6.3,63.0,Hassan Iqbal
ORD86535,2024-05-11,Service Plan,7,49.99,349.0,Sara Ahmed
ORD86540,2024-07-08,Widget B,1,17.99,17.99,Hassan Smith
ORD86564,2024-10-26,Widget B,4,19.99,79.96,Fatima Reyes
ORD86564,2024-12-10,Widget A,10,1250.0,12500.0,Omar Patel
ORD86568,2024-08-31,Gadget Y,6,4.94,29.65,John Hussain
ORD86582,2024-06-11,Gadget X,3,7.0,21.0,Ayesha Reyes
ORD86593,2024-03-07,Gadget Y,8,4.94,39.53,Fatima Ahmed
ORD86596,2024-06-20,Gadget Y,7,5.49,38.43,Fatima Reyes
ORD86599,2024-02-07,Widget B,1,21.99,21.99,Noor Smith
ORD86603,2024-09-21,Widget A,10,1125.0,11250.0,Maria Chen
ORD86607,2024-07-04,Gadget Y,2,549.0,1098.0,Hassan Khan
ORD86608,2024-05-06,Service Plan,4,4999.0,19996.0,Omar Garcia
ORD86639,2024-09-23,Widget B,2,19.99,39.98,John Chen
ORD86651,2024-10-23,Service Plan,1,4999.0,4999.0,Ali Khan
ORD86657,2024-11-21,Gadget Y,10,5.49,54.9,Maria Patel
ORD86679,2024-10-18,Gadget X,10,7.0,70.0,Hassan Patel
ORD86680,2024-10-11,Gadget Y,9,5.0,45.0,Noor Garcia
ORD86680,2024-11-02,Widget A,2,12.0,24.0,John Reyes
ORD86681,2024-09-23,Gadget Y,9,5.49,49.41,John Lee
ORD86692,2024-11-26,Service Plan,2,49.99,99.98,John Ahmed
ORD86706,2024-08-02,Widget B,5,17.99,89.95,Omar Iqbal
ORD86724,2024-12-15,Service Plan,5,4999.0,24995.0,Zain Chen
ORD86726,2024-08-25,Gadget X,2,7.0,14.0,Fatima Smith
ORD86730,2024-12-09,Service Plan,4,4999.0,19996.0,Ayesha Khan
ORD86731,2024-07-06,Service Plan,9,4999.0,44991.0,Hassan Reyes
ORD86735,2024-05-11,Service Plan,7,54.99,384.92,Omar Patel
ORD86735,2024-11-26,Service Plan,3,54.99,164.97,Ayesha Reyes
ORD86763,2024-07-01,Service Plan,8,49.99,399.92,Maria Iqbal
ORD86765,2024-08-21,Service Plan,8,4999.0,39992.0,Omar Reyes
ORD86774,2024-09-05,Widget B,5,19.99,99.0,Hassan Iqbal
ORD86783,2024-10-28,Gadget X,10,6.3,63.0,Hassan Iqbal
ORD86784,2024-11-16,Gadget Y,4,5.49,21.96,Noor Patel
ORD86787,2024-10-14,Service Plan,6,4499.0,26994.0,Ali Hussain
ORD86802,2024-02-10,Gadget X,8,700.0,5600.0,Ali Lee
ORD86810,2024-06-26,Gadget X,5,7.0,35.0,Zain Patel
ORD86817,2024-12-12,Widget B,7,21.0,147.0,Fatima Hussain
ORD86821,2024-11-27,Widget B,9,19.99,179.91,Noor Ahmed
ORD86832,2024-08-19,Gadget X,2,7.0,14.0,John Reyes
ORD86834,2024-07-14,Widget A,8,13.75,110.0,Maria Lee
ORD86854,2024-10-03,Widget B,6,17.99,107.0,Hassan Garcia
ORD86866,2024-12-18,Widget A,5,12.5,62.5,John Hussain
ORD86867,2024-06-05,Gadget X,8,700.0,5600.0,Zain Chen
ORD86928,2024-06-16,Widget A,7,12.5,87.0,Hassan Garcia
ORD86931,2024-10-27,Gadget Y,3,604.0,1812.0,Omar Reyes
ORD86939,2024-06-30,Gadget X,6,7.7,46.2,Maria Ahmed
ORD86955,2024-08-20,Widget A,7,12.5,87.5,Fatima Chen
ORD86962,2024-11-01,Widget A,3,1250.0,3750.0,Omar Ahmed
ORD86974,2024-02-10,Gadget Y,2,5.49,10.98,Ali Chen
ORD86974,2024-07-05,Gadget Y,8,5.49,43.92,Zain Ahmed
ORD86989,2024-12-04,Service Plan,8,49.99,399.92,Hassan Hussain
ORD87009,2024-08-01,Service Plan,10,54.99,549.89,Noor Lee
ORD87011,2024-12-18,Gadget X,8,7.0,56.0,Sara Chen
ORD87014,2024-08-16,Gadget Y,5,6.0,30.2,Ayesha Iqbal
ORD87020,2024-07-18,Gadget X,3,6.3,18.9,Sara Reyes
ORD87028,2024-10-08,Widget B,2,19.99,39.98,Ayesha Smith
ORD87037,2024-08-21,Gadget Y,9,4.94,44.47,Ayesha Patel
ORD87039,2024-09-09,Gadget Y,7,6.04,42.27,Zain Patel
ORD87070,2024-09-04,Gadget X,3,7.0,21.0,Sara Patel
ORD87110,2024-10-20,Widget B,10,19.99,199.9,Sara Chen
ORD87117,2024-09-26,Service Plan,9,54.99,494.9,John Khan
ORD87118,2024-08-24,Gadget Y,1,4.94,4.94,Maria Garcia
ORD87118,2024-11-09,Service Plan,7,4999.0,34993.0,Fatima Khan
ORD87123,2024-12-02,Widget A,5,13.0,65.0,Ayesha Ahmed
ORD87124,2024-10-30,Gadget Y,1,604.0,604.0,Ali Reyes
ORD87138,2024-06-30,Widget B,8,19.99,159.92,Hassan Reyes
ORD87158,2024-11-22,Widget B,6,21.99,131.94,Omar Ahmed
ORD87165,2024-07-26,Widget B,9,1999.0,17991.0,Noor Reyes
ORD87169,2024-06-23,Gadget X,2,700.0,1400.0,Hassan Iqbal
ORD87178,2024-10-23,Widget B,1,19.0,19.0,Zain Smith
ORD87194,2024-12-26,Widget B,7,19.99,139.93,Noor Iqbal
ORD87195,2024-09-13,Gadget Y,8,5.0,40.0,Sara Iqbal
ORD87199,2024-10-19,Service Plan,7,49.99,349.93,John Lee
ORD87232,2024-06-08,Gadget Y,4,5.49,21.96,Maria Chen
ORD87241,2024-02-08,Widget A,7,12.0,84.0,Ali Chen
ORD87241,2024-09-15,Widget A,7,12.5,87.5,Maria Khan
ORD87259,2024-11-04,Service Plan,3,44.99,134.97,Sara Garcia
ORD87274,2024-06-26,Service Plan,10,49.0,490.0,John Patel
ORD87286,2024-07-01,Gadget X,8,7.0,56.0,Omar Garcia
ORD87286,2024-08-16,Service Plan,8,54.0,439.91,Ayesha Reyes
ORD87287,2024-12-31,Service Plan,3,44.99,134.97,John Hussain
ORD87296,2024-07-29,Service Plan,1,54.99,54.0,Noor Lee
ORD87303,2024-06-27,Gadget X,4,6.3,25.2,Omar Reyes
ORD87305,2024-10-13,Gadget X,4,7.0,28.0,John Khan
ORD87307,2024-08-16,Service Plan,4,44.99,179.96,Zain Chen
ORD87311,2024-09-19,Service Plan,8,44.0,352.0,Sara Iqbal
ORD87313,2024-09-26,Widget B,7,21.99,153.92,Hassan Reyes
ORD87315,2024-10-04,Widget B,5,19.99,99.95,Zain Lee
ORD87340,2024-10-16,Widget B,7,21.99,153.92,Noor Lee
ORD87340,2024-12-31,Widget B,5,19.99,99.95,John Garcia
ORD87345,2024-10-08,Gadget X,8,700.0,5600.0,Omar Patel
ORD87358,2024-10-20,Widget B,6,19.99,119.0,Fatima Smith
ORD87369,2024-08-25,Gadget X,4,7.0,28.0,John Khan
ORD87376,2024-11-27,Gadget X,6,700.0,4200.0,Omar Iqbal
ORD87377,2024-12-08,Gadget X,5,7.0,35.0,Ali Hussain
ORD87386,2024-08-15,Gadget Y,2,4.94,9.88,Noor Hussain
ORD87388,2024-08-09,Widget B,10,21.99,219.0,Noor Reyes
ORD87404,2024-06-27,Gadget X,9,7.7,69.3,Ali Chen
ORD87425,2024-08-24,Widget A,8,1375.0,11000.0,Fatima Garcia
ORD87428,2024-06-25,Widget B,5,21.99,109.0,Zain Ahmed
ORD87433,2024-07-06,Service Plan,10,54.0,540.0,Sara Khan
ORD87436,2024-12-07,Gadget Y,1,5.49,5.49,Hassan Khan
ORD87450,2024-12-06,Service Plan,9,49.0,441.0,Zain Lee
ORD87470,2024-06-17,Gadget Y,8,6.04,48.31,Sara Patel
ORD87484,2024-08-15,Widget B,4,21.99,87.96,Hassan Reyes
ORD87502,2024-08-23,Gadget X,3,7.0,21.0,Fatima Reyes
ORD87521,2024-07-25,Widget B,2,1999.0,3998.0,Noor Khan
ORD87532,2024-11-27,Gadget X,8,7.0,56.0,Noor Ahmed
ORD87539,2024-08-20,Widget A,5,12.5,62.5,Hassan Hussain
ORD87552,2024-06-26,Widget B,9,21.99,197.91,Fatima Ahmed
ORD87569,2024-06-16,Gadget Y,3,494.0,1482.0,Noor Lee
ORD87579,2024-07-27,Gadget Y,1,5.49,5.49,Ali Hussain
ORD87586,2024-08-03,Service Plan,4,44.99,179.96,Zain Smith
ORD87599,2024-11-23,Service Plan,9,49.99,449.91,Noor Khan
ORD87610,2024-08-14,Widget A,6,13.0,78.0,Noor Smith
ORD87614,2024-10-04,Gadget X,3,7.0,21.0,Sara Iqbal
ORD87638,2024-04-06,Service Plan,9,49.99,449.91,Sara Hussain
ORD87647,2024-06-19,Gadget Y,1,5.49,5.49,Sara Ahmed
ORD87656,2024-10-01,Gadget Y,5,549.0,2745.0,Zain Hussain
ORD87689,2024-11-05,Widget B,2,21.99,43.98,Ayesha Garcia
ORD87693,2024-09-11,Gadget Y,10,5.49,54.0,Noor Smith
ORD87693,2024-09-15,Service Plan,8,49.0,392.0,John Chen
ORD87694,2024-09-22,Service Plan,3,49.99,149.97,John Smith
ORD87725,2024-07-13,Gadget X,9,7.0,63.0,Ali Ahmed
ORD87730,2024-12-02,Service Plan,7,49.99,349.93,Ali Lee
ORD87741,2024-09-02,Widget A,2,12.5,25.0,Hassan Smith
ORD87743,2024-09-05,Gadget Y,2,5.0,10.0,Noor Khan
ORD87745,2024-10-02,Gadget Y,8,5.49,43.92,Sara Khan
ORD87753,2024-10-08,Gadget Y,3,5.0,15.0,John Lee
ORD87754,2024-07-19,Gadget Y,1,549.0,549.0,Ali Garcia
ORD87758,2024-08-22,Gadget Y,2,5.49,10.98,Ayesha Khan
ORD87769,2024-06-11,Gadget Y,1,604.0,604.0,Zain Ahmed
ORD87769,2024-09-14,Gadget X,4,6.3,25.2,Ali Reyes
ORD87775,2024-10-01,Widget B,6,19.99,119.94,Ayesha Smith
ORD87792,2024-04-12,Service Plan,4,49.99,199.96,Zain Smith
ORD87809,2024-07-13,Gadget Y,9,5.0,45.0,Maria Ahmed
ORD87810,2024-08-09,Gadget Y,6,6.0,36.23,Fatima Ahmed
ORD87815,2024-10-31,Service Plan,9,49.99,449.91,Zain Garcia
ORD87836,2024-09-22,Gadget X,2,7.0,14.0,Noor Smith
ORD87838,2024-07-12,Widget A,6,12.5,75.0,Omar Patel
ORD87840,2024-11-15,Widget A,5,12.0,60.0,Ali Lee
ORD87849,2024-09-27,Service Plan,9,49.99,449.91,Fatima Iqbal
ORD87861,2024-10-30,Gadget X,3,7.0,21.0,Ali Chen
ORD87866,2024-12-28,Gadget X,8,7.0,56.0,Fatima Lee
ORD87867,2024-08-19,Gadget X,5,7.0,35.0,Ayesha Smith
ORD87870,2024-12-27,Widget A,6,12.0,72.0,Noor Iqbal
ORD87887,2024-07-21,Widget A,2,13.75,27.0,John Hussain
ORD87902,2024-09-24,Gadget Y,5,5.49,27.0,Maria Iqbal
ORD87903,2024-07-26,Widget A,7,13.75,96.0,Fatima Khan
ORD87909,2024-11-24,Gadget Y,1,549.0,549.0,Omar Ahmed
ORD87924,2024-06-11,Widget B,7,1999.0,13993.0,Zain Smith
ORD87925,2024-08-21,Widget B,2,17.0,34.0,Ayesha Patel
ORD87938,2024-01-09,Gadget Y,10,5.49,54.9,Ayesha Hussain
ORD87941,2024-10-12,Service Plan,2,44.99,89.98,Sara Patel
ORD87948,2024-07-31,Widget B,1,19.99,19.99,Omar Khan
ORD87951,2024-07-27,Gadget X,3,7.0,21.0,Sara Garcia
ORD87961,2024-07-06,Service Plan,2,4999.0,9998.0,Zain Reyes
ORD87963,2024-08-17,Widget A,7,11.25,78.75,Ali Garcia
ORD87970,2024-08-24,Widget B,2,19.0,38.0,Zain Reyes
ORD87972,2024-12-13,Service Plan,2,44.0,88.0,Zain Lee
ORD87975,2024-08-08,Service Plan,1,49.0,49.0,Sara Reyes
ORD87977,2024-09-29,Service Plan,3,54.99,164.97,Fatima Khan
ORD87977,2024-12-12,Gadget X,8,7.0,56.0,Ali Khan
ORD87990,2024-12-09,Gadget X,6,6.3,37.8,Fatima Ahmed
ORD88003,2024-09-29,Widget B,6,21.0,126.0,Maria Reyes
ORD88020,2024-11-04,Widget A,8,11.0,88.0,John Hussain
ORD88026,2024-08-23,Widget B,4,17.0,68.0,John Iqbal
ORD88034,2024-08-23,Gadget X,6,6.0,36.0,Sara Lee
ORD88036,2024-09-19,Gadget X,7,7.0,49.0,John Reyes
ORD88059,2024-12-28,Widget B,8,21.0,168.0,Ayesha Patel
ORD88061,2024-06-26,Widget A,7,13.75,96.25,Noor Hussain
ORD88081,2024-12-03,Gadget Y,6,5.0,30.0,Noor Garcia
ORD88082,2024-12-12,Service Plan,7,49.99,349.93,Ayesha Khan
ORD88087,2024-06-18,Gadget X,10,6.3,63.0,Fatima Khan
ORD88090,2024-07-19,Widget B,9,17.0,153.0,Ali Hussain
ORD88097,2024-06-04,Widget A,8,12.5,100.0,Ayesha Lee
ORD88097,2024-12-05,Service Plan,5,49.99,249.95,Fatima Lee
ORD88102,2024-07-12,Widget A,3,13.0,39.0,Noor Lee
ORD88103,2024-07-15,Service Plan,5,54.99,274.95,Hassan Patel
ORD88104,2024-06-17,Widget A,2,12.0,24.0,Hassan Iqbal
ORD88104,2024-09-28,Service Plan,5,44.99,224.95,John Hussain
ORD88116,2024-08-11,Gadget Y,7,604.0,4228.0,Maria Ahmed
ORD88117,2024-10-06,Widget A,1,13.0,13.0,Zain Smith
ORD88117,2024-12-06,Widget B,6,19.99,119.94,Hassan Ahmed
ORD88123,2024-06-13,Gadget Y,1,5.49,5.49,Noor Iqbal
ORD88126,2024-07-24,Gadget Y,2,5.0,10.0,John Patel
ORD88127,2024-08-13,Gadget X,5,7.0,35.0,Zain Khan
ORD88129,2024-09-25,Gadget Y,10,549.0,5490.0,Ali Reyes
ORD88132,2024-07-18,Widget B,2,1799.0,3598.0,Omar Khan
ORD88142,2024-11-03,Gadget X,7,7.0,49.0,Sara Reyes
ORD88157,2024-11-07,Widget B,4,19.99,79.96,Ayesha Reyes
ORD88169,2024-06-16,Gadget Y,3,494.0,1482.0,Omar Iqbal
ORD88189,2024-10-18,Gadget Y,2,6.04,12.08,Sara Smith
ORD88224,2024-06-23,Service Plan,7,44.99,314.0,John Patel
ORD88247,2024-08-10,Service Plan,2,44.99,89.98,Ayesha Lee
ORD88257,2024-10-10,Gadget X,10,7.0,70.0,Ali Reyes
ORD88263,2024-10-01,Gadget X,6,7.0,42.0,Zain Reyes
ORD88264,2024-06-17,Gadget Y,10,5.49,54.9,Ayesha Smith
ORD88274,2024-08-25,Service Plan,8,4999.0,39992.0,Noor Smith
ORD88280,2024-10-03,Gadget Y,3,4.94,14.82,Sara Ahmed
ORD88286,2024-11-23,Service Plan,1,44.99,44.99,Sara Iqbal
ORD88297,2024-12-22,Gadget Y,4,6.04,24.16,Sara Reyes
ORD88303,2024-11-29,Widget A,10,1250.0,12500.0,Sara Reyes
ORD88309,2024-02-09,Widget B,2,17.0,34.0,Zain Iqbal
ORD88316,2024-12-12,Gadget Y,10,5.49,54.9,Maria Hussain
ORD88317,2024-11-15,Gadget Y,5,4.94,24.7,Omar Hussain
ORD88323,2024-10-10,Widget A,8,12.5,100.0,Omar Patel
ORD88324,2024-06-07,Gadget X,5,7.0,35.0,John Khan
ORD88326,2024-02-11,Widget A,5,12.5,62.5,Ayesha Iqbal
ORD88328,2024-06-18,Gadget Y,10,6.04,60.39,Zain Reyes
ORD88333,2024-12-09,Gadget X,10,7.0,70.0,Noor Khan
ORD88348,2024-07-22,Gadget X,10,7.0,70.0,Ayesha Iqbal
ORD88349,2024-08-12,Gadget Y,6,4.94,29.64,Ayesha Smith
ORD88349,2024-12-22,Service Plan,10,54.99,549.9,Noor Ahmed
ORD88352,2024-06-12,Service Plan,6,44.99,269.94,Ayesha Iqbal
ORD88357,2024-09-02,Widget A,9,13.75,123.75,Fatima Iqbal
ORD88361,2024-06-28,Gadget Y,3,494.0,1482.0,Noor Garcia
ORD88363,2024-08-04,Gadget Y,6,549.0,3294.0,Noor Ahmed
ORD88363,2024-09-04,Gadget Y,5,6.0,30.2,Ayesha Khan
ORD88378,2024-08-27,Gadget X,2,7.7,15.4,Fatima Smith
ORD88391,2024-12-28,Widget B,9,19.99,179.91,Sara Smith
ORD88396,2024-11-16,Service Plan,7,54.99,384.93,Omar Hussain
ORD88401,2024-08-31,Gadget Y,9,5.49,49.41,Noor Ahmed
ORD88419,2024-10-18,Gadget Y,5,5.49,27.45,Omar Lee
ORD88422,2024-06-07,Gadget X,3,7.0,21.0,Sara Hussain
ORD88430,2024-08-10,Gadget Y,9,4.94,44.46,Sara Khan
ORD88435,2024-10-28,Service Plan,6,4999.0,29994.0,Omar Reyes
ORD88452,2024-10-06,Gadget Y,3,5.49,16.47,Fatima Hussain
ORD88463,2024-07-29,Gadget Y,6,5.0,30.0,John Chen
ORD88489,2024-08-07,Gadget X,2,7.0,14.0,Noor Smith
ORD88492,2024-06-16,Gadget X,6,7.0,42.0,Hassan Garcia
ORD88492,2024-09-18,Widget B,1,1999.0,1999.0,Ali Ahmed
ORD88514,2024-06-29,Widget B,1,2199.0,2199.0,Fatima Garcia
ORD88522,2024-11-24,Service Plan,8,54.99,439.91,Noor Ahmed
ORD88523,2024-10-25,Widget A,2,12.5,25.0,Hassan Smith
ORD88539,2024-06-26,Gadget Y,2,4.0,8.0,Fatima Reyes
ORD88545,2024-07-13,Service Plan,9,4999.0,44991.0,Noor Lee
ORD88562,2024-10-16,Widget B,9,2199.0,19791.0,Noor Hussain
ORD88578,2024-10-06,Gadget X,8,6.3,50.4,Hassan Khan
ORD88587,2024-12-19,Service Plan,1,54.99,54.99,Ali Reyes
ORD88589,2024-07-10,Widget B,10,19.99,199.9,Ayesha Chen
ORD88593,2024-09-08,Gadget Y,6,6.0,36.23,Zain Smith
ORD88595,2024-06-14,Service Plan,5,44.99,224.95,Ayesha Chen
ORD88598,2024-12-29,Gadget Y,4,549.0,2196.0,Ali Patel
ORD88604,2024-08-19,Widget A,8,11.25,90.0,Ayesha Smith
ORD88612,2024-08-19,Gadget X,8,7.0,56.0,Zain Hussain
ORD88639,2024-06-14,Service Plan,6,4499.0,26994.0,Omar Hussain
ORD88649,2024-10-05,Gadget X,2,7.0,14.0,Maria Ahmed
ORD88649,2024-10-12,Service Plan,10,49.99,499.0,Maria Khan
ORD88661,2024-08-03,Gadget X,3,7.0,21.0,Zain Smith
ORD88675,2024-07-25,Widget B,3,17.99,53.97,John Lee
ORD88684,2024-07-23,Widget B,4,19.99,79.96,Noor Reyes
ORD88688,2024-11-19,Service Plan,9,54.99,494.91,Zain Patel
ORD88694,2024-12-06,Gadget X,8,7.0,56.0,Fatima Hussain
ORD88714,2024-09-02,Gadget Y,3,5.49,16.47,Noor Iqbal
ORD88716,2024-06-28,Widget A,10,11.25,112.5,Hassan Reyes
ORD88725,2024-11-08,Widget B,6,21.99,131.0,John Iqbal
ORD88753,2024-07-07,Service Plan,3,44.99,134.97,Fatima Patel
ORD88757,2024-07-17,Gadget Y,1,4.94,4.94,Sara Hussain
ORD88770,2024-06-29,Gadget X,8,7.0,56.0,Ayesha Reyes
ORD88786,2024-01-09,Gadget Y,9,604.0,5436.0,Ayesha Smith
ORD88787,2024-07-27,Widget A,5,11.25,56.25,Ayesha Hussain
ORD88802,2024-08-11,Widget A,4,13.75,55.0,Ayesha Smith
ORD88816,2024-08-05,Service Plan,2,54.99,109.98,Zain Smith
ORD88818,2024-12-29,Gadget Y,10,549.0,5490.0,Zain Reyes
ORD88824,2024-12-03,Gadget Y,4,4.94,19.76,Ayesha Ahmed
ORD88836,2024-09-07,Gadget Y,4,604.0,2416.0,Noor Ahmed
ORD88854,2024-07-15,Widget B,1,19.99,19.99,Ayesha Chen
ORD88872,2024-12-14,Service Plan,7,44.0,314.0,Noor Patel
ORD88907,2024-06-07,Service Plan,4,44.99,179.96,Hassan Iqbal
ORD88931,2024-12-01,Widget B,8,19.99,159.92,Sara Hussain
ORD88942,2024-06-28,Gadget Y,5,4.0,20.0,John Ahmed
ORD88963,2024-06-06,Service Plan,9,54.99,494.9,Maria Patel
ORD88967,2024-12-17,Widget B,5,1999.0,9995.0,Zain Garcia
ORD88970,2024-10-05,Gadget X,3,7.0,21.0,Ayesha Patel
ORD88986,2024-07-07,Widget B,9,21.99,197.91,Omar Smith
ORD88986,2024-12-01,Gadget Y,3,604.0,1812.0,John Khan
ORD88994,2024-06-28,Service Plan,6,44.99,269.95,John Chen
ORD89001,2024-11-23,Widget B,9,19.99,179.91,Fatima Iqbal
ORD89045,2024-10-08,Widget A,4,12.5,50.0,Omar Smith
ORD89069,2024-07-27,Gadget Y,4,5.0,20.0,Hassan Reyes
ORD89074,2024-08-08,Widget A,3,12.0,36.0,Zain Patel
ORD89082,2024-08-02,Widget A,9,12.5,112.5,Zain Iqbal
ORD89084,2024-10-29,Gadget Y,7,549.0,3843.0,Maria Iqbal
ORD89097,2024-07-18,Gadget X,5,6.3,31.5,Fatima Hussain
ORD89099,2024-07-30,Widget B,6,1799.0,10794.0,Sara Khan
ORD89120,2024-07-11,Service Plan,3,4499.0,13497.0,Zain Reyes
ORD89124,2024-06-12,Widget B,8,19.99,159.92,Noor Lee
ORD89128,2024-11-26,Gadget Y,4,549.0,2196.0,Zain Smith
ORD89139,2024-07-07,Service Plan,5,49.99,249.0,Fatima Patel
ORD89157,2024-10-05,Gadget X,4,700.0,2800.0,Maria Hussain
ORD89179,2024-07-20,Widget A,1,12.5,12.5,Ayesha Lee
ORD89182,2024-12-03,Widget B,3,17.99,53.97,Ayesha Khan
ORD89191,2024-10-17,Service Plan,6,49.99,299.94,Maria Iqbal
ORD89195,2024-11-30,Widget B,1,19.99,19.99,Omar Patel
ORD89209,2024-06-24,Widget B,8,17.99,143.92,Omar Lee
ORD89240,2024-09-10,Widget B,6,19.99,119.94,Hassan Ahmed
ORD89247,2024-10-01,Widget A,3,12.5,37.5,Ali Reyes
ORD89249,2024-10-27,Widget A,9,11.25,101.25,Fatima Reyes
ORD89252,2024-06-29,Widget B,7,1999.0,13993.0,Ali Iqbal
ORD89257,2024-04-07,Gadget Y,10,549.0,5490.0,Fatima Garcia
ORD89258,2024-05-06,Widget A,7,12.0,84.0,Zain Reyes
ORD89259,2024-10-16,Widget B,8,19.99,159.92,Omar Garcia
ORD89261,2024-12-12,Gadget Y,8,5.49,43.92,Ali Smith
ORD89265,2024-09-16,Gadget X,10,770.0,7700.0,Ali Garcia
ORD89266,2024-09-22,Widget A,5,12.5,62.5,Ali Iqbal
ORD89268,2024-07-22,Service Plan,5,49.0,245.0,Fatima Chen
ORD89268,2024-08-13,Widget A,6,11.25,67.5,John Hussain
ORD89271,2024-08-18,Gadget X,5,7.0,35.0,John Lee
ORD89275,2024-10-30,Gadget X,8,7.0,56.0,Ali Khan
ORD89278,2024-08-31,Gadget X,7,7.0,49.0,Zain Ahmed
ORD89281,2024-06-07,Widget B,6,19.99,119.94,John Smith
ORD89288,2024-10-02,Widget A,8,1125.0,9000.0,Hassan Reyes
ORD89292,2024-03-07,Gadget Y,6,5.49,32.94,Hassan Patel
ORD89310,2024-07-10,Gadget Y,6,5.49,32.94,Omar Hussain
ORD89315,2024-09-22,Gadget X,1,7.0,7.0,Ayesha Khan
ORD89318,2024-09-07,Service Plan,10,49.99,499.0,Ali Khan
ORD89323,2024-08-31,Widget A,5,13.75,68.75,Sara Chen
ORD89351,2024-06-03,Gadget X,1,7.0,7.0,Hassan Iqbal
ORD89356,2024-11-20,Widget A,7,1250.0,8750.0,Maria Garcia
ORD89387,2024-12-28,Widget A,9,12.5,112.5,Noor Smith
ORD89391,2024-07-04,Widget B,9,21.99,197.91,Sara Patel
ORD89408,2024-10-26,Gadget Y,5,5.0,25.0,Ayesha Reyes
ORD89414,2024-07-20,Widget B,2,21.99,43.98,Sara Ahmed
ORD89429,2024-08-09,Gadget Y,6,6.0,36.23,Zain Chen
ORD89432,2024-06-03,Widget B,10,21.99,219.9,Noor Hussain
ORD89433,2024-07-24,Widget A,4,13.75,55.0,Ayesha Patel
ORD89444,2024-09-14,Service Plan,3,5499.0,16497.0,Sara Smith
ORD89446,2024-11-25,Service Plan,2,54.99,109.0,Omar Iqbal
ORD89459,2024-10-04,Widget B,3,19.0,57.0,Maria Khan
ORD89459,2024-12-27,Gadget Y,9,5.49,49.41,Ali Smith
ORD89467,2024-07-07,Gadget X,4,7.0,28.0,Noor Khan
ORD89471,2024-09-27,Service Plan,6,49.99,299.94,Zain Hussain
ORD89477,2024-09-12,Widget A,2,12.5,25.0,Noor Chen
ORD89478,2024-08-21,Service Plan,7,44.99,314.94,Ayesha Lee
ORD89483,2024-08-15,Gadget X,7,7.0,49.0,Sara Iqbal
ORD89487,2024-10-25,Service Plan,5,49.0,245.0,Ali Lee
ORD89488,2024-09-24,Widget A,8,12.5,100.0,Sara Reyes
ORD89505,2024-07-07,Widget A,5,11.25,56.25,John Reyes
ORD89507,2024-06-11,Service Plan,1,49.0,49.0,Maria Iqbal
ORD89508,2024-08-14,Service Plan,7,49.99,349.93,Ayesha Khan
ORD89519,2024-08-26,Widget B,2,21.99,43.98,Hassan Patel
ORD89526,2024-12-18,Gadget Y,4,5.49,21.96,Maria Chen
ORD89533,2024-07-27,Widget B,5,21.99,109.95,Ayesha Khan
ORD89537,2024-09-06,Gadget Y,9,5.49,49.41,Sara Hussain
ORD89544,2024-06-20,Widget B,10,2199.0,21990.0,Fatima Ahmed
ORD89547,2024-10-18,Widget A,4,11.25,45.0,John Hussain
ORD89552,2024-12-12,Widget B,5,19.99,99.95,Sara Lee
ORD89559,2024-09-12,Widget A,10,12.5,125.0,Zain Iqbal
ORD89563,2024-08-10,Service Plan,1,49.99,49.99,Ali Khan
ORD89570,2024-09-22,Gadget Y,5,549.0,2745.0,Noor Reyes
ORD89574,2024-09-10,Widget A,5,13.75,68.75,Hassan Garcia
ORD89583,2024-09-23,Service Plan,3,4499.0,13497.0,John Chen
ORD89586,2024-11-09,Widget A,9,1375.0,12375.0,Noor Lee
ORD89600,2024-07-19,Service Plan,2,49.99,99.98,Fatima Patel
ORD89607,2024-10-03,Gadget X,5,7.0,35.0,Noor Patel
ORD89616,2024-06-23,Widget A,7,1250.0,8750.0,Sara Smith
ORD89617,2024-07-18,Gadget X,4,7.7,30.8,Ayesha Ahmed
ORD89625,2024-07-23,Gadget Y,4,5.49,21.96,Maria Iqbal
ORD89670,2024-10-25,Gadget Y,7,5.49,38.0,Sara Hussain
ORD89679,2024-07-19,Gadget X,9,7.0,63.0,John Hussain
ORD89700,2024-08-06,Gadget X,8,7.7,61.6,Noor Reyes
ORD89723,2024-08-28,Widget B,1,19.99,19.99,Hassan Smith
ORD89725,2024-10-20,Gadget X,7,6.3,44.1,Ayesha Garcia
ORD89727,2024-10-02,Gadget Y,4,5.49,21.96,Hassan Khan
ORD89730,2024-09-14,Widget A,4,13.75,55.0,Fatima Chen
ORD89733,2024-07-05,Gadget Y,9,6.04,54.36,Maria Hussain
ORD89738,2024-07-28,Widget B,6,19.99,119.94,Maria Lee
ORD89751,2024-06-28,Widget B,7,17.0,119.0,Ali Iqbal
ORD89758,2024-08-21,Widget B,3,1999.0,5997.0,Maria Khan
ORD89769,2024-07-27,Widget B,9,19.99,179.0,Zain Iqbal
ORD89783,2024-07-27,Widget B,1,19.99,19.99,Hassan Khan
ORD89790,2024-09-29,Gadget X,3,700.0,2100.0,John Smith
ORD89807,2024-11-25,Service Plan,1,54.99,54.99,Fatima Iqbal
ORD89822,2024-11-25,Widget B,5,21.0,105.0,Omar Patel
ORD89827,2024-08-09,Widget B,8,19.99,159.92,Ayesha Reyes
ORD89828,2024-12-06,Gadget Y,9,5.49,49.41,Sara Patel
ORD89833,2024-11-28,Gadget Y,5,5.49,27.45,Sara Smith
ORD89835,2024-06-22,Widget B,10,19.99,199.0,Zain Garcia
ORD89835,2024-09-27,Gadget Y,5,549.0,2745.0,Ayesha Lee
ORD89840,2024-10-24,Widget B,2,21.99,43.98,Zain Hussain
ORD89855,2024-10-13,Widget B,7,19.99,139.93,John Iqbal
ORD89868,2024-11-07,Widget A,4,11.25,45.0,John Lee
ORD89872,2024-08-09,Gadget Y,8,6.04,48.32,Zain Hussain
ORD89891,2024-07-04,Service Plan,8,4999.0,39992.0,Fatima Smith
ORD89894,2024-08-25,Widget B,7,1999.0,13993.0,Omar Lee
ORD89894,2024-11-06,Service Plan,8,44.99,359.0,Ayesha Iqbal
ORD89903,2024-07-14,Gadget Y,5,6.04,30.0,Noor Reyes
ORD89903,2024-10-13,Gadget Y,8,494.0,3952.0,Ali Patel
ORD89917,2024-08-16,Widget A,7,13.75,96.25,Zain Patel
ORD89935,2024-10-31,Widget A,5,13.75,68.75,Fatima Ahmed
ORD89937,2024-10-29,Widget B,3,17.99,53.97,Omar Chen
ORD89959,2024-11-18,Widget A,1,1250.0,1250.0,Ali Iqbal
ORD89961,2024-08-29,Widget A,5,12.5,62.5,Hassan Chen
ORD89964,2024-07-27,Widget A,8,12.5,100.0,John Reyes
ORD89968,2024-09-28,Gadget X,1,770.0,770.0,Fatima Khan
ORD90001,2024-12-30,Widget B,6,17.0,102.0,Ali Iqbal
ORD90013,2024-07-15,Gadget X,7,700.0,4900.0,Maria Lee
ORD90017,2024-06-24,Gadget Y,2,6.04,12.0,Omar Lee
ORD90024,2024-11-24,Widget A,7,12.5,87.0,Ali Iqbal
ORD90042,2024-10-23,Gadget X,5,7.0,35.0,Omar Patel
ORD90047,2024-10-18,Service Plan,9,5499.0,49491.0,John Lee
ORD90054,2024-08-16,Widget B,2,17.0,34.0,John Garcia
ORD90060,2024-09-11,Gadget X,6,630.0,3780.0,Fatima Hussain
ORD90091,2024-10-14,Widget A,7,12.0,84.0,Ali Khan
ORD90108,2024-09-23,Service Plan,1,44.99,44.99,Ali Chen
ORD90109,2024-06-27,Widget A,9,1250.0,11250.0,Maria Patel
ORD90118,2024-06-17,Gadget X,2,6.0,12.0,Ali Garcia
ORD90130,2024-07-15,Gadget Y,4,6.0,24.16,Fatima Reyes
ORD90147,2024-09-29,Widget A,3,11.0,33.0,Hassan Reyes
ORD90150,2024-09-29,Gadget Y,10,549.0,5490.0,Ayesha Chen
ORD90156,2024-06-24,Widget A,2,12.5,25.0,Noor Patel
ORD90159,2024-10-10,Service Plan,8,49.99,399.92,Hassan Iqbal
ORD90178,2024-09-20,Service Plan,5,44.99,224.95,Ali Ahmed
ORD90183,2024-07-22,Widget A,10,12.5,125.0,Ali Hussain
ORD90186,2024-09-06,Gadget X,2,7.0,14.0,Maria Patel
ORD90209,2024-12-24,Gadget Y,9,4.94,44.46,Omar Patel
ORD90221,2024-10-27,Gadget X,1,7.0,7.0,Noor Lee
ORD90246,2024-06-10,Service Plan,8,49.0,392.0,Hassan Smith
ORD90259,2024-01-10,Widget A,2,1250.0,2500.0,Hassan Patel
ORD90272,2024-06-21,Service Plan,8,49.99,399.92,Ayesha Hussain
ORD90272,2024-09-22,Gadget Y,5,6.0,30.0,Noor Hussain
ORD90276,2024-10-05,Widget B,9,17.99,161.91,Ayesha Garcia
ORD90277,2024-09-27,Gadget Y,3,5.49,16.47,John Chen
ORD90282,2024-09-03,Gadget Y,6,6.04,36.24,Ayesha Ahmed
ORD90286,2024-10-23,Gadget X,1,6.3,6.3,Omar Hussain
ORD90291,2024-11-09,Gadget Y,7,5.49,38.43,Maria Lee
ORD90295,2024-11-17,Service Plan,2,44.99,89.98,Fatima Ahmed
ORD90297,2024-10-12,Widget A,8,13.75,110.0,Omar Iqbal
ORD90304,2024-11-13,Service Plan,4,49.99,199.96,Ali Hussain
ORD90316,2024-08-25,Gadget Y,5,5.49,27.45,Ali Ahmed
ORD90318,2024-08-06,Widget B,9,19.99,179.91,Fatima Iqbal
ORD90322,2024-07-08,Gadget Y,5,5.49,27.45,John Hussain
ORD90328,2024-07-21,Widget A,10,12.5,125.0,Maria Chen
ORD90340,2024-07-09,Widget A,2,11.25,22.5,Fatima Garcia
ORD90341,2024-08-01,Service Plan,10,49.99,499.9,Hassan Chen
ORD90344,2024-09-16,Widget A,10,11.25,112.5,Noor Smith
ORD90354,2024-11-14,Gadget Y,7,549.0,3843.0,Ali Ahmed
ORD90367,2024-07-24,Widget A,4,13.75,55.0,Omar Khan
ORD90373,2024-06-13,Service Plan,6,49.99,299.94,Ali Patel
ORD90375,2024-12-24,Gadget X,5,6.3,31.5,Hassan Garcia
ORD90376,2024-10-17,Widget A,10,11.25,112.0,Noor Smith
ORD90381,2024-08-26,Service Plan,8,49.99,399.92,Omar Iqbal
ORD90386,2024-11-04,Gadget X,3,6.0,18.0,Maria Chen
ORD90393,2024-10-01,Widget A,7,13.75,96.25,Sara Hussain
ORD90404,2024-11-20,Gadget X,4,7.0,28.0,Omar Iqbal
ORD90414,2024-08-11,Widget A,2,11.25,22.5,Omar Smith
ORD90417,2024-06-15,Service Plan,5,49.99,249.95,Omar Patel
ORD90419,2024-10-27,Gadget Y,1,6.04,6.04,Maria Smith
ORD90426,2024-07-12,Gadget Y,1,4.94,4.94,Fatima Iqbal
ORD90426,2024-11-25,Widget B,4,21.99,87.96,Ayesha Lee
ORD90427,2024-11-19,Widget A,8,13.75,110.0,Hassan Smith
ORD90446,2024-09-09,Widget A,3,1375.0,4125.0,Maria Ahmed
ORD90447,2024-07-29,Service Plan,8,54.99,439.92,Zain Hussain
ORD90461,2024-08-18,Widget A,2,13.75,27.5,Maria Ahmed
ORD90492,2024-10-16,Gadget Y,7,549.0,3843.0,Maria Reyes
ORD90493,2024-10-01,Widget A,5,1125.0,5625.0,Sara Patel
ORD90495,2024-03-11,Service Plan,1,44.99,44.99,Omar Lee
ORD90495,2024-12-10,Widget A,7,11.25,78.75,Hassan Chen
ORD90505,2024-10-21,Gadget Y,10,5.49,54.9,Hassan Smith
ORD90510,2024-12-20,Gadget Y,7,6.04,42.28,John Hussain
ORD90521,2024-12-25,Gadget X,7,7.0,49.0,Maria Smith
ORD90525,2024-08-20,Widget B,10,1799.0,17990.0,Fatima Garcia
ORD90532,2024-11-26,Widget A,7,12.5,87.0,Noor Hussain
ORD90536,2024-08-09,Gadget X,4,700.0,2800.0,Zain Iqbal
ORD90541,2024-12-03,Widget A,10,12.5,125.0,Ayesha Khan
ORD90544,2024-09-22,Widget B,4,19.99,79.96,Maria Chen
ORD90573,2024-09-25,Widget B,1,19.99,19.99,Noor Garcia
ORD90597,2024-07-23,Service Plan,7,4999.0,34993.0,Hassan Smith
ORD90605,2024-10-11,Gadget Y,5,5.0,25.0,Noor Reyes
ORD90613,2024-08-30,Widget A,8,12.5,100.0,Ayesha Smith
ORD90620,2024-07-25,Widget B,8,21.99,175.91,Fatima Chen
ORD90649,2024-11-09,Gadget Y,5,4.94,24.7,Noor Iqbal
ORD90657,2024-08-30,Widget B,4,19.99,79.96,Noor Patel
ORD90657,2024-09-30,Gadget Y,1,5.0,5.0,Omar Iqbal
ORD90659,2024-09-05,Gadget Y,6,6.0,36.0,Sara Chen
ORD90662,2024-06-12,Service Plan,9,54.0,486.0,Omar Lee
ORD90662,2024-12-26,Gadget X,4,7.0,28.0,Ali Reyes
ORD90674,2024-10-23,Widget B,3,19.99,59.97,Fatima Garcia
ORD90686,2024-07-05,Gadget Y,10,5.49,54.9,John Hussain
ORD90692,2024-06-23,Widget A,4,11.25,45.0,Hassan Smith
ORD90721,2024-12-14,Widget B,7,17.99,125.93,Fatima Smith
ORD90731,2024-12-25,Gadget Y,6,604.0,3624.0,Omar Ahmed
ORD90739,2024-12-06,Service Plan,4,49.99,199.96,Omar Hussain
ORD90746,2024-09-08,Gadget Y,4,6.0,24.16,Fatima Chen
ORD90748,2024-11-21,Widget B,7,21.99,153.93,Ali Garcia
ORD90757,2024-06-18,Widget A,9,12.5,112.5,Fatima Chen
ORD90787,2024-11-19,Widget A,10,1250.0,12500.0,Zain Ahmed
ORD90793,2024-10-16,Widget B,6,1999.0,11994.0,Omar Lee
ORD90801,2024-07-22,Widget A,1,13.75,13.75,Fatima Khan
ORD90801,2024-12-21,Gadget Y,3,5.49,16.47,Fatima Garcia
ORD90802,2024-11-04,Gadget X,10,7.0,70.0,Noor Lee
ORD90804,2024-09-30,Service Plan,10,49.0,490.0,Hassan Khan
ORD90832,2024-09-06,Gadget X,3,7.7,23.1,Hassan Hussain
ORD90837,2024-07-23,Gadget X,3,6.3,18.9,Fatima Patel
ORD90842,2024-12-21,Widget B,2,21.99,43.98,John Khan
ORD90852,2024-10-08,Gadget X,2,7.0,14.0,Ayesha Iqbal
ORD90864,2024-08-08,Service Plan,10,44.99,449.9,Sara Reyes
ORD90865,2024-09-23,Widget B,6,17.99,107.95,Zain Reyes
ORD90879,2024-12-12,Gadget X,8,7.0,56.0,Noor Iqbal
ORD90887,2024-12-21,Gadget Y,6,5.49,32.94,Noor Lee
ORD90889,2024-08-04,Gadget X,2,6.3,12.6,Zain Reyes
ORD90897,2024-09-30,Widget B,3,19.99,59.97,Maria Patel
ORD90900,2024-06-08,Gadget X,2,7.7,15.4,John Ahmed
ORD90935,2024-08-28,Service Plan,6,49.99,299.94,Hassan Hussain
ORD90940,2024-04-09,Gadget X,4,700.0,2800.0,Sara Lee
ORD90951,2024-06-06,Gadget X,8,7.0,56.0,Hassan Iqbal
ORD90958,2024-07-31,Service Plan,1,4999.0,4999.0,Hassan Garcia
ORD90962,2024-07-01,Gadget X,2,7.0,14.0,Ayesha Hussain
ORD90963,2024-06-26,Service Plan,7,49.99,349.93,Omar Garcia
ORD90973,2024-11-23,Widget A,6,12.5,75.0,Hassan Smith
ORD90976,2024-09-18,Gadget Y,8,6.04,48.31,Fatima Lee
ORD90985,2024-11-02,Widget B,9,1999.0,17991.0,Zain Chen
ORD90996,2024-11-21,Service Plan,3,4499.0,13497.0,Ali Ahmed
ORD91038,2024-06-03,Gadget Y,2,549.0,1098.0,John Hussain
ORD91039,2024-10-14,Gadget Y,9,5.49,49.41,Noor Lee
ORD91043,2024-02-11,Service Plan,5,44.99,224.95,Maria Lee
ORD91058,2024-10-20,Service Plan,4,49.99,199.96,Hassan Garcia
ORD91063,2024-08-22,Gadget X,3,7.0,21.0,Sara Chen
ORD91067,2024-10-27,Widget B,3,1799.0,5397.0,Omar Hussain
ORD91069,2024-07-17,Service Plan,8,49.99,399.92,Sara Iqbal
ORD91075,2024-11-01,Gadget X,5,7.0,35.0,Zain Garcia
ORD91078,2024-12-21,Widget B,8,1999.0,15992.0,Maria Iqbal
ORD91079,2024-10-27,Widget B,6,19.99,119.94,Sara Patel
ORD91082,2024-06-21,Gadget X,10,6.3,63.0,Ali Khan
ORD91090,2024-02-12,Widget B,4,1999.0,7996.0,Ayesha Reyes
ORD91094,2024-12-25,Gadget Y,3,5.49,16.47,Fatima Chen
ORD91096,2024-08-15,Widget A,6,11.25,67.5,Hassan Smith
ORD91098,2024-12-07,Service Plan,10,49.0,490.0,Noor Ahmed
ORD91103,2024-08-05,Widget B,4,19.0,76.0,Hassan Smith
ORD91107,2024-11-01,Widget A,4,1125.0,4500.0,Omar Lee
ORD91124,2024-11-01,Gadget Y,8,5.49,43.92,Fatima Chen
ORD91140,2024-11-01,Service Plan,9,49.99,449.91,Fatima Reyes
ORD91143,2024-07-09,Widget B,4,19.99,79.96,Ali Lee
ORD91176,2024-07-21,Gadget Y,10,549.0,5490.0,Ayesha Garcia
ORD91183,2024-07-24,Widget A,2,12.5,25.0,Zain Smith
ORD91209,2024-06-11,Gadget Y,1,5.49,5.49,John Ahmed
ORD91216,2024-09-26,Widget B,2,19.99,39.98,Ayesha Ahmed
ORD91230,2024-12-16,Gadget Y,3,5.49,16.47,Hassan Iqbal
ORD91233,2024-06-21,Widget A,3,12.5,37.5,Ayesha Patel
ORD91234,2024-06-26,Gadget Y,6,5.49,32.94,John Khan
ORD91252,2024-06-03,Gadget Y,2,5.49,10.98,Zain Smith
ORD91256,2024-12-05,Service Plan,4,4499.0,17996.0,Omar Lee
ORD91269,2024-06-11,Gadget X,3,7.0,21.0,Sara Iqbal
ORD91273,2024-09-14,Widget A,7,1125.0,7875.0,John Iqbal
ORD91274,2024-09-20,Widget A,4,12.5,50.0,Noor Khan
ORD91278,2024-12-13,Widget A,10,12.0,120.0,Ali Khan
ORD91293,2024-08-15,Gadget Y,10,5.49,54.0,Sara Iqbal
ORD91304,2024-08-18,Gadget Y,9,5.49,49.41,John Khan
ORD91306,2024-10-28,Widget A,5,11.25,56.0,Sara Khan
ORD91307,2024-12-27,Gadget X,3,7.7,23.1,Zain Garcia
ORD91312,2024-06-15,Gadget Y,9,5.49,49.41,Maria Khan
ORD91329,2024-06-01,Widget A,10,13.75,137.5,Maria Iqbal
ORD91337,2024-11-01,Gadget X,1,7.0,7.0,Sara Iqbal
ORD91342,2024-10-08,Gadget X,8,7.0,56.0,Noor Iqbal
ORD91342,2024-12-24,Widget A,8,13.75,110.0,Zain Chen
ORD91347,2024-10-25,Widget B,3,19.0,57.0,Ali Khan
ORD91349,2024-07-11,Gadget X,6,7.0,42.0,Sara Patel
ORD91350,2024-06-19,Gadget Y,4,494.0,1976.0,Hassan Lee
ORD91353,2024-11-13,Gadget X,8,7.0,56.0,Fatima Smith
ORD91359,2024-12-24,Widget B,10,1999.0,19990.0,John Smith
ORD91404,2024-10-18,Widget A,2,1375.0,2750.0,Fatima Smith
ORD91417,2024-08-29,Service Plan,5,4999.0,24995.0,Omar Reyes
ORD91448,2024-09-22,Gadget Y,9,6.04,54.0,Sara Smith
ORD91452,2024-06-16,Gadget Y,10,5.49,54.9,Noor Patel
ORD91460,2024-04-10,Widget B,9,17.99,161.92,Sara Khan
ORD91465,2024-09-20,Gadget Y,1,5.49,5.49,Noor Chen
ORD91480,2024-08-02,Service Plan,1,49.99,49.99,Ayesha Hussain
ORD91490,2024-12-09,Service Plan,7,44.0,308.0,Hassan Lee
ORD91511,2024-12-24,Widget B,2,1799.0,3598.0,Maria Ahmed
ORD91522,2024-11-07,Widget A,2,11.25,22.5,Fatima Chen
ORD91526,2024-10-13,Service Plan,6,49.99,299.94,Noor Patel
ORD91527,2024-10-17,Service Plan,9,49.0,441.0,Ali Garcia
ORD91536,2024-04-09,Service Plan,9,49.99,449.91,Zain Iqbal
ORD91544,2024-12-21,Widget A,10,12.5,125.0,Ayesha Iqbal
ORD91552,2024-09-28,Service Plan,1,49.99,49.99,Noor Chen
ORD91560,2024-12-31,Gadget X,5,630.0,3150.0,Ali Khan
ORD91568,2024-01-08,Service Plan,9,4999.0,44991.0,Noor Hussain
ORD91574,2024-09-24,Gadget X,10,700.0,7000.0,Sara Chen
ORD91582,2024-12-03,Gadget X,3,700.0,2100.0,Zain Khan
ORD91589,2024-09-14,Widget B,7,19.99,139.93,Omar Chen
ORD91590,2024-08-21,Gadget X,10,6.0,60.0,Noor Lee
ORD91633,2024-12-01,Service Plan,3,49.99,149.97,Zain Reyes
ORD91634,2024-11-29,Gadget Y,5,6.04,30.2,Hassan Ahmed
ORD91640,2024-09-25,Gadget X,1,6.0,6.0,Hassan Ahmed
ORD91653,2024-11-22,Widget A,7,12.5,87.0,Maria Chen
ORD91657,2024-11-17,Widget A,9,1375.0,12375.0,Sara Smith
ORD91674,2024-11-08,Gadget X,5,7.0,35.0,Noor Iqbal
ORD91682,2024-12-23,Gadget X,3,7.0,21.0,Ali Garcia
ORD91691,2024-11-25,Gadget Y,2,5.0,10.0,Zain Khan
ORD91721,2024-08-11,Service Plan,2,49.99,99.98,Zain Smith
ORD91754,2024-10-10,Widget B,6,1799.0,10794.0,Hassan Garcia
ORD91757,2024-06-22,Gadget X,4,7.0,28.0,Omar Khan
ORD91785,2024-10-23,Service Plan,2,44.0,88.0,Hassan Khan
ORD91797,2024-07-09,Gadget X,4,630.0,2520.0,Ayesha Smith
ORD91805,2024-07-29,Gadget X,4,7.0,28.0,Fatima Reyes
ORD91818,2024-08-27,Gadget X,8,7.0,56.0,Noor Chen
ORD91824,2024-08-03,Service Plan,9,54.99,494.9,Sara Khan
ORD91840,2024-10-25,Gadget Y,2,5.49,10.98,Fatima Garcia
ORD91846,2024-07-01,Service Plan,4,49.99,199.96,Hassan Hussain
ORD91852,2024-12-21,Gadget X,5,770.0,3850.0,Fatima Smith
ORD91857,2024-06-19,Gadget Y,10,6.0,60.0,Zain Hussain
ORD91857,2024-09-12,Widget A,9,1250.0,11250.0,Fatima Lee
ORD91869,2024-10-24,Gadget X,3,7.0,21.0,John Chen
ORD91899,2024-10-20,Service Plan,6,44.0,264.0,Zain Garcia
ORD91900,2024-11-12,Gadget X,3,700.0,2100.0,Maria Patel
ORD91913,2024-06-16,Widget B,3,19.0,57.0,Ali Iqbal
ORD91931,2024-09-01,Widget B,10,21.0,210.0,Maria Smith
ORD91949,2024-08-22,Widget B,7,19.99,139.93,Ayesha Ahmed
ORD91953,2024-07-20,Widget B,5,19.0,95.0,Sara Chen
ORD91959,2024-07-08,Widget A,8,1125.0,9000.0,Hassan Khan
ORD91960,2024-06-15,Service Plan,10,54.99,549.89,John Reyes
ORD91964,2024-10-30,Service Plan,7,54.99,384.93,Omar Khan
ORD91965,2024-09-23,Service Plan,2,49.0,98.0,Hassan Khan
ORD91966,2024-08-18,Service Plan,10,54.0,540.0,Fatima Smith
ORD91980,2024-12-14,Gadget X,7,7.0,49.0,Sara Iqbal
ORD91997,2024-07-07,Service Plan,6,54.99,329.94,Noor Khan
ORD92016,2024-06-26,Widget A,6,11.25,67.5,John Lee
ORD92020,2024-09-29,Gadget X,4,7.0,28.0,Ayesha Ahmed
ORD92023,2024-11-15,Widget A,9,12.5,112.5,Omar Smith
ORD92027,2024-08-20,Gadget Y,5,549.0,2745.0,Ali Khan
ORD92044,2024-10-18,Widget A,8,1375.0,11000.0,Hassan Garcia
ORD92087,2024-09-21,Widget A,9,11.25,101.0,Fatima Patel
ORD92090,2024-11-11,Widget B,6,1799.0,10794.0,Hassan Hussain
ORD92105,2024-06-01,Gadget Y,9,4.94,44.47,Zain Hussain
ORD92111,2024-07-30,Widget A,3,11.25,33.75,Sara Chen
ORD92130,2024-09-05,Service Plan,1,4499.0,4499.0,Omar Iqbal
ORD92137,2024-10-08,Widget A,1,13.75,13.75,Fatima Lee
ORD92141,2024-10-09,Widget A,7,13.75,96.25,Ali Garcia
ORD92143,2024-06-23,Gadget X,2,630.0,1260.0,John Iqbal
ORD92145,2024-07-29,Service Plan,3,49.0,147.0,Noor Reyes
ORD92151,2024-02-12,Gadget X,8,7.7,61.6,Noor Smith
ORD92153,2024-08-05,Widget A,1,13.75,13.75,Sara Garcia
ORD92160,2024-06-26,Gadget Y,2,5.49,10.98,Sara Lee
ORD92174,2024-12-29,Gadget Y,5,4.94,24.7,Ayesha Hussain
ORD92182,2024-10-08,Service Plan,5,49.99,249.95,Noor Garcia
ORD92191,2024-09-16,Widget B,2,21.99,43.98,Sara Garcia
ORD92196,2024-10-03,Gadget X,10,7.0,70.0,Hassan Ahmed
ORD92206,2024-09-08,Widget B,7,17.99,125.0,Ayesha Chen
ORD92208,2024-10-25,Widget A,4,12.5,50.0,John Hussain
ORD92220,2024-08-12,Widget B,10,21.99,219.0,Hassan Khan
ORD92224,2024-07-04,Gadget X,5,7.0,35.0,Ayesha Smith
ORD92229,2024-12-03,Widget B,2,1999.0,3998.0,Zain Smith
ORD92240,2024-07-26,Widget B,7,21.99,153.92,Fatima Chen
ORD92242,2024-06-14,Service Plan,9,4999.0,44991.0,Hassan Patel
ORD92251,2024-06-20,Gadget Y,8,4.94,39.53,John Ahmed
ORD92261,2024-12-22,Gadget Y,7,6.04,42.0,John Ahmed
ORD92268,2024-10-29,Widget B,6,21.99,131.93,Sara Ahmed
ORD92299,2024-10-20,Gadget Y,10,549.0,5490.0,Hassan Patel
ORD92300,2024-12-22,Widget A,7,12.5,87.0,John Reyes
ORD92307,2024-11-03,Gadget X,4,7.0,28.0,Ayesha Ahmed
ORD92320,2024-08-11,Gadget X,7,700.0,4900.0,Ali Patel
ORD92322,2024-08-04,Widget A,6,13.75,82.5,Sara Patel
ORD92324,2024-06-10,Widget A,2,12.5,25.0,Ayesha Smith
ORD92324,2024-10-10,Gadget X,9,7.0,63.0,Ayesha Khan
ORD92325,2024-11-21,Gadget Y,6,4.94,29.64,Ayesha Lee
ORD92348,2024-07-20,Gadget X,9,7.7,69.3,Ayesha Chen
ORD92353,2024-06-02,Service Plan,2,44.0,88.0,Noor Chen
ORD92353,2024-06-26,Widget B,1,1999.0,1999.0,Omar Hussain
ORD92355,2024-08-22,Gadget X,4,700.0,2800.0,Noor Garcia
ORD92355,2024-09-27,Service Plan,3,54.99,164.0,Maria Chen
ORD92364,2024-11-13,Gadget X,6,7.7,46.2,Fatima Ahmed
ORD92374,2024-10-25,Widget B,6,19.99,119.0,John Smith
ORD92383,2024-08-20,Gadget X,8,7.0,56.0,John Khan
ORD92388,2024-11-10,Gadget X,4,630.0,2520.0,Zain Ahmed
ORD92400,2024-11-27,Gadget X,7,7.7,53.9,John Smith
ORD92407,2024-06-10,Widget A,7,12.0,84.0,John Garcia
ORD92415,2024-05-08,Service Plan,7,44.99,314.94,Ayesha Reyes
ORD92418,2024-07-22,Service Plan,6,49.0,294.0,Zain Hussain
ORD92419,2024-09-16,Widget A,1,11.25,11.25,Hassan Lee
ORD92420,2024-06-23,Gadget X,3,7.7,23.1,Fatima Chen
ORD92423,2024-12-22,Service Plan,10,49.99,499.9,Omar Reyes
ORD92430,2024-12-15,Service Plan,3,49.99,149.97,Hassan Reyes
ORD92439,2024-07-23,Gadget X,5,7.7,38.5,Fatima Hussain
ORD92439,2024-12-24,Gadget Y,8,5.49,43.92,Hassan Garcia
ORD92454,2024-06-10,Gadget Y,3,5.0,15.0,Ali Lee
ORD92456,2024-09-02,Widget A,8,1250.0,10000.0,Hassan Hussain
ORD92463,2024-10-16,Widget A,7,1375.0,9625.0,John Chen
ORD92470,2024-08-12,Widget B,2,19.0,38.0,Zain Garcia
ORD92475,2024-09-23,Widget B,7,19.99,139.0,Sara Lee
ORD92506,2024-10-29,Service Plan,7,49.0,343.0,Fatima Reyes
ORD92510,2024-06-10,Service Plan,6,5499.0,32994.0,Fatima Khan
ORD92522,2024-10-02,Gadget X,2,6.3,12.6,Zain Chen
ORD92530,2024-09-19,Gadget Y,1,5.49,5.49,John Chen
ORD92534,2024-11-27,Gadget X,3,6.3,18.9,Ayesha Lee
ORD92535,2024-11-08,Widget B,1,19.0,19.0,Zain Lee
ORD92548,2024-09-18,Service Plan,7,4499.0,31493.0,Ayesha Khan
ORD92554,2024-07-10,Gadget Y,3,494.0,1482.0,Noor Garcia
ORD92572,2024-07-11,Gadget Y,8,549.0,4392.0,Hassan Khan
ORD92575,2024-12-08,Service Plan,9,5499.0,49491.0,Maria Chen
ORD92578,2024-06-03,Gadget Y,5,5.49,27.45,Fatima Chen
ORD92586,2024-08-25,Gadget X,6,7.0,42.0,John Smith
ORD92593,2024-06-16,Widget B,4,17.99,71.96,Ali Lee
ORD92611,2024-06-28,Gadget X,9,6.0,54.0,John Reyes
ORD92611,2024-11-13,Service Plan,9,54.99,494.9,Hassan Chen
ORD92614,2024-11-13,Widget A,10,11.25,112.5,Fatima Smith
ORD92620,2024-12-11,Gadget Y,3,5.49,16.47,Sara Patel
ORD92629,2024-08-24,Widget B,6,1999.0,11994.0,Ali Chen
ORD92646,2024-06-23,Widget B,3,19.99,59.97,Sara Patel
ORD92651,2024-09-15,Service Plan,5,44.99,224.95,Hassan Iqbal
ORD92666,2024-08-27,Widget A,7,11.25,78.75,Ayesha Chen
ORD92671,2024-08-28,Widget A,2,1375.0,2750.0,Omar Khan
ORD92676,2024-11-07,Widget A,2,1375.0,2750.0,John Smith
ORD92679,2024-07-16,Widget A,8,11.25,90.0,Fatima Smith
ORD92708,2024-11-27,Service Plan,6,49.99,299.94,Zain Smith
ORD92724,2024-10-09,Service Plan,3,44.99,134.97,Omar Smith
ORD92732,2024-10-21,Service Plan,6,49.99,299.94,Fatima Iqbal
ORD92746,2024-06-27,Widget A,8,11.25,90.0,Zain Hussain
ORD92746,2024-07-09,Widget A,10,12.5,125.0,Ayesha Iqbal
ORD92748,2024-11-07,Gadget X,9,6.3,56.7,Omar Chen
ORD92753,2024-12-07,Service Plan,3,44.99,134.97,Ali Patel
ORD92782,2024-09-24,Widget A,4,13.75,55.0,Ali Khan
ORD92795,2024-10-30,Widget B,10,19.0,190.0,Omar Reyes
ORD92798,2024-12-16,Service Plan,5,44.0,224.0,Omar Hussain
ORD92800,2024-07-23,Gadget Y,6,549.0,3294.0,John Ahmed
ORD92801,2024-11-16,Gadget Y,5,4.0,19.76,Ayesha Iqbal
ORD92804,2024-12-10,Service Plan,1,49.99,49.99,Maria Lee
ORD92811,2024-11-07,Widget B,4,19.99,79.96,John Chen
ORD92812,2024-11-10,Service Plan,6,49.0,294.0,Maria Garcia
ORD92813,2024-10-25,Gadget X,5,7.0,35.0,Maria Garcia
ORD92818,2024-06-11,Widget B,4,19.99,79.96,Fatima Khan
ORD92824,2024-10-16,Widget B,2,19.99,39.98,Ayesha Ahmed
ORD92831,2024-04-10,Gadget X,2,7.0,14.0,Ayesha Reyes
ORD92837,2024-07-18,Service Plan,5,49.99,249.95,Ayesha Ahmed
ORD92858,2024-12-16,Widget A,7,11.25,78.75,Zain Patel
ORD92865,2024-11-08,Widget B,3,19.99,59.97,Fatima Smith
ORD92883,2024-06-07,Widget A,1,11.0,11.0,Sara Lee
ORD92917,2024-11-22,Service Plan,3,4499.0,13497.0,Zain Reyes
ORD92929,2024-12-27,Widget A,8,1250.0,10000.0,Noor Chen
ORD92935,2024-06-09,Gadget Y,10,5.49,54.9,John Ahmed
ORD92951,2024-07-21,Widget B,8,21.99,175.92,Maria Khan
ORD92951,2024-09-22,Gadget Y,5,4.94,24.71,Noor Reyes
ORD92952,2024-07-31,Widget A,2,12.5,25.0,Sara Khan
ORD92980,2024-09-22,Service Plan,3,44.99,134.97,Sara Hussain
ORD92982,2024-06-28,Gadget Y,6,604.0,3624.0,Zain Hussain
ORD92996,2024-09-18,Widget B,10,21.0,210.0,Ayesha Smith
ORD93000,2024-11-20,Service Plan,2,54.99,109.0,Ali Chen
ORD93005,2024-08-07,Service Plan,9,54.99,494.9,Hassan Chen
ORD93007,2024-10-14,Widget A,2,11.25,22.5,Ayesha Khan
ORD93008,2024-06-17,Gadget X,9,7.0,63.0,Noor Ahmed
ORD93016,2024-11-14,Gadget Y,3,5.0,15.0,Sara Iqbal
ORD93021,2024-12-26,Widget A,8,12.0,96.0,Ayesha Ahmed
ORD93059,2024-10-26,Widget B,8,19.99,159.92,Noor Reyes
ORD93068,2024-07-06,Widget B,7,19.99,139.93,Ayesha Lee
ORD93068,2024-10-03,Widget A,2,11.25,22.5,Sara Iqbal
ORD93079,2024-06-19,Service Plan,3,54.99,164.97,Fatima Smith
ORD93083,2024-10-03,Gadget X,2,7.0,14.0,Hassan Lee
ORD93085,2024-07-09,Widget B,5,19.99,99.95,Fatima Lee
ORD93086,2024-07-10,Gadget Y,6,5.0,30.0,Sara Smith
ORD93092,2024-09-19,Gadget X,9,7.0,63.0,Hassan Lee
ORD93096,2024-06-04,Gadget X,7,6.3,44.1,Noor Iqbal
ORD93099,2024-08-15,Gadget Y,6,549.0,3294.0,John Patel
ORD93148,2024-11-30,Widget A,2,13.75,27.5,Noor Ahmed
ORD93151,2024-07-09,Widget A,4,11.25,45.0,Omar Ahmed
ORD93152,2024-07-05,Gadget Y,1,5.49,5.49,Omar Garcia
ORD93162,2024-08-21,Widget B,2,21.99,43.98,Sara Smith
ORD93193,2024-12-21,Widget A,10,12.5,125.0,Omar Reyes
ORD93203,2024-10-06,Widget B,5,19.99,99.0,Ali Chen
ORD93206,2024-06-03,Widget B,6,1799.0,10794.0,Zain Lee
ORD93214,2024-10-28,Gadget Y,6,494.0,2964.0,Fatima Smith
ORD93221,2024-11-05,Gadget Y,1,549.0,549.0,Maria Chen
ORD93228,2024-11-02,Service Plan,4,54.99,219.96,Hassan Ahmed
ORD93235,2024-11-25,Widget A,8,12.5,100.0,Fatima Khan
ORD93241,2024-11-10,Service Plan,6,54.99,329.94,Sara Smith
ORD93244,2024-07-15,Gadget X,2,7.7,15.4,Ali Iqbal
ORD93270,2024-09-04,Widget A,5,1250.0,6250.0,Omar Chen
ORD93272,2024-07-10,Gadget X,3,770.0,2310.0,Fatima Khan
ORD93309,2024-08-21,Gadget Y,10,5.49,54.9,Fatima Iqbal
ORD93318,2024-09-08,Gadget X,5,700.0,3500.0,Noor Hussain
ORD93321,2024-06-19,Gadget X,7,7.0,49.0,Omar Patel
ORD93334,2024-12-31,Service Plan,7,54.0,384.92,Ayesha Garcia
ORD93335,2024-10-13,Gadget X,3,7.0,21.0,Omar Chen
ORD93338,2024-07-08,Service Plan,4,4999.0,19996.0,Maria Smith
ORD93359,2024-07-08,Gadget Y,8,6.04,48.32,Sara Reyes
ORD93366,2024-11-30,Gadget Y,9,5.49,49.0,Fatima Hussain
ORD93379,2024-09-28,Service Plan,6,49.99,299.0,Maria Lee
ORD93383,2024-09-14,Service Plan,6,4999.0,29994.0,Hassan Hussain
ORD93385,2024-07-22,Widget A,8,12.5,100.0,Noor Reyes
ORD93385,2024-07-31,Gadget Y,1,6.04,6.04,Zain Smith
ORD93407,2024-07-25,Widget A,8,11.25,90.0,Ayesha Hussain
ORD93431,2024-07-08,Widget A,3,12.0,36.0,Ali Hussain
ORD93435,2024-09-29,Widget A,5,13.75,68.75,Sara Patel
ORD93447,2024-12-10,Gadget Y,9,549.0,4941.0,Hassan Garcia
ORD93450,2024-09-21,Widget B,7,19.99,139.93,Ali Reyes
ORD93463,2024-10-20,Service Plan,8,49.0,392.0,Zain Ahmed
ORD93463,2024-10-24,Widget B,3,19.99,59.97,Noor Patel
ORD93489,2024-07-12,Gadget X,7,7.7,53.9,Zain Smith
ORD93490,2024-05-12,Gadget Y,6,5.49,32.94,Ali Khan
ORD93521,2024-12-27,Gadget Y,2,4.94,9.88,Maria Iqbal
ORD93522,2024-10-22,Gadget Y,7,5.0,35.0,Ali Lee
ORD93541,2024-08-02,Gadget X,10,7.0,70.0,Maria Lee
ORD93544,2024-12-09,Service Plan,1,49.99,49.99,Sara Patel
ORD93548,2024-10-11,Widget B,6,21.99,131.93,John Hussain
ORD93554,2024-07-08,Gadget X,10,7.0,70.0,Omar Reyes
ORD93565,2024-11-15,Widget B,3,19.99,59.0,Ayesha Chen
ORD93568,2024-08-10,Gadget X,6,7.0,42.0,Omar Khan
ORD93588,2024-11-18,Service Plan,8,54.99,439.92,Zain Garcia
ORD93597,2024-12-19,Widget A,5,1250.0,6250.0,Ali Hussain
ORD93608,2024-06-07,Gadget Y,9,5.0,45.0,Ayesha Khan
ORD93618,2024-03-09,Widget A,2,12.5,25.0,Omar Patel
ORD93619,2024-11-15,Service Plan,3,49.99,149.97,Sara Khan
ORD93621,2024-07-12,Gadget Y,5,549.0,2745.0,John Khan
ORD93623,2024-10-29,Gadget X,1,7.0,7.0,Maria Khan
ORD93623,2024-11-04,Widget B,10,17.0,170.0,Ayesha Patel
ORD93626,2024-11-01,Gadget X,7,7.0,49.0,Fatima Khan
ORD93631,2024-08-24,Gadget X,7,7.0,49.0,Ali Iqbal
ORD93633,2024-12-26,Gadget X,1,7.0,7.0,Omar Patel
ORD93634,2024-08-17,Gadget Y,1,5.0,5.0,Sara Garcia
ORD93634,2024-08-21,Widget B,5,17.99,89.95,John Smith
ORD93635,2024-12-04,Widget B,1,19.0,19.0,Omar Reyes
ORD93643,2024-03-12,Widget A,8,1250.0,10000.0,John Iqbal
ORD93643,2024-07-17,Service Plan,1,49.0,49.0,Omar Patel
ORD93644,2024-07-10,Widget A,6,11.25,67.5,Ali Chen
ORD93648,2024-08-25,Service Plan,8,44.99,359.93,Hassan Patel
ORD93650,2024-08-21,Widget A,2,12.5,25.0,Sara Chen
ORD93674,2024-10-27,Widget A,2,13.75,27.5,Hassan Ahmed
ORD93686,2024-12-16,Gadget Y,5,4.94,24.71,Fatima Chen
ORD93687,2024-12-24,Service Plan,9,44.0,396.0,Zain Hussain
ORD93692,2024-11-14,Gadget X,1,7.0,7.0,Maria Khan
ORD93738,2024-10-28,Gadget X,8,7.0,56.0,Noor Reyes
ORD93746,2024-11-10,Service Plan,3,49.0,147.0,Hassan Khan
ORD93749,2024-12-07,Service Plan,9,49.0,441.0,Sara Khan
ORD93755,2024-08-04,Gadget Y,7,5.0,35.0,Noor Lee
ORD93760,2024-06-12,Widget B,3,17.99,53.97,Noor Reyes
ORD93778,2024-12-05,Gadget X,5,700.0,3500.0,Ayesha Reyes
ORD93801,2024-12-20,Gadget Y,4,5.49,21.96,John Khan
ORD93805,2024-06-11,Widget A,8,13.75,110.0,John Lee
ORD93810,2024-06-29,Widget A,5,12.5,62.0,Ali Khan
ORD93854,2024-11-24,Gadget Y,9,549.0,4941.0,Fatima Iqbal
ORD93856,2024-06-06,Widget B,3,1999.0,5997.0,Hassan Chen
ORD93859,2024-06-06,Widget B,7,1999.0,13993.0,Noor Iqbal
ORD93870,2024-12-07,Gadget Y,7,5.0,35.0,Zain Chen
ORD93886,2024-11-24,Service Plan,4,49.99,199.96,Omar Garcia
ORD93930,2024-06-10,Service Plan,7,44.99,314.93,Fatima Khan
ORD93944,2024-09-24,Service Plan,6,49.0,299.0,Ali Iqbal
ORD93950,2024-12-31,Service Plan,5,49.99,249.0,Noor Khan
ORD93955,2024-09-05,Gadget X,6,7.0,42.0,Fatima Garcia
ORD93960,2024-12-14,Widget B,4,21.99,87.0,John Chen
ORD93967,2024-09-05,Gadget X,3,7.0,21.0,Hassan Hussain
ORD93974,2024-07-07,Widget A,1,1125.0,1125.0,Sara Khan
ORD93990,2024-11-17,Gadget X,2,7.0,14.0,John Patel
ORD93996,2024-03-10,Service Plan,2,4999.0,9998.0,Noor Reyes
ORD94005,2024-12-12,Widget B,6,19.0,114.0,Hassan Chen
ORD94012,2024-06-18,Gadget Y,4,5.49,21.96,Ayesha Ahmed
ORD94017,2024-07-15,Gadget X,2,6.3,12.6,Zain Khan
ORD94020,2024-06-24,Widget A,7,13.0,91.0,Ali Chen
ORD94022,2024-11-19,Widget A,1,12.0,12.0,Zain Ahmed
ORD94026,2024-06-23,Gadget Y,5,5.49,27.45,Noor Khan
ORD94034,2024-06-03,Service Plan,5,54.99,274.0,Maria Chen
ORD94035,2024-08-24,Gadget Y,8,604.0,4832.0,Ayesha Lee
ORD94036,2024-09-29,Service Plan,8,49.99,399.92,Ayesha Khan
ORD94058,2024-07-20,Service Plan,9,49.99,449.91,Fatima Ahmed
ORD94063,2024-12-16,Widget A,4,12.0,48.0,John Iqbal
ORD94064,2024-12-31,Widget B,7,19.99,139.93,Fatima Reyes
ORD94067,2024-06-13,Service Plan,10,49.99,499.9,Ayesha Lee
ORD94068,2024-06-20,Gadget X,8,7.0,56.0,Sara Chen
ORD94089,2024-08-11,Gadget X,6,7.0,42.0,Noor Garcia
ORD94095,2024-11-16,Widget B,2,17.99,35.98,Hassan Chen
ORD94106,2024-11-07,Gadget X,6,700.0,4200.0,Fatima Chen
ORD94115,2024-12-04,Widget B,7,1999.0,13993.0,Sara Lee
ORD94119,2024-08-13,Widget B,3,1999.0,5997.0,Zain Hussain
ORD94119,2024-10-04,Widget A,10,12.5,125.0,Maria Hussain
ORD94132,2024-08-04,Service Plan,10,49.99,499.9,Sara Iqbal
ORD94157,2024-09-14,Widget B,1,1999.0,1999.0,Fatima Reyes
ORD94180,2024-07-07,Widget A,7,1250.0,8750.0,Ali Garcia
ORD94182,2024-08-07,Widget A,1,1250.0,1250.0,Ayesha Iqbal
ORD94196,2024-07-14,Gadget Y,2,6.04,12.08,Ali Iqbal
ORD94202,2024-12-16,Gadget X,4,7.7,30.8,Sara Hussain
ORD94208,2024-08-23,Gadget Y,5,5.49,27.45,Hassan Chen
ORD94210,2024-09-29,Widget A,7,12.5,87.0,Ayesha Lee
ORD94211,2024-08-19,Widget A,7,12.5,87.5,Noor Ahmed
ORD94211,2024-09-12,Service Plan,2,49.99,99.98,Fatima Hussain
ORD94227,2024-11-01,Widget B,6,19.99,119.94,Omar Hussain
ORD94234,2024-09-15,Service Plan,3,49.99,149.97,Ali Iqbal
ORD94235,2024-12-14,Gadget Y,6,6.0,36.0,Zain Garcia
ORD94237,2024-06-26,Service Plan,2,4999.0,9998.0,Omar Iqbal
ORD94237,2024-12-20,Widget B,2,19.99,39.98,Ali Ahmed
ORD94245,2024-10-08,Gadget Y,7,5.0,35.0,Noor Iqbal
ORD94261,2024-07-12,Widget A,8,13.75,110.0,Zain Reyes
ORD94263,2024-06-03,Gadget X,3,7.0,21.0,Fatima Reyes
ORD94268,2024-09-10,Widget A,9,12.5,112.5,Ayesha Chen
ORD94294,2024-08-21,Gadget X,10,7.0,70.0,Maria Hussain
ORD94307,2024-04-09,Gadget Y,4,5.49,21.96,Omar Iqbal
ORD94320,2024-11-19,Gadget Y,9,5.49,49.41,Zain Reyes
ORD94332,2024-07-14,Gadget X,10,7.0,70.0,Sara Lee
ORD94401,2024-10-28,Gadget X,10,7.0,70.0,Noor Garcia
ORD94405,2024-06-19,Widget B,3,19.99,59.97,Fatima Smith
ORD94405,2024-07-10,Widget A,9,1375.0,12375.0,Sara Lee
ORD94406,2024-11-27,Gadget X,6,6.0,36.0,Hassan Reyes
ORD94411,2024-08-25,Gadget X,7,7.0,49.0,Ali Khan
ORD94440,2024-08-19,Gadget Y,5,549.0,2745.0,Omar Hussain
ORD94451,2024-04-10,Widget B,5,19.99,99.0,John Garcia
ORD94453,2024-11-16,Service Plan,6,49.99,299.0,Sara Chen
ORD94456,2024-06-25,Gadget Y,5,6.04,30.0,Sara Ahmed
ORD94457,2024-06-20,Widget B,10,17.99,179.9,Ayesha Ahmed
ORD94458,2024-08-22,Service Plan,4,49.99,199.96,Maria Iqbal
ORD94469,2024-10-11,Widget A,9,12.0,108.0,Ali Khan
ORD94485,2024-10-26,Widget A,8,1250.0,10000.0,Zain Iqbal
ORD94494,2024-11-26,Gadget X,6,7.0,42.0,John Iqbal
ORD94495,2024-11-27,Gadget Y,10,6.0,60.39,Maria Hussain
ORD94511,2024-12-27,Service Plan,6,4999.0,29994.0,Ayesha Smith
ORD94512,2024-06-03,Widget B,7,19.0,133.0,Ayesha Reyes
ORD94515,2024-12-09,Service Plan,10,49.99,499.9,John Garcia
ORD94527,2024-11-25,Gadget Y,10,549.0,5490.0,Hassan Khan
ORD94543,2024-10-16,Widget B,2,17.99,35.98,Hassan Reyes
ORD94548,2024-09-19,Gadget X,10,7.0,70.0,Maria Smith
ORD94556,2024-07-01,Gadget X,8,7.0,56.0,Noor Garcia
ORD94559,2024-10-02,Gadget Y,8,4.94,39.53,John Smith
ORD94569,2024-09-03,Widget B,4,1799.0,7196.0,Hassan Reyes
ORD94569,2024-09-26,Widget B,10,19.99,199.9,Sara Hussain
ORD94578,2024-08-16,Gadget X,9,7.0,63.0,Sara Smith
ORD94582,2024-02-12,Widget A,7,12.5,87.5,John Lee
ORD94585,2024-06-29,Widget A,9,12.5,112.0,Sara Ahmed
ORD94589,2024-07-10,Gadget Y,9,6.0,54.0,Omar Ahmed
ORD94593,2024-12-30,Widget A,9,12.5,112.5,Ali Ahmed
ORD94610,2024-09-10,Gadget X,9,7.7,69.3,John Smith
ORD94624,2024-07-24,Service Plan,5,44.99,224.95,Sara Lee
ORD94634,2024-06-28,Service Plan,8,49.99,399.92,John Reyes
ORD94651,2024-11-24,Widget B,7,19.99,139.0,Sara Iqbal
ORD94657,2024-08-24,Widget B,8,1999.0,15992.0,Fatima Garcia
ORD94667,2024-07-12,Service Plan,1,44.99,44.99,John Reyes
ORD94667,2024-12-22,Gadget Y,8,6.0,48.31,Sara Iqbal
ORD94683,2024-11-04,Widget A,9,11.0,99.0,Sara Ahmed
ORD94688,2024-07-13,Widget A,9,12.5,112.5,Hassan Khan
ORD94690,2024-11-25,Gadget Y,2,5.49,10.98,John Khan
ORD94693,2024-12-27,Widget A,6,13.0,78.0,Ali Ahmed
ORD94697,2024-07-19,Widget B,5,17.99,89.95,Noor Garcia
ORD94721,2024-12-19,Widget A,8,11.25,90.0,Fatima Iqbal
ORD94734,2024-10-12,Widget B,1,1999.0,1999.0,Omar Chen
ORD94740,2024-09-28,Gadget Y,9,494.0,4446.0,Ali Lee
ORD94754,2024-12-22,Gadget Y,7,4.0,28.0,Maria Ahmed
ORD94764,2024-08-28,Widget A,3,12.5,37.5,Fatima Ahmed
ORD94765,2024-08-20,Widget B,3,19.99,59.0,Ayesha Khan
ORD94784,2024-07-07,Widget B,3,21.99,65.97,Maria Garcia
ORD94815,2024-12-19,Gadget Y,8,4.0,32.0,Ali Lee
ORD94821,2024-12-22,Widget B,7,17.99,125.0,Hassan Smith
ORD94823,2024-07-03,Widget B,10,19.99,199.9,John Reyes
ORD94825,2024-07-31,Gadget Y,8,549.0,4392.0,Fatima Smith
ORD94833,2024-10-13,Widget A,5,1375.0,6875.0,John Lee
ORD94854,2024-09-18,Gadget Y,10,4.94,49.0,Ali Reyes
ORD94877,2024-08-12,Widget A,5,12.5,62.5,Sara Iqbal
ORD94884,2024-07-03,Widget A,9,11.25,101.0,Ali Khan
ORD94888,2024-11-03,Gadget X,6,7.0,42.0,Zain Hussain
ORD94903,2024-06-15,Service Plan,3,5499.0,16497.0,Hassan Iqbal
ORD94905,2024-07-04,Gadget Y,9,6.0,54.0,Maria Hussain
ORD94926,2024-09-04,Widget A,9,11.25,101.25,Zain Ahmed
ORD94927,2024-07-31,Gadget Y,6,549.0,3294.0,Zain Iqbal
ORD94935,2024-06-29,Service Plan,8,4499.0,35992.0,Zain Iqbal
ORD94938,2024-08-22,Gadget Y,3,5.49,16.47,Omar Ahmed
ORD94951,2024-10-13,Widget B,8,19.0,152.0,John Khan
ORD94953,2024-08-06,Widget B,1,21.0,21.0,Omar Patel
ORD94965,2024-12-11,Service Plan,3,4999.0,14997.0,Fatima Reyes
ORD94968,2024-08-12,Gadget Y,7,4.94,34.59,Zain Lee
ORD94972,2024-08-11,Widget A,5,11.0,55.0,Zain Lee
ORD94988,2024-10-27,Gadget Y,5,5.49,27.45,Maria Chen
ORD94995,2024-08-14,Gadget X,5,700.0,3500.0,Fatima Chen
ORD95001,2024-10-18,Service Plan,8,44.0,359.0,Ali Patel
ORD95010,2024-11-30,Widget B,2,19.99,39.98,Zain Patel
ORD95015,2024-12-09,Widget B,5,17.0,85.0,Omar Chen
ORD95026,2024-08-03,Widget A,1,12.0,12.0,Sara Iqbal
ORD95039,2024-04-11,Widget B,2,19.99,39.98,Hassan Iqbal
ORD95039,2024-12-09,Service Plan,2,49.99,99.98,Sara Patel
ORD95044,2024-12-17,Service Plan,6,49.0,294.0,John Hussain
ORD95055,2024-09-13,Gadget X,8,7.0,56.0,Maria Hussain
ORD95075,2024-12-21,Gadget X,7,700.0,4900.0,Fatima Hussain
ORD95078,2024-12-21,Widget B,8,19.99,159.92,Hassan Hussain
ORD95088,2024-07-14,Widget A,9,12.5,112.5,Zain Chen
ORD95089,2024-12-13,Widget B,10,21.0,210.0,John Smith
ORD95092,2024-06-21,Service Plan,4,44.99,179.96,John Chen
ORD95095,2024-07-12,Service Plan,8,4999.0,39992.0,Ayesha Patel
ORD95102,2024-11-05,Gadget Y,7,6.0,42.0,John Khan
ORD95106,2024-12-02,Widget B,7,19.99,139.93,Ali Iqbal
ORD95107,2024-07-03,Service Plan,1,49.99,49.99,Hassan Hussain
ORD95113,2024-11-20,Gadget Y,5,5.49,27.45,Sara Ahmed
ORD95116,2024-11-29,Widget B,10,17.99,179.91,Ayesha Khan
ORD95118,2024-11-19,Widget B,4,19.99,79.96,Noor Khan
ORD95137,2024-10-29,Gadget Y,7,5.49,38.43,Ali Hussain
ORD95137,2024-11-25,Gadget X,3,7.0,21.0,Ayesha Reyes
ORD95147,2024-12-30,Widget B,5,19.99,99.95,Ali Hussain
ORD95176,2024-10-24,Gadget X,4,7.0,28.0,Hassan Garcia
ORD95191,2024-08-25,Widget B,3,19.99,59.0,Fatima Patel
ORD95193,2024-07-06,Widget B,9,19.99,179.91,Noor Smith
ORD95199,2024-07-13,Gadget Y,6,5.0,30.0,Ayesha Ahmed
ORD95215,2024-07-02,Gadget Y,4,549.0,2196.0,Omar Hussain
ORD95225,2024-06-25,Gadget Y,6,4.94,29.65,Ayesha Smith
ORD95227,2024-10-24,Service Plan,1,49.0,49.0,Ayesha Reyes
ORD95227,2024-12-07,Widget A,2,1250.0,2500.0,Ayesha Iqbal
ORD95235,2024-06-11,Service Plan,7,49.99,349.93,Ayesha Garcia
ORD95240,2024-06-25,Widget B,3,17.99,53.97,Noor Chen
ORD95262,2024-11-23,Service Plan,4,44.99,179.96,Fatima Lee
ORD95276,2024-07-06,Widget A,6,11.25,67.5,Sara Reyes
ORD95289,2024-10-22,Widget A,7,12.5,87.5,John Garcia
ORD95291,2024-07-11,Widget B,1,19.99,19.99,Ayesha Iqbal
ORD95301,2024-07-19,Gadget X,4,700.0,2800.0,Ali Reyes
ORD95307,2024-12-14,Widget B,7,19.99,139.0,Maria Garcia
ORD95310,2024-09-16,Service Plan,6,44.0,269.0,Hassan Ahmed
ORD95344,2024-08-20,Widget B,10,19.99,199.9,Fatima Reyes
ORD95359,2024-06-23,Widget B,10,17.99,179.91,Noor Chen
ORD95377,2024-10-18,Gadget X,8,7.0,56.0,John Khan
ORD95379,2024-10-12,Gadget X,8,7.0,56.0,Ali Iqbal
ORD95389,2024-08-16,Widget B,3,17.99,53.97,Hassan Khan
ORD95397,2024-07-20,Gadget X,9,7.0,63.0,Ayesha Lee
ORD95408,2024-08-14,Widget B,2,21.99,43.98,Ayesha Ahmed
ORD95430,2024-06-08,Service Plan,1,44.0,44.0,John Hussain
ORD95435,2024-10-11,Service Plan,1,4999.0,4999.0,Hassan Patel
ORD95438,2024-11-13,Widget A,2,11.25,22.5,Noor Khan
ORD95442,2024-07-30,Widget B,10,17.99,179.0,Ali Hussain
ORD95453,2024-11-20,Widget A,7,12.0,84.0,Omar Smith
ORD95462,2024-07-27,Widget A,6,1375.0,8250.0,John Garcia
ORD95472,2024-08-01,Widget A,7,1125.0,7875.0,Sara Reyes
ORD95496,2024-12-26,Gadget Y,9,4.94,44.0,Sara Hussain
ORD95517,2024-04-12,Gadget X,8,7.0,56.0,Omar Garcia
ORD95532,2024-10-22,Service Plan,4,49.99,199.96,Fatima Garcia
ORD95540,2024-08-26,Widget A,9,11.25,101.25,John Patel
ORD95567,2024-12-04,Gadget X,10,7.0,70.0,Maria Ahmed
ORD95575,2024-09-30,Gadget Y,4,5.49,21.96,Zain Khan
ORD95598,2024-04-08,Gadget X,9,7.7,69.3,John Iqbal
ORD95600,2024-09-17,Gadget X,7,7.0,49.0,John Reyes
ORD95601,2024-11-19,Gadget Y,5,549.0,2745.0,Zain Iqbal
ORD95626,2024-09-23,Service Plan,9,44.99,404.92,Fatima Lee
ORD95639,2024-03-06,Widget A,7,11.0,77.0,Hassan Lee
ORD95657,2024-10-22,Gadget Y,5,5.49,27.45,Sara Khan
ORD95672,2024-08-19,Service Plan,1,49.99,49.99,Omar Hussain
ORD95678,2024-07-25,Widget B,2,19.99,39.98,Zain Reyes
ORD95686,2024-10-06,Gadget X,1,7.0,7.0,Sara Smith
ORD95692,2024-09-30,Gadget Y,9,549.0,4941.0,John Iqbal
ORD95705,2024-09-29,Gadget Y,4,5.0,20.0,Fatima Lee
ORD95709,2024-12-16,Widget B,6,2199.0,13194.0,Zain Ahmed
ORD95714,2024-11-17,Gadget X,4,6.0,24.0,Hassan Hussain
ORD95715,2024-09-30,Widget B,10,19.0,190.0,Hassan Lee
ORD95722,2024-06-14,Service Plan,7,54.99,384.93,Ali Iqbal
ORD95725,2024-09-02,Widget B,8,19.99,159.92,Noor Hussain
ORD95725,2024-10-11,Gadget Y,5,5.49,27.45,Fatima Lee
ORD95772,2024-08-21,Widget B,8,2199.0,17591.0,Noor Iqbal
ORD95791,2024-07-19,Gadget Y,3,4.94,14.82,Zain Chen
ORD95793,2024-12-31,Gadget X,10,7.0,70.0,John Smith
ORD95806,2024-07-25,Service Plan,1,49.99,49.0,Hassan Iqbal
ORD95815,2024-08-31,Widget B,1,21.99,21.99,Maria Hussain
ORD95838,2024-12-12,Service Plan,10,49.99,499.9,Ali Hussain
ORD95843,2024-07-19,Widget B,7,17.99,125.93,Ali Khan
ORD95850,2024-09-29,Service Plan,8,49.99,399.92,Fatima Khan
ORD95885,2024-07-21,Gadget Y,4,4.94,19.76,Maria Iqbal
ORD95886,2024-09-24,Gadget X,4,6.0,24.0,Hassan Reyes
ORD95887,2024-06-06,Gadget X,3,7.0,21.0,Omar Smith
ORD95897,2024-06-18,Service Plan,6,4499.0,26994.0,Ayesha Hussain
ORD95903,2024-07-10,Widget B,7,19.99,139.93,Fatima Iqbal
ORD95905,2024-07-31,Widget B,6,19.99,119.94,Sara Lee
ORD95909,2024-06-14,Gadget Y,1,5.49,5.49,Fatima Chen
ORD95910,2024-07-25,Gadget Y,4,4.94,19.76,Hassan Khan
ORD95913,2024-06-10,Gadget Y,5,5.0,25.0,Zain Reyes
ORD95918,2024-06-20,Widget B,8,21.0,168.0,Noor Hussain
ORD95948,2024-08-24,Gadget X,2,7.0,14.0,Maria Smith
ORD95976,2024-06-07,Service Plan,2,54.99,109.98,Omar Smith
ORD95977,2024-09-10,Widget B,6,19.99,119.94,Sara Hussain
ORD95989,2024-10-26,Gadget Y,7,5.0,35.0,John Chen
ORD95991,2024-10-07,Gadget X,6,7.0,42.0,Ali Chen
ORD95999,2024-07-16,Widget A,1,12.5,12.5,Fatima Garcia
ORD96002,2024-11-01,Gadget X,2,7.0,14.0,Maria Chen
ORD96004,2024-12-22,Widget A,8,12.5,100.0,Sara Lee
ORD96017,2024-07-18,Service Plan,7,49.99,349.93,Omar Khan
ORD96022,2024-08-01,Service Plan,4,49.99,199.96,Ali Reyes
ORD96025,2024-10-24,Widget A,2,1250.0,2500.0,Maria Reyes
ORD96032,2024-10-29,Gadget Y,5,494.0,2470.0,Fatima Hussain
ORD96037,2024-02-08,Service Plan,5,49.0,245.0,Zain Khan
ORD96042,2024-09-12,Widget B,6,17.0,102.0,Fatima Khan
ORD96060,2024-11-09,Service Plan,3,49.99,149.97,Omar Garcia
ORD96064,2024-12-09,Gadget Y,6,4.94,29.64,Omar Hussain
ORD96067,2024-08-13,Gadget X,2,6.0,12.0,Ayesha Chen
ORD96070,2024-10-31,Widget B,5,19.99,99.95,Zain Smith
ORD96084,2024-08-15,Service Plan,10,44.99,449.9,Hassan Chen
ORD96116,2024-08-29,Gadget X,5,7.0,35.0,Omar Garcia
ORD96117,2024-05-07,Gadget Y,6,6.0,36.0,Fatima Khan
ORD96120,2024-07-23,Service Plan,10,49.0,490.0,Fatima Chen
ORD96121,2024-07-21,Widget A,8,1250.0,10000.0,Hassan Patel
ORD96136,2024-07-15,Gadget Y,3,5.49,16.47,Zain Reyes
ORD96142,2024-08-06,Service Plan,1,54.0,54.99,Maria Khan
ORD96147,2024-02-09,Gadget Y,3,5.0,15.0,John Chen
ORD96150,2024-10-22,Widget A,7,12.5,87.5,Ali Hussain
ORD96154,2024-09-19,Gadget Y,1,4.94,4.94,Ayesha Lee
ORD96158,2024-11-09,Gadget Y,2,4.94,9.88,Maria Ahmed
ORD96160,2024-11-30,Service Plan,4,49.99,199.96,Maria Hussain
ORD96171,2024-08-26,Gadget Y,6,4.94,29.65,Ayesha Reyes
ORD96182,2024-12-05,Service Plan,4,54.0,219.96,Zain Smith
ORD96189,2024-08-14,Widget B,1,19.0,19.0,Hassan Chen
ORD96200,2024-10-11,Gadget Y,3,5.49,16.47,Fatima Ahmed
ORD96205,2024-06-22,Widget A,1,12.5,12.5,Omar Iqbal
ORD96212,2024-11-05,Gadget X,3,7.0,21.0,Noor Smith
ORD96213,2024-11-23,Service Plan,10,4999.0,49990.0,Fatima Hussain
ORD96215,2024-08-17,Widget B,2,2199.0,4398.0,Hassan Ahmed
ORD96223,2024-07-11,Service Plan,1,44.99,44.99,Omar Reyes
ORD96231,2024-12-15,Gadget Y,6,5.0,30.0,Fatima Patel
ORD96232,2024-03-12,Service Plan,8,4999.0,39992.0,Sara Hussain
ORD96240,2024-12-26,Gadget X,10,700.0,7000.0,Sara Chen
ORD96254,2024-06-30,Gadget X,1,7.0,7.0,Ali Iqbal
ORD96267,2024-09-18,Service Plan,1,49.99,49.99,Sara Lee
ORD96268,2024-09-06,Gadget Y,10,4.0,40.0,Sara Lee
ORD96269,2024-07-15,Widget B,7,19.99,139.93,Fatima Patel
ORD96274,2024-12-20,Gadget X,8,7.0,56.0,Noor Smith
ORD96275,2024-11-20,Widget A,7,12.5,87.5,Sara Reyes
ORD96282,2024-06-01,Widget B,5,19.0,95.0,Sara Reyes
ORD96284,2024-08-04,Widget B,8,19.99,159.92,Sara Reyes
ORD96299,2024-07-18,Widget A,2,13.0,26.0,John Chen
ORD96311,2024-07-17,Widget A,10,12.5,125.0,Hassan Khan
ORD96329,2024-10-07,Gadget Y,4,5.49,21.96,Fatima Ahmed
ORD96335,2024-09-13,Gadget Y,6,549.0,3294.0,Omar Garcia
ORD96337,2024-08-11,Service Plan,7,54.0,384.92,John Ahmed
ORD96338,2024-12-13,Widget A,5,13.75,68.0,Maria Iqbal
ORD96340,2024-09-07,Service Plan,1,5499.0,5499.0,Sara Hussain
ORD96359,2024-12-10,Service Plan,6,49.99,299.0,Maria Garcia
ORD96363,2024-10-12,Gadget X,8,7.0,56.0,Fatima Ahmed
ORD96363,2024-10-25,Gadget Y,6,4.94,29.65,Fatima Hussain
ORD96367,2024-10-21,Widget A,9,11.0,99.0,Fatima Smith
ORD96369,2024-09-08,Gadget Y,1,5.49,5.49,Ayesha Smith
ORD96378,2024-09-22,Gadget Y,7,6.04,42.27,Zain Garcia
ORD96381,2024-08-01,Widget B,6,2199.0,13194.0,Noor Smith
ORD96396,2024-09-23,Gadget X,3,7.0,21.0,Ali Hussain
ORD96420,2024-11-26,Widget A,7,12.5,87.5,Noor Ahmed
ORD96423,2024-07-08,Widget A,4,11.0,44.0,John Hussain
ORD96429,2024-09-17,Service Plan,10,44.99,449.91,Ayesha Khan
ORD96430,2024-12-17,Gadget X,3,7.0,21.0,Noor Reyes
ORD96439,2024-11-13,Widget B,2,19.99,39.98,Fatima Iqbal
ORD96441,2024-09-17,Gadget Y,3,5.0,15.0,Ayesha Chen
ORD96449,2024-09-02,Widget A,6,1125.0,6750.0,Sara Chen
ORD96472,2024-08-10,Service Plan,6,4499.0,26994.0,Omar Khan
ORD96495,2024-08-05,Widget B,1,21.99,21.99,Ali Smith
ORD96498,2024-08-12,Widget A,5,12.5,62.5,Ali Lee
ORD96512,2024-07-13,Gadget X,8,6.3,50.4,Fatima Patel
ORD96520,2024-09-01,Widget A,1,12.5,12.5,Sara Hussain
ORD96535,2024-10-12,Widget B,7,19.99,139.93,Omar Chen
ORD96539,2024-11-02,Widget A,5,12.5,62.5,Sara Patel
ORD96546,2024-10-17,Gadget X,3,7.0,21.0,Ali Lee
ORD96550,2024-11-13,Widget B,10,21.99,219.9,Fatima Iqbal
ORD96551,2024-11-17,Widget A,3,12.5,37.0,Sara Reyes
ORD96574,2024-06-05,Gadget Y,3,494.0,1482.0,Fatima Garcia
ORD96574,2024-12-02,Gadget X,7,7.0,49.0,Maria Hussain
ORD96584,2024-06-01,Widget B,6,1999.0,11994.0,Sara Khan
ORD96605,2024-12-05,Gadget X,10,7.0,70.0,Fatima Patel
ORD96621,2024-09-29,Widget B,3,1799.0,5397.0,Omar Patel
ORD96629,2024-07-03,Widget B,8,17.99,143.93,Ali Khan
ORD96634,2024-06-28,Widget B,8,21.0,168.0,Omar Lee
ORD96646,2024-07-06,Widget B,1,19.99,19.99,John Khan
ORD96649,2024-12-05,Widget A,10,1250.0,12500.0,Omar Lee
ORD96650,2024-08-10,Gadget X,1,7.7,7.7,Fatima Chen
ORD96651,2024-06-15,Service Plan,5,5499.0,27495.0,John Reyes
ORD96660,2024-09-09,Widget B,10,19.0,190.0,Maria Lee
ORD96668,2024-10-09,Widget A,4,1375.0,5500.0,Fatima Ahmed
ORD96678,2024-08-09,Widget B,2,19.99,39.98,Noor Reyes
ORD96698,2024-12-16,Widget B,8,19.99,159.92,Sara Smith
ORD96708,2024-07-08,Widget B,2,21.99,43.98,Sara Garcia
ORD96719,2024-08-14,Gadget Y,7,6.04,42.27,Noor Reyes
ORD96725,2024-09-24,Widget B,10,1999.0,19990.0,Hassan Ahmed
ORD96746,2024-12-15,Gadget X,5,6.3,31.5,Sara Reyes
ORD96748,2024-07-24,Widget B,7,21.99,153.92,John Iqbal
ORD96756,2024-11-28,Widget A,10,12.5,125.0,Omar Garcia
ORD96770,2024-06-30,Service Plan,8,49.99,399.92,Omar Chen
ORD96777,2024-10-08,Gadget Y,6,4.94,29.64,Ayesha Khan
ORD96787,2024-09-09,Widget B,10,1999.0,19990.0,Sara Iqbal
ORD96790,2024-01-12,Widget A,3,12.5,37.5,Noor Khan
ORD96801,2024-11-23,Widget A,1,1250.0,1250.0,Noor Reyes
ORD96802,2024-09-28,Widget B,9,1999.0,17991.0,John Chen
ORD96804,2024-11-04,Gadget Y,2,4.94,9.88,Zain Ahmed
ORD96808,2024-07-31,Gadget X,1,6.3,6.3,Maria Lee
ORD96816,2024-09-04,Service Plan,10,44.0,440.0,Maria Garcia
ORD96845,2024-09-27,Widget B,8,17.99,143.93,Fatima Garcia
ORD96849,2024-11-19,Widget A,10,13.75,137.5,Hassan Garcia
ORD96856,2024-08-23,Service Plan,7,44.99,314.93,Maria Chen
ORD96858,2024-01-08,Service Plan,3,44.99,134.97,Fatima Hussain
ORD96862,2024-07-29,Gadget X,5,7.0,35.0,Hassan Iqbal
ORD96870,2024-10-12,Service Plan,7,54.99,384.92,Noor Chen
ORD96880,2024-08-24,Widget A,6,12.0,72.0,John Ahmed
ORD96891,2024-10-23,Gadget X,7,6.3,44.1,Zain Khan
ORD96895,2024-11-24,Widget B,2,19.99,39.98,John Iqbal
ORD96904,2024-12-16,Widget A,2,12.0,24.0,Ayesha Garcia
ORD96909,2024-12-31,Gadget Y,1,5.0,5.0,Noor Ahmed
ORD96913,2024-09-19,Service Plan,6,49.0,294.0,Maria Lee
ORD96944,2024-06-11,Widget A,5,12.0,59.0,Hassan Garcia
ORD96947,2024-07-19,Gadget X,4,700.0,2800.0,Sara Ahmed
ORD96960,2024-11-30,Service Plan,5,49.0,245.0,John Lee
ORD96966,2024-01-07,Service Plan,2,54.99,109.98,Hassan Patel
ORD96974,2024-07-25,Widget B,6,21.0,126.0,Noor Hussain
ORD96974,2024-08-24,Widget B,4,17.99,71.96,Zain Garcia
ORD96978,2024-06-02,Widget B,4,19.99,79.96,Sara Chen
ORD96980,2024-08-03,Service Plan,5,49.0,245.0,Ayesha Garcia
ORD97002,2024-02-09,Widget A,2,12.5,25.0,Ali Hussain
ORD97017,2024-05-12,Service Plan,2,4499.0,8998.0,Omar Smith
ORD97025,2024-07-10,Gadget X,7,7.7,53.9,Ayesha Iqbal
ORD97035,2024-11-24,Gadget X,10,7.7,77.0,Hassan Reyes
ORD97043,2024-08-04,Widget A,8,12.0,95.0,Ali Reyes
ORD97049,2024-10-15,Service Plan,9,54.99,494.9,Hassan Patel
ORD97060,2024-12-19,Widget B,3,1999.0,5997.0,Hassan Patel
ORD97070,2024-07-31,Service Plan,10,49.0,490.0,Ali Ahmed
ORD97073,2024-12-04,Widget A,10,12.0,120.0,Noor Khan
ORD97075,2024-08-19,Service Plan,9,54.0,486.0,Hassan Smith
ORD97081,2024-07-25,Gadget Y,4,5.49,21.96,Omar Khan
ORD97106,2024-10-12,Gadget X,6,7.0,42.0,Sara Hussain
ORD97114,2024-07-28,Widget B,6,19.99,119.94,Zain Ahmed
ORD97119,2024-10-12,Widget A,8,12.0,96.0,Omar Garcia
ORD97121,2024-09-17,Widget A,5,11.25,56.25,Sara Hussain
ORD97141,2024-11-20,Service Plan,8,49.0,392.0,Ayesha Chen
ORD97148,2024-10-22,Service Plan,10,49.99,499.9,Fatima Hussain
ORD97163,2024-03-08,Widget B,10,21.0,210.0,Fatima Ahmed
ORD97172,2024-08-07,Service Plan,6,49.0,299.0,John Ahmed
ORD97179,2024-10-06,Widget A,7,11.25,78.75,John Iqbal
ORD97186,2024-08-24,Gadget X,8,770.0,6160.0,John Hussain
ORD97195,2024-07-30,Gadget X,5,7.0,35.0,Omar Garcia
ORD97205,2024-10-28,Widget A,2,12.0,24.0,Fatima Reyes
ORD97266,2024-06-16,Gadget X,2,7.0,14.0,Zain Reyes
ORD97279,2024-10-29,Gadget Y,6,494.0,2964.0,John Patel
ORD97281,2024-10-28,Gadget Y,9,5.49,49.41,Omar Garcia
ORD97286,2024-08-13,Service Plan,4,54.99,219.96,Fatima Iqbal
ORD97295,2024-11-15,Service Plan,5,54.99,274.95,Zain Ahmed
ORD97302,2024-08-28,Gadget Y,2,5.49,10.98,Fatima Garcia
ORD97304,2024-12-07,Widget B,2,19.99,39.98,Zain Chen
ORD97334,2024-10-05,Widget A,6,13.0,78.0,Sara Khan
ORD97342,2024-10-03,Widget B,5,1799.0,8995.0,Noor Hussain
ORD97363,2024-09-14,Gadget Y,8,549.0,4392.0,John Khan
ORD97396,2024-08-07,Widget B,2,1999.0,3998.0,Omar Lee
ORD97400,2024-06-21,Widget A,1,12.5,12.5,Fatima Lee
ORD97405,2024-09-27,Widget B,3,17.99,53.97,Hassan Garcia
ORD97432,2024-08-16,Widget A,5,1125.0,5625.0,Sara Smith
ORD97438,2024-11-18,Service Plan,5,49.0,245.0,Sara Patel
ORD97439,2024-10-19,Service Plan,3,54.99,164.97,Sara Hussain
ORD97446,2024-08-16,Gadget Y,7,5.0,35.0,Zain Smith
ORD97462,2024-12-12,Gadget Y,4,4.94,19.76,Ali Hussain
ORD97485,2024-04-08,Widget B,3,21.99,65.97,Ali Chen
ORD97486,2024-09-26,Service Plan,3,49.99,149.97,Ayesha Patel
ORD97500,2024-12-15,Gadget X,5,7.0,35.0,Ali Garcia
ORD97507,2024-09-05,Gadget Y,6,604.0,3624.0,Ali Lee
ORD97510,2024-12-21,Gadget X,9,7.0,63.0,John Hussain
ORD97525,2024-06-29,Widget B,7,21.0,147.0,Fatima Khan
ORD97532,2024-12-27,Widget B,7,19.99,139.93,Maria Khan
ORD97536,2024-07-22,Widget B,5,21.0,105.0,John Khan
ORD97539,2024-10-18,Gadget X,5,7.0,35.0,Omar Garcia
ORD97540,2024-12-20,Widget A,5,12.5,62.5,Maria Reyes
ORD97553,2024-10-24,Widget B,3,19.99,59.97,Ali Khan
ORD97560,2024-08-10,Gadget Y,5,5.49,27.45,Hassan Khan
ORD97573,2024-12-04,Widget A,5,12.0,60.0,Maria Ahmed
ORD97575,2024-10-08,Widget A,8,1250.0,10000.0,John Chen
ORD97584,2024-06-13,Widget A,7,12.5,87.5,Ayesha Chen
ORD97592,2024-06-10,Widget B,3,17.0,51.0,Sara Khan
ORD97598,2024-11-18,Service Plan,8,54.99,439.91,Fatima Smith
ORD97608,2024-06-28,Service Plan,10,44.0,440.0,Hassan Garcia
ORD97629,2024-12-31,Service Plan,8,49.99,399.92,Hassan Khan
ORD97635,2024-06-21,Widget B,2,19.99,39.98,Noor Garcia
ORD97639,2024-10-14,Widget B,2,19.0,38.0,Ali Reyes
ORD97653,2024-11-02,Widget A,2,1125.0,2250.0,Fatima Lee
ORD97656,2024-10-15,Widget A,8,12.5,100.0,Noor Khan
ORD97665,2024-06-29,Service Plan,9,44.0,396.0,Noor Garcia
ORD97673,2024-06-13,Widget A,2,11.25,22.5,Zain Khan
ORD97691,2024-12-05,Gadget X,2,7.0,14.0,Zain Ahmed
ORD97697,2024-09-02,Widget B,10,19.0,190.0,Ali Garcia
ORD97703,2024-09-07,Gadget X,1,7.0,7.0,Hassan Chen
ORD97703,2024-11-27,Widget B,1,17.99,17.99,Ayesha Patel
ORD97710,2024-07-05,Widget A,4,12.5,50.0,Zain Lee
ORD97710,2024-11-02,Gadget X,10,6.0,60.0,Zain Garcia
ORD97713,2024-06-19,Gadget X,7,7.7,53.9,Fatima Chen
ORD97719,2024-10-05,Gadget Y,4,5.0,20.0,Maria Khan
ORD97763,2024-12-16,Gadget Y,9,5.0,45.0,Maria Reyes
ORD97770,2024-10-20,Gadget X,5,700.0,3500.0,John Ahmed
ORD97775,2024-06-09,Gadget X,3,6.3,18.9,Maria Chen
ORD97782,2024-12-01,Gadget X,4,7.0,28.0,Ali Reyes
ORD97789,2024-12-07,Gadget Y,7,4.0,28.0,Fatima Ahmed
ORD97802,2024-10-14,Widget A,8,12.5,100.0,Hassan Khan
ORD97808,2024-08-28,Widget A,5,13.0,65.0,John Chen
ORD97810,2024-09-08,Service Plan,7,49.99,349.93,Noor Smith
ORD97820,2024-11-29,Gadget Y,1,5.49,5.49,Fatima Hussain
ORD97832,2024-11-08,Widget B,1,19.0,19.0,Fatima Patel
ORD97835,2024-07-02,Widget B,6,19.0,114.0,Ayesha Patel
ORD97835,2024-12-21,Gadget X,8,630.0,5040.0,Sara Ahmed
ORD97852,2024-12-23,Gadget X,7,7.0,49.0,Sara Iqbal
ORD97856,2024-12-09,Gadget Y,8,6.04,48.32,Hassan Smith
ORD97859,2024-09-27,Gadget X,7,7.0,49.0,Fatima Smith
ORD97864,2024-12-07,Service Plan,3,49.99,149.97,Maria Lee
ORD97872,2024-09-27,Widget A,6,12.0,72.0,Fatima Garcia
ORD97878,2024-07-13,Widget B,4,19.0,76.0,Noor Reyes
ORD97887,2024-06-24,Service Plan,7,4499.0,31493.0,Maria Smith
ORD97888,2024-06-05,Gadget Y,4,4.94,19.76,Zain Ahmed
ORD97908,2024-12-23,Widget A,9,12.5,112.5,John Smith
ORD97933,2024-11-05,Widget B,7,21.0,147.0,Omar Lee
ORD97938,2024-10-26,Widget B,3,21.99,65.97,Maria Garcia
ORD97950,2024-09-11,Gadget Y,5,549.0,2745.0,Hassan Chen
ORD97955,2024-12-23,Widget B,10,21.0,210.0,Hassan Ahmed
ORD97959,2024-07-28,Service Plan,9,49.99,449.91,Zain Smith
ORD97963,2024-12-13,Widget A,1,12.5,12.5,John Patel
ORD97966,2024-10-10,Gadget X,4,7.0,28.0,Fatima Iqbal
ORD97973,2024-06-01,Widget B,9,2199.0,19790.0,Hassan Chen
ORD97981,2024-11-21,Gadget Y,3,604.0,1812.0,Ayesha Ahmed
ORD98005,2024-07-26,Service Plan,8,44.99,359.92,Ali Hussain
ORD98024,2024-08-26,Widget B,3,1799.0,5397.0,Hassan Lee
ORD98040,2024-10-14,Widget A,3,12.5,37.5,Hassan Hussain
ORD98063,2024-10-30,Widget B,6,19.99,119.94,Ayesha Chen
ORD98066,2024-10-14,Gadget X,1,7.0,7.0,Ayesha Khan
ORD98082,2024-09-01,Service Plan,8,49.99,399.92,Ayesha Reyes
ORD98084,2024-09-12,Widget A,6,13.75,82.5,Zain Ahmed
ORD98099,2024-08-07,Gadget X,8,7.0,56.0,Zain Khan
ORD98101,2024-08-19,Widget B,4,19.99,79.96,John Iqbal
ORD98106,2024-09-03,Widget A,4,1125.0,4500.0,Hassan Lee
ORD98107,2024-06-30,Widget A,6,1125.0,6750.0,Zain Hussain
ORD98117,2024-09-27,Service Plan,10,49.99,499.9,Ali Chen
ORD98120,2024-11-01,Widget A,7,1250.0,8750.0,John Patel
ORD98121,2024-08-29,Widget B,5,19.99,99.95,Omar Garcia
ORD98130,2024-07-20,Gadget X,7,770.0,5390.0,Zain Lee
ORD98138,2024-07-30,Widget B,4,19.99,79.96,Maria Iqbal
ORD98156,2024-12-03,Service Plan,7,49.99,349.93,Noor Chen
ORD98166,2024-12-10,Gadget Y,9,6.04,54.35,Maria Hussain
ORD98167,2024-10-02,Gadget X,6,700.0,4200.0,Ali Reyes
ORD98172,2024-07-15,Gadget Y,9,6.04,54.35,Zain Khan
ORD98174,2024-08-06,Gadget Y,5,494.0,2470.0,Ayesha Lee
ORD98181,2024-11-24,Service Plan,1,49.99,49.0,John Patel
ORD98182,2024-12-14,Gadget Y,3,5.49,16.47,Zain Iqbal
ORD98188,2024-12-09,Gadget X,10,7.7,77.0,Ali Patel
ORD98208,2024-06-13,Gadget Y,7,604.0,4227.0,John Smith
ORD98209,2024-09-08,Gadget X,7,7.0,49.0,Maria Ahmed
ORD98219,2024-10-19,Gadget Y,3,6.04,18.12,Hassan Ahmed
ORD98226,2024-09-13,Widget B,4,19.99,79.96,Ali Patel
ORD98228,2024-07-03,Widget A,3,1250.0,3750.0,Ayesha Smith
ORD98234,2024-12-11,Widget A,5,12.0,59.38,Ayesha Patel
ORD98238,2024-09-26,Gadget Y,7,5.49,38.43,Ayesha Ahmed
ORD98239,2024-06-19,Gadget X,5,6.0,30.0,Sara Patel
ORD98247,2024-10-08,Widget B,5,1999.0,9995.0,Ali Patel
ORD98248,2024-10-20,Widget A,10,1375.0,13750.0,Hassan Khan
ORD98262,2024-12-11,Gadget X,10,7.7,77.0,Ayesha Khan
ORD98270,2024-08-21,Widget A,2,11.25,22.5,Hassan Lee
ORD98275,2024-12-29,Widget A,6,11.25,67.5,Maria Reyes
ORD98288,2024-07-14,Gadget Y,7,5.49,38.43,Zain Smith
ORD98308,2024-05-07,Widget B,8,21.99,175.92,Ayesha Ahmed
ORD98312,2024-08-25,Service Plan,5,44.0,224.0,Hassan Iqbal
ORD98313,2024-06-16,Widget B,6,19.99,119.0,Ali Iqbal
ORD98317,2024-10-07,Widget A,2,13.75,27.5,Ali Lee
ORD98328,2024-06-07,Widget B,1,19.99,19.99,John Hussain
ORD98329,2024-08-24,Service Plan,6,4999.0,29994.0,Fatima Ahmed
ORD98339,2024-06-24,Widget B,8,19.99,159.92,Ali Khan
ORD98346,2024-09-19,Widget B,2,19.99,39.98,Maria Garcia
ORD98347,2024-12-13,Gadget Y,1,5.49,5.49,Noor Garcia
ORD98352,2024-07-31,Gadget X,10,6.3,63.0,Hassan Khan
ORD98356,2024-10-29,Widget B,1,1999.0,1999.0,Omar Chen
ORD98357,2024-07-21,Gadget Y,7,5.49,38.43,Sara Hussain
ORD98360,2024-10-21,Service Plan,4,49.0,196.0,Ali Lee
ORD98374,2024-11-18,Service Plan,4,49.0,196.0,Ali Iqbal
ORD98377,2024-07-09,Widget B,4,19.99,79.96,Fatima Lee
ORD98383,2024-07-19,Widget A,3,1250.0,3750.0,Maria Chen
ORD98388,2024-11-09,Widget A,7,13.75,96.0,Hassan Smith
ORD98407,2024-09-26,Gadget Y,2,5.0,10.0,Zain Patel
ORD98414,2024-06-13,Service Plan,8,44.0,352.0,Maria Hussain
ORD98424,2024-07-15,Widget A,6,11.25,67.5,John Hussain
ORD98428,2024-12-05,Widget B,5,1999.0,9995.0,Maria Patel
ORD98472,2024-10-09,Gadget Y,1,5.49,5.49,Maria Smith
ORD98495,2024-08-16,Service Plan,3,49.99,149.97,Ali Lee
ORD98507,2024-10-22,Service Plan,1,54.99,54.99,Hassan Reyes
ORD98513,2024-08-07,Widget B,1,19.99,19.99,Hassan Ahmed
ORD98522,2024-07-09,Widget B,2,1999.0,3998.0,Ayesha Patel
ORD98531,2024-09-11,Widget A,10,12.5,125.0,Maria Lee
ORD98546,2024-06-05,Widget B,7,21.99,153.92,Noor Hussain
ORD98565,2024-06-04,Widget A,9,13.0,117.0,Fatima Khan
ORD98572,2024-09-03,Gadget X,9,7.0,63.0,Omar Garcia
ORD98580,2024-08-31,Widget B,5,19.0,95.0,Maria Reyes
ORD98586,2024-12-15,Widget B,10,1799.0,17990.0,Zain Reyes
ORD98603,2024-12-16,Widget B,10,19.99,199.9,Maria Garcia
ORD98612,2024-11-07,Gadget Y,2,5.49,10.98,Zain Khan
ORD98635,2024-09-09,Gadget Y,3,4.0,12.0,Omar Chen
ORD98636,2024-10-21,Gadget X,10,6.3,63.0,Ali Smith
ORD98649,2024-12-01,Widget B,5,1999.0,9995.0,Noor Patel
ORD98651,2024-12-29,Widget B,5,17.99,89.95,Zain Ahmed
ORD98657,2024-11-25,Gadget X,3,6.0,18.0,Sara Patel
ORD98662,2024-07-05,Gadget Y,3,5.0,15.0,Ali Ahmed
ORD98671,2024-06-22,Widget B,5,1999.0,9995.0,Hassan Chen
ORD98690,2024-08-09,Gadget X,5,7.0,35.0,Ali Lee
ORD98700,2024-07-14,Gadget Y,8,5.0,40.0,John Khan
ORD98705,2024-08-20,Gadget Y,2,5.49,10.98,Maria Hussain
ORD98707,2024-12-24,Service Plan,5,54.99,274.95,Fatima Smith
ORD98712,2024-10-13,Gadget Y,10,494.0,4940.0,Fatima Reyes
ORD98716,2024-08-23,Widget B,2,19.0,38.0,Ayesha Ahmed
ORD98718,2024-11-07,Gadget Y,6,5.0,30.0,Zain Smith
ORD98722,2024-08-29,Gadget X,5,7.0,35.0,Sara Patel
ORD98727,2024-11-20,Service Plan,4,49.99,199.96,Zain Hussain
ORD98733,2024-10-06,Gadget Y,1,5.49,5.49,Noor Iqbal
ORD98739,2024-06-28,Widget B,10,19.99,199.9,Zain Khan
ORD98747,2024-09-03,Service Plan,5,54.99,274.95,Zain Smith
ORD98752,2024-07-05,Gadget X,6,7.0,42.0,Sara Ahmed
ORD98756,2024-09-09,Widget B,8,19.99,159.92,John Smith
ORD98779,2024-06-11,Widget B,2,19.99,39.98,Noor Ahmed
ORD98779,2024-09-05,Gadget X,7,6.0,42.0,Ali Chen
ORD98809,2024-09-03,Service Plan,6,49.99,299.94,Omar Chen
ORD98824,2024-08-08,Widget B,1,19.99,19.99,Ayesha Ahmed
ORD98849,2024-12-05,Widget B,4,17.99,71.96,Ayesha Chen
ORD98865,2024-11-25,Widget B,2,19.99,39.98,Maria Iqbal
ORD98866,2024-08-03,Gadget X,10,7.0,70.0,Omar Garcia
ORD98886,2024-08-31,Widget A,8,11.25,90.0,Maria Chen
ORD98900,2024-10-22,Service Plan,3,44.0,132.0,Zain Patel
ORD98912,2024-12-28,Widget A,6,12.5,75.0,John Smith
ORD98914,2024-07-06,Widget A,5,12.5,62.5,Sara Khan
ORD98918,2024-09-11,Gadget X,2,6.3,12.6,Hassan Hussain
ORD98921,2024-06-21,Widget B,3,17.0,51.0,John Smith
ORD98931,2024-07-19,Service Plan,3,54.99,164.97,Zain Hussain
ORD98934,2024-08-12,Widget B,8,19.99,159.92,Ali Chen
ORD98937,2024-10-18,Widget B,1,17.99,17.99,Omar Smith
ORD98940,2024-11-08,Gadget Y,8,5.49,43.92,Zain Iqbal
ORD98944,2024-09-11,Service Plan,8,54.99,439.92,Hassan Patel
ORD98954,2024-09-22,Gadget Y,8,5.49,43.92,Ali Patel
ORD98958,2024-02-09,Gadget Y,10,5.49,54.9,Ayesha Garcia
ORD98963,2024-11-23,Gadget X,10,7.0,70.0,Sara Khan
ORD98965,2024-09-19,Gadget X,5,7.0,35.0,John Iqbal
ORD98967,2024-07-27,Widget B,7,19.99,139.93,Noor Patel
ORD98979,2024-12-24,Service Plan,9,49.0,441.0,Hassan Chen
ORD98980,2024-06-01,Gadget Y,3,5.0,15.0,Noor Lee
ORD98995,2024-06-12,Service Plan,4,44.99,179.0,John Hussain
ORD99018,2024-08-29,Gadget Y,2,5.0,10.0,Omar Ahmed
ORD99024,2024-06-13,Widget A,4,13.0,52.0,Fatima Khan
ORD99037,2024-12-26,Widget A,3,13.75,41.25,Ayesha Smith
ORD99070,2024-10-29,Service Plan,3,49.99,149.97,Sara Smith
ORD99071,2024-07-05,Gadget Y,10,5.0,50.0,Omar Garcia
ORD99071,2024-12-29,Service Plan,9,49.0,449.0,Zain Patel
ORD99119,2024-07-31,Gadget X,5,7.0,35.0,Sara Lee
ORD99119,2024-12-12,Service Plan,10,49.99,499.9,Sara Smith
ORD99120,2024-08-01,Gadget X,5,7.7,38.5,Noor Iqbal
ORD99120,2024-09-02,Widget A,4,12.5,50.0,Omar Patel
ORD99129,2024-10-23,Gadget X,4,630.0,2520.0,Zain Hussain
ORD99135,2024-08-14,Widget B,9,17.99,161.91,Fatima Reyes
ORD99139,2024-10-13,Service Plan,3,49.99,149.97,Noor Garcia
ORD99142,2024-08-13,Gadget X,4,7.0,28.0,Fatima Patel
ORD99144,2024-07-25,Gadget Y,6,4.94,29.65,Sara Ahmed
ORD99166,2024-12-19,Gadget X,3,7.0,21.0,John Hussain
ORD99174,2024-10-31,Gadget Y,2,494.0,988.0,Fatima Smith
ORD99188,2024-11-05,Gadget X,3,700.0,2100.0,Fatima Garcia
ORD99194,2024-06-20,Gadget X,4,630.0,2520.0,Noor Patel
ORD99198,2024-12-28,Widget A,2,12.0,24.0,Ali Garcia
ORD99200,2024-06-07,Gadget X,9,7.0,63.0,Hassan Patel
ORD99209,2024-11-20,Widget A,7,11.0,77.0,Zain Khan
ORD99222,2024-07-07,Gadget X,9,7.0,63.0,Zain Smith
ORD99241,2024-10-28,Widget A,1,12.5,12.5,Maria Iqbal
ORD99245,2024-10-17,Widget B,6,21.99,131.94,Ali Chen
ORD99256,2024-07-24,Service Plan,7,54.99,384.92,Zain Iqbal
ORD99268,2024-08-07,Gadget X,4,6.3,25.2,Omar Iqbal
ORD99271,2024-10-25,Gadget X,3,770.0,2310.0,Fatima Chen
ORD99277,2024-11-14,Widget A,7,11.25,78.75,Omar Iqbal
ORD99284,2024-07-01,Gadget Y,8,5.0,40.0,Zain Iqbal
ORD99301,2024-08-24,Service Plan,5,54.99,274.95,Ayesha Khan
ORD99309,2024-08-21,Gadget X,8,7.0,56.0,Noor Smith
ORD99313,2024-12-10,Gadget X,10,7.0,70.0,Omar Lee
ORD99314,2024-12-25,Widget A,5,12.5,62.5,Hassan Chen
ORD99330,2024-10-02,Widget B,2,17.0,34.0,Hassan Iqbal
ORD99338,2024-10-19,Gadget X,8,7.0,56.0,Fatima Hussain
ORD99339,2024-08-26,Widget B,4,17.99,71.96,Ali Iqbal
ORD99347,2024-10-30,Service Plan,2,49.99,99.0,Fatima Garcia
ORD99374,2024-09-23,Gadget Y,5,4.0,20.0,Hassan Patel
ORD99383,2024-12-24,Widget A,6,11.0,66.0,Sara Reyes
ORD99399,2024-08-13,Service Plan,7,49.99,349.93,Omar Lee
ORD99411,2024-06-12,Widget A,8,1375.0,11000.0,Ayesha Garcia
ORD99420,2024-12-09,Widget A,1,11.25,11.25,Fatima Chen
ORD99428,2024-08-29,Widget A,7,12.0,84.0,Sara Lee
ORD99434,2024-07-29,Gadget Y,5,4.94,24.7,Ali Iqbal
ORD99439,2024-11-17,Service Plan,2,49.99,99.98,Ali Patel
ORD99458,2024-09-08,Widget A,2,11.25,22.5,Hassan Garcia
ORD99464,2024-06-04,Gadget X,1,770.0,770.0,Fatima Patel
ORD99515,2024-11-10,Widget A,3,1125.0,3375.0,John Chen
ORD99522,2024-06-05,Widget A,3,11.0,33.0,Hassan Garcia
ORD99523,2024-06-10,Gadget Y,6,4.94,29.64,Sara Garcia
ORD99526,2024-07-17,Service Plan,9,49.99,449.91,Maria Reyes
ORD99526,2024-10-20,Gadget Y,6,4.94,29.64,Zain Ahmed
ORD99551,2024-10-25,Widget A,1,12.5,12.5,Ali Smith
ORD99573,2024-08-28,Service Plan,4,49.0,196.0,Zain Reyes
ORD99576,2024-12-17,Widget B,9,19.99,179.91,Hassan Khan
ORD99582,2024-11-22,Service Plan,8,4999.0,39992.0,Fatima Lee
ORD99589,2024-12-06,Widget A,2,13.75,27.5,Fatima Iqbal
ORD99600,2024-06-30,Gadget Y,7,4.0,28.0,Zain Garcia
ORD99602,2024-12-30,Widget B,6,19.99,119.94,Ayesha Khan
ORD99614,2024-12-15,Widget A,9,1250.0,11250.0,Omar Lee
ORD99630,2024-07-03,Service Plan,1,44.99,44.99,Omar Chen
ORD99634,2024-07-10,Widget A,6,1250.0,7500.0,Omar Iqbal
ORD99638,2024-08-22,Gadget X,5,7.0,35.0,John Reyes
ORD99640,2024-11-03,Gadget X,8,7.0,56.0,Hassan Garcia
ORD99651,2024-06-15,Widget A,6,12.0,72.0,Noor Patel
ORD99661,2024-07-28,Widget A,5,13.75,68.75,Zain Hussain
ORD99668,2024-07-16,Service Plan,7,4999.0,34993.0,Maria Reyes
ORD99693,2024-07-12,Gadget Y,1,5.49,5.49,Ayesha Smith
ORD99705,2024-08-13,Widget B,2,21.0,42.0,Ali Khan
ORD99710,2024-07-31,Widget A,6,13.0,78.0,Fatima Ahmed
ORD99728,2024-06-30,Gadget X,10,7.0,70.0,Sara Hussain
ORD99743,2024-12-10,Widget B,10,19.99,199.9,Fatima Khan
ORD99746,2024-11-28,Gadget X,7,7.0,49.0,Maria Hussain
ORD99753,2024-06-17,Gadget Y,9,494.0,4446.0,Ayesha Khan
ORD99753,2024-09-16,Widget A,4,12.5,50.0,Omar Lee
ORD99756,2024-07-30,Widget B,3,19.99,59.97,Ali Khan
ORD99762,2024-07-09,Service Plan,5,49.0,245.0,Maria Chen
ORD99765,2024-09-03,Gadget X,7,7.0,49.0,Noor Smith
ORD99770,2024-06-03,Service Plan,10,44.99,449.91,Zain Ahmed
ORD99777,2024-09-26,Service Plan,6,49.99,299.94,Ayesha Reyes
ORD99783,2024-12-09,Gadget X,8,7.0,56.0,Ayesha Hussain
ORD99783,2024-12-14,Gadget X,2,7.0,14.0,John Ahmed
ORD99791,2024-09-24,Gadget Y,3,5.49,16.47,Fatima Garcia
ORD99795,2024-09-12,Gadget Y,1,6.0,6.04,Maria Khan
ORD99797,2024-09-03,Widget A,9,11.25,101.25,Maria Lee
ORD99808,2024-09-20,Service Plan,8,4999.0,39992.0,Sara Smith
ORD99816,2024-09-30,Gadget Y,3,5.49,16.47,Ayesha Iqbal
ORD99820,2024-09-25,Gadget X,9,770.0,6930.0,John Iqbal
ORD99821,2024-09-06,Service Plan,6,54.99,329.94,Omar Ahmed
ORD99839,2024-12-03,Gadget X,10,6.3,63.0,Noor Chen
ORD99859,2024-10-08,Widget A,1,1375.0,1375.0,Ayesha Patel
ORD99861,2024-08-03,Service Plan,6,5499.0,32994.0,Ali Lee
ORD99884,2024-12-10,Gadget Y,9,5.49,49.41,Hassan Hussain
ORD99907,2024-10-29,Widget A,4,1125.0,4500.0,Omar Hussain
ORD99927,2024-09-09,Gadget Y,5,6.0,30.0,Ali Reyes
ORD99954,2024-06-08,Service Plan,7,49.99,349.93,Ali Iqbal
ORD99965,2024-09-08,Widget B,10,21.99,219.0,Hassan Chen
ORD99966,2024-08-18,Service Plan,3,4999.0,14997.0,Ayesha Patel
ORD99969,2024-12-20,Gadget Y,2,4.94,9.88,Ali Hussain
ORD99988,2024-10-24,Service Plan,2,5499.0,10998.0,Maria Ahmed
